filterId,filterName,optionName,optionId,ID,synonyms
ACCESSIBILITY,Accessibility,Accessibility,accessibilityInfo,1,accessible room|wheelchair accessible|step-free access|disabled access|mobility accessible|wheelchair friendly|accessible facilities|reduced mobility access|prm friendly|accessibility info
BOARDBASIS,Boards,Gourmet Inclusive,AIG,2,gourmet all inclusive|gourmet inclusive|gourmet ai|all inclusive gourmet|gourmet-inclusive
BOARDBASIS,Boards,Ultra Inclusive,AIU,3,ultra all inclusive|ultra inclusive|ultra ai|ultra-inclusive|ultra all-inclusive
BOARDBASIS,Boards,Half Board,HB,4,half board|hb|breakfast and dinner|breakfast & dinner|2 meals a day
BOARDBASIS,Boards,Self Catering,SC,5,self catering|self-catering|sc|catering facilities|kitchenette|apartment with kitchen
BOARDBASIS,Boards,Room Only,RO,6,room only|ro|accommodation only|no meals included|stay only
BOARDBASIS,Boards,24-hour All Inclusive,A24,7,24 hour all inclusive|24-hour all inclusive|all inclusive 24/7|24/7 all inclusive|all inclusive all day|24hr all inclusive
BOARDBASIS,Boards,All Inclusive Plus,AI+,8,all inclusive plus|ai+|all-inclusive plus|all inclusive +|all inclusive premium
BOARDBASIS,Boards,Full Board,FB,9,"full board|fb|breakfast lunch and dinner|breakfast, lunch & dinner|3 meals a day"
BOARDBASIS,Boards,Bed & Breakfast,BB,10,bed and breakfast|bed & breakfast|b&b|bb|breakfast included|room and breakfast
BOARDBASIS,Boards,Self-catering Plus,SC+,11,self catering plus|self-catering plus|sc+|self catering +
BOARDBASIS,Boards,Half Board Plus,HB+,12,half board plus|half-board plus|hb+|half board +
BOARDBASIS,Boards,Full Board Plus,FB+,13,full board plus|full-board plus|fb+|full board +
BOARDBASIS,Boards,All Inclusive,AI,14,all inclusive|all-inclusive|ai|all inc|all-in
BOARDBASIS,Boards,Premium All Inclusive,PI,15,premium all inclusive|premium all-inclusive|premium ai|all inclusive premium
BOARDBASIS,Boards,As per Itinerary,IT,16,as per itinerary|as per the itinerary|meals as per itinerary|itinerary basis|as per schedule
BOARDBASIS,Boards,As Brochured,AB,17,as brochured|as per brochure|as per the brochure|brochure basis|as advertised
BOARDBASIS,Boards,Catered Chalet,SCC,18,catered chalet|fully catered chalet|chalet catering included|chalet with catering|hosted chalet
DESTINATIONS,Destination,Africa,AAA,19,africa|african holidays|african destinations
DESTINATIONS,Destination,Cape Verde,CPV,20,cape verde|cabo verde|cape verde islands
DESTINATIONS,Destination,Boa Vista,'004235',21,boa vista|boavista|boa vista cape verde
DESTINATIONS,Destination,Sal,'003838',22,sal|sal island|ilha do sal
DESTINATIONS,Destination,Mindelo,L38041,23,mindelo|mindelo cape verde
DESTINATIONS,Destination,Praia,L58162,24,praia|praia cape verde
DESTINATIONS,Destination,Egypt,EGY,25,egypt|holidays in egypt
DESTINATIONS,Destination,Aswan,'000847',26,aswan
DESTINATIONS,Destination,Cairo,'000849',27,cairo
DESTINATIONS,Destination,Edfu,L65205,28,edfu
DESTINATIONS,Destination,El Gouna,'001690',29,el gouna|elgouna
DESTINATIONS,Destination,Hurghada,'000851',30,hurghada
DESTINATIONS,Destination,Hurghada North,L70984,31,hurghada north|north hurghada
DESTINATIONS,Destination,Hurghada South,L70989,32,hurghada south|south hurghada
DESTINATIONS,Destination,Kom Ombo,L65204,33,kom ombo|komombo
DESTINATIONS,Destination,Luxor,'000852',34,luxor
DESTINATIONS,Destination,Marsa Alam,'003406',35,marsa alam|marsa alam egypt
DESTINATIONS,Destination,Sharm El Sheikh,'001544',36,sharm el sheikh|sharm el-sheikh|sharm el sheik|sharm
DESTINATIONS,Destination,Gambia,GMB,37,gambia|the gambia
DESTINATIONS,Destination,Kenya,KEN,38,kenya
DESTINATIONS,Destination,Bamburi,'002341',39,bamburi|bamburi beach
DESTINATIONS,Destination,Diani Beach,'001283',40,diani beach|diani
DESTINATIONS,Destination,Galu Beach,'002679',41,galu beach|galu
DESTINATIONS,Destination,Kilifi,'000536',42,kilifi
DESTINATIONS,Destination,Malindi,'000537',43,malindi
DESTINATIONS,Destination,Mombasa,'000133',44,mombasa
DESTINATIONS,Destination,Mauritius,MUS,45,mauritius
DESTINATIONS,Destination,Anse La Raie,'008088',46,anse la raie|anse-la-raie
DESTINATIONS,Destination,Bain Boeuf,L59624,47,bain boeuf|bain-bœuf|bain boeuf mauritius
DESTINATIONS,Destination,Balaclava,'008406',48,balaclava mauritius|balaclava
DESTINATIONS,Destination,Bel Ombre,'008092',49,bel ombre|bel-ombre|bel ombre mauritius
DESTINATIONS,Destination,Belle Mare,'002321',50,belle mare|belle-mare
DESTINATIONS,Destination,Blue Bay,'003895',51,blue bay|blue bay mauritius
DESTINATIONS,Destination,Calodyne,'008094',52,calodyne|calodyne mauritius
DESTINATIONS,Destination,Flic en Flac,'002087',53,flic en flac|flic-en-flac|flic en flacq
DESTINATIONS,Destination,Grand Baie,'002083',54,grand baie|grand-baie|grand bay
DESTINATIONS,Destination,Grand Gaube,'004444',55,grand gaube|grand-gaube
DESTINATIONS,Destination,Haute Rive,L57363,56,haute rive|haute-rive
DESTINATIONS,Destination,Le Morne,'002081',57,le morne|le-morne|le morne mauritius
DESTINATIONS,Destination,Mahebourg,L59002,58,mahebourg|mahébourg
DESTINATIONS,Destination,Mont Choisy,'002084',59,mont choisy|mont-choisy
DESTINATIONS,Destination,North Mauritius,'004227',60,north mauritius|northern mauritius
DESTINATIONS,Destination,Pointe aux Piments,'002322',61,pointe aux piments|pointe-aux-piments
DESTINATIONS,Destination,Port Louis,'002082',62,port louis|port-louis
DESTINATIONS,Destination,Poste Lafayette,L57362,63,poste lafayette|poste-lafayette
DESTINATIONS,Destination,Quatre Bornes,L64322,64,quatre bornes|quatre-bornes
DESTINATIONS,Destination,South Mauritius,'004228',65,south mauritius|southern mauritius
DESTINATIONS,Destination,St Felix,L64282,66,st felix mauritius|saint felix mauritius|st felix
DESTINATIONS,Destination,Tamarin,L63702,67,tamarin|tamarin mauritius
DESTINATIONS,Destination,Trou aux Biches,'008466',68,trou aux biches|trou-aux-biches
DESTINATIONS,Destination,Trou dEau Douce,'002086',69,trou d'eau douce|trou deau douce|trou-d'eau-douce
DESTINATIONS,Destination,Morocco,MAR,70,morocco
DESTINATIONS,Destination,Agadir and Taghazout,'001005',71,agadir and taghazout|agadir & taghazout|taghazout and agadir
DESTINATIONS,Destination,Casablanca,'002638',72,casablanca
DESTINATIONS,Destination,Essaouira,'003961',73,essaouira|essouira
DESTINATIONS,Destination,Fez,'002873',74,fez|fes
DESTINATIONS,Destination,Marrakech,'003759',75,marrakech|marrakesh
DESTINATIONS,Destination,Tangier,'003762',76,tangier|tanger
DESTINATIONS,Destination,Agadir,'002112',77,agadir
DESTINATIONS,Destination,Senegal,L59753,78,senegal
DESTINATIONS,Destination,La Somone,L59782,79,la somone|lasomone|la somone senegal
DESTINATIONS,Destination,Pointe Sarene,L59502,80,pointe sarene|pointe-sarene|pointe sarène
DESTINATIONS,Destination,Saly,'000478',81,saly|saly senegal
DESTINATIONS,Destination,Seychelles,SYC,82,seychelles
DESTINATIONS,Destination,La Digue,'000490',83,la digue|la-digue
DESTINATIONS,Destination,Mahe Island,'000491',84,mahe island|mahé island|mahe
DESTINATIONS,Destination,Praslin,'000492',85,praslin|praslin island
DESTINATIONS,Destination,Silhouette Island,'004257',86,silhouette island|silhouette
DESTINATIONS,Destination,South Africa,ZAF,87,south africa
DESTINATIONS,Destination,Cape Town,'001532',88,cape town|capetown
DESTINATIONS,Destination,Tanzania,TZA,89,tanzania
DESTINATIONS,Destination,Zanzibar,'000418',90,zanzibar|zanzibar island
DESTINATIONS,Destination,Bububu,L63504,91,bububu
DESTINATIONS,Destination,Jambiani,L52269,92,jambiani
DESTINATIONS,Destination,Kiwengwa,L52263,93,kiwengwa
DESTINATIONS,Destination,Kizimkazi,L62327,94,kizimkazi|kizimkazi zanzibar
DESTINATIONS,Destination,Mangapwani,L72182,95,mangapwani
DESTINATIONS,Destination,Marumbi,L52282,96,marumbi|marumbi zanzibar
DESTINATIONS,Destination,Matemwe,L63008,97,matemwe
DESTINATIONS,Destination,Michamvi Kae,L72383,98,michamvi kae|michamvi|michamvi kaae
DESTINATIONS,Destination,Nungwi,L52268,99,nungwi
DESTINATIONS,Destination,Paje,L63331,100,paje|paje zanzibar
DESTINATIONS,Destination,Pingwe,L62142,101,pingwe
DESTINATIONS,Destination,Uroa,L69282,102,uroa
DESTINATIONS,Destination,Tunisia,TUN,103,tunisia
DESTINATIONS,Destination,Djerba Island,'007386',104,djerba|djerba island|jerba
DESTINATIONS,Destination,Hammamet,'001216',105,hammamet
DESTINATIONS,Destination,La Goulette (for Tunis),'002741',106,la goulette|la goulette tunis|la goulette (tunis)
DESTINATIONS,Destination,Port El Kantaoui,'000432',107,port el kantaoui|port el-kantaoui|port el kantaoui sousse
DESTINATIONS,Destination,Skanes,'001132',108,skanes|skanes monastir
DESTINATIONS,Destination,Sousse,'000433',109,sousse|sousse tunisia
DESTINATIONS,Destination,Yasmine Hammamet,'002344',110,yasmine hammamet|yasmin hammamet|hammamet yasmine
DESTINATIONS,Destination,Asia,BBB,111,asia|asian holidays|asia trips
DESTINATIONS,Destination,China,CHN,112,china
DESTINATIONS,Destination,Hong Kong,HKG,113,hong kong|hongkong
DESTINATIONS,Destination,India,IND,114,india
DESTINATIONS,Destination,Goa,'001915',115,goa
DESTINATIONS,Destination,South Goa,L00490,116,south goa|southern goa
DESTINATIONS,Destination,Arossim Beach,'002608',117,arossim beach|arossim
DESTINATIONS,Destination,Benaulim,'001948',118,benaulim
DESTINATIONS,Destination,Betalbatim Beach,'002253',119,betalbatim beach|betalbatim
DESTINATIONS,Destination,Cavelossim,'002047',120,cavelossim|cavelossim beach
DESTINATIONS,Destination,Majorda Beach,'002708',121,majorda beach|majorda
DESTINATIONS,Destination,Varca Beach,'001952',122,varca beach|varca
DESTINATIONS,Destination,North Goa,L00489,123,north goa|northern goa
DESTINATIONS,Destination,Arpora,'003869',124,arpora
DESTINATIONS,Destination,Baga,'001917',125,baga|baga beach
DESTINATIONS,Destination,Bambolim,'003842',126,bambolim
DESTINATIONS,Destination,Calangute,'001914',127,calangute|calangute beach
DESTINATIONS,Destination,Candolim,'001361',128,candolim|candolim beach
DESTINATIONS,Destination,Dona Paula,'003843',129,dona paula
DESTINATIONS,Destination,Panjim,'001951',130,panjim|panaji
DESTINATIONS,Destination,Sinquerim,'003844',131,sinquerim|sinquerim beach
DESTINATIONS,Destination,Vagator,L65962,132,vagator|vagator beach
DESTINATIONS,Destination,Indonesia,IDN,133,indonesia
DESTINATIONS,Destination,Bali Beach,L49601,135,bali beach|bali
DESTINATIONS,Destination,Ubud,'002052',136,ubud
DESTINATIONS,Destination,Seminyak,'004272',137,seminyak
DESTINATIONS,Destination,Sanur,'000632',138,sanur
DESTINATIONS,Destination,Lombok,'000635',139,lombok
DESTINATIONS,Destination,Japan,JPN,140,japan
DESTINATIONS,Destination,Furano,L66243,141,furano
DESTINATIONS,Destination,Tomamu,L66302,142,tomamu
DESTINATIONS,Destination,Tokyo,'003471',143,tokyo
DESTINATIONS,Destination,Jordan,JOR,144,jordan
DESTINATIONS,Destination,Malaysia,MYS,145,malaysia
DESTINATIONS,Destination,Maldives,MDV,146,maldives|the maldives
DESTINATIONS,Destination,Oman,OMN,147,oman
DESTINATIONS,Destination,Muscat,L59943,148,muscat
DESTINATIONS,Destination,Saiq,L66045,149,
DESTINATIONS,Destination,Qatar,QAT,150,qatar
DESTINATIONS,Destination,Doha,'003994',151,doha
DESTINATIONS,Destination,Singapore,SGP,152,singapore|singapore city|singapore trip|singapore holiday|visit singapore|singapore vacation|singapura
DESTINATIONS,Destination,South Korea,KOR,153,south korea|korea (south)|republic of korea|s. korea|southkorea|seoul and south korea
DESTINATIONS,Destination,Sri Lanka,LKA,154,sri lanka|srilanka|ceylon|sri lanka holiday|sri lanka vacation|visit sri lanka
DESTINATIONS,Destination,Ahungalla,'001959',155,ahungalla|ahungala
DESTINATIONS,Destination,Batigama,L68103,156,batigama
DESTINATIONS,Destination,Bentota,'001619',157,bentota|bentota beach
DESTINATIONS,Destination,Beruwala,'000379',158,beruwala|beruwela
DESTINATIONS,Destination,Colombo,'001447',159,colombo|colombo city|colombo sri lanka
DESTINATIONS,Destination,Hikkaduwa,'001960',160,hikkaduwa|hikkaduwa beach|hikkaduwa sri lanka|hikaduwa
DESTINATIONS,Destination,Kalutara,'001567',161,kalutara|kalutara beach
DESTINATIONS,Destination,Kuchchaveli,L68263,162,kuchchaveli|kuchchaveli beach|kuchchaveli sri lanka
DESTINATIONS,Destination,Negombo,'001621',163,negombo|negombo beach|negombo sri lanka
DESTINATIONS,Destination,Pasikuda,L68262,164,pasikuda|pasikuda beach|pasikudah
DESTINATIONS,Destination,Trincomalee,'002728',165,trincomalee|trinco|trincomalee sri lanka
DESTINATIONS,Destination,Wadduwa,'001624',166,wadduwa|wadduwa beach
DESTINATIONS,Destination,Waikkal,'001620',167,waikkal|waikkala
DESTINATIONS,Destination,Thailand,THA,168,thailand|thai land|thailand holiday|thailand vacation|visit thailand
DESTINATIONS,Destination,Bangkok,'000424',169,bangkok|bangkok city|bangkok thailand|bkk (bangkok)
DESTINATIONS,Destination,Khao Lak,'002378',170,khao lak|khaolak|khao lak beach
DESTINATIONS,Destination,Phuket,'000428',171,phuket|phuket island|phuket thailand|phuket holiday
DESTINATIONS,Destination,Bang Tao,L27404,172,bang tao|bang tao beach|bangtao|bang tao phuket
DESTINATIONS,Destination,Cape Panwa,CMS084,173,cape panwa|panwa|panwa cape|cape panwa phuket
DESTINATIONS,Destination,Coconut Island,L39461,174,coconut island|coconut island phuket|koh maphrao|ko maphrao
DESTINATIONS,Destination,Kalim Beach,L68564,175,kalim beach|kalim|kalim phuket
DESTINATIONS,Destination,Kamala Beach,L27403,176,kamala beach|kamala|kamala phuket
DESTINATIONS,Destination,Karon Beach,CMS086,177,karon beach|karon|karon phuket
DESTINATIONS,Destination,Kata Beach,CMS087,178,kata beach|kata|kata phuket
DESTINATIONS,Destination,Mai Khao,L27405,179,mai khao|mai khao beach|maikhao|mai khao phuket
DESTINATIONS,Destination,Nai Harn,L42241,180,nai harn|nai harn beach|naiharn|nai harn phuket
DESTINATIONS,Destination,Nai Thon Beach,L27515,181,nai thon beach|nai thon|naithon beach|nai thon phuket
DESTINATIONS,Destination,Nai-Yang Beach,CMS083,182,nai yang beach|nai-yang beach|nai yang|naiyang beach|nai yang phuket
DESTINATIONS,Destination,Natai Beach,L68563,183,natai beach|natai|natai phuket|natai phang nga
DESTINATIONS,Destination,Patong Beach,'001543',184,patong beach|patong|patong phuket
DESTINATIONS,Destination,Phi Phi,'002609',185,phi phi|koh phi phi|ko phi phi|phi phi islands|phiphi
DESTINATIONS,Destination,Surin Beach,L68566,186,surin beach|surin|surin phuket
DESTINATIONS,Destination,Tri Trang Beach,CMS085,187,tri trang beach|tri trang|tritrang beach|tri trang phuket
DESTINATIONS,Destination,Rawai,L71990,188,rawai|rawai beach|rawai phuket
DESTINATIONS,Destination,Krabi,'002096',189,krabi|krabi thailand|krabi province|krabi holiday
DESTINATIONS,Destination,Koh Samui,'002101',190,koh samui|ko samui|samui|kohsamui|samui island
DESTINATIONS,Destination,Hua Hin,'000425',191,hua hin|huahin|hua hin thailand
DESTINATIONS,Destination,Pattaya,'000427',192,pattaya|pattaya beach|pattaya thailand
DESTINATIONS,Destination,Krabi Khao Lak or Phuket,L69205,193,krabi or phuket|phuket or krabi|khao lak or phuket|krabi or khao lak|krabi/khao lak/phuket
DESTINATIONS,Destination,United Arab Emirates,ARE,194,united arab emirates|uae|the emirates|united arab emirate
DESTINATIONS,Destination,Dubai,'001375',195,dubai|dubai city|dubai holiday|visit dubai
DESTINATIONS,Destination,Abu Dhabi,'001372',196,abu dhabi|abudhabi|abu dhabi city
DESTINATIONS,Destination,Ajman,'003987',197,ajman|ajman uae
DESTINATIONS,Destination,Ras Al Khaimah,'001370',198,ras al khaimah|ras al-khaimah|ras al khaima|rak (ras al khaimah)
DESTINATIONS,Destination,UAE Beach,L56663,199,uae beach|beach in uae|uae beach holiday|uae beach resort|emirates beach
DESTINATIONS,Destination,Dubai City,'004020',200,dubai city|dubai downtown|city break dubai|dubai city centre|dubai city center
DESTINATIONS,Destination,Yas Island,L46785,201,yas island|yas island abu dhabi|yas island holiday
DESTINATIONS,Destination,Desert Resort,L68442,202,desert resort|desert hotel|desert retreat|uae desert resort|dubai desert resort|abu dhabi desert resort
DESTINATIONS,Destination,Vietnam,VNM,203,vietnam|viet nam|vietnam holiday|vietnam vacation|visit vietnam
DESTINATIONS,Destination,Caribbean,CCC,204,caribbean|caribbean islands|caribbean holiday|caribbean vacation|the caribbean
DESTINATIONS,Destination,Antigua,ATG,205,antigua|antigua and barbuda|antigua island|antigua holiday
DESTINATIONS,Destination,St Johns,'000013',206,st johns|st. john's|saint john's|st johns antigua|st. john's antigua
DESTINATIONS,Destination,Antigua East,'004213',207,antigua east|east antigua|eastern antigua
DESTINATIONS,Destination,Antigua West,'004214',208,antigua west|west antigua|western antigua
DESTINATIONS,Destination,Aruba,ABW,209,aruba|aruba island|aruba holiday|aruba vacation
DESTINATIONS,Destination,Oranjestad,'001984',210,oranjestad|oranjestad aruba
DESTINATIONS,Destination,Bahamas,BHS,211,bahamas|the bahamas|bahamas islands|bahamas holiday
DESTINATIONS,Destination,Barbados,BRB,212,barbados|barbados island|barbados holiday|barbados vacation
DESTINATIONS,Destination,Bridgetown,'000719',213,bridgetown|bridgetown barbados
DESTINATIONS,Destination,Christchurch,'000721',214,christchurch|christ church|christ church barbados
DESTINATIONS,Destination,Dover Beach,'004400',215,dover beach|dover beach barbados|dover barbados
DESTINATIONS,Destination,Hastings,'000722',217,hastings|hastings barbados
DESTINATIONS,Destination,Maxwell,'001484',218,maxwell|maxwell barbados
DESTINATIONS,Destination,Needhams Point,'007946',219,needhams point|needham's point|needhams point barbados
DESTINATIONS,Destination,Oistins,L51082,220,oistins|oistins barbados
DESTINATIONS,Destination,Rockley,'001986',221,rockley|rockley beach|rockley barbados
DESTINATIONS,Destination,St James,'000725',222,st james|st. james|saint james|st james barbados
DESTINATIONS,Destination,St Lawrence,'001182',223,st lawrence|st. lawrence|saint lawrence|st lawrence gap|st. lawrence gap
DESTINATIONS,Destination,St Peter,'000012',224,st peter|st. peter|saint peter|st peter barbados
DESTINATIONS,Destination,St Philip,'000727',225,st philip|st. philip|saint philip|st philip barbados
DESTINATIONS,Destination,West Coast,'004204',226,west coast|barbados west coast|west coast barbados
DESTINATIONS,Destination,Worthing,'001252',227,worthing|worthing barbados|worthing beach
DESTINATIONS,Destination,Bonaire,BES,228,bonaire|bonaire island|bonaire holiday
DESTINATIONS,Destination,Kralendijk,L27691,229,kralendijk|kralendijk bonaire
DESTINATIONS,Destination,British Virgin Islands,VGB,230,british virgin islands|bvi|british virgins
DESTINATIONS,Destination,Road Town,L01211,231,road town|road town tortola|road town bvi
DESTINATIONS,Destination,Cuba,CUB,232,cuba|cuba holiday|cuba vacation|visit cuba
DESTINATIONS,Destination,Curacao,CUW,233,curacao|curaçao|curacao island|curaçao island
DESTINATIONS,Destination,Willemstad,L15621,234,willemstad|willemstad curacao|willemstad curaçao
DESTINATIONS,Destination,Dominica,DMC,235,dominica|dominica island|dominica holiday
DESTINATIONS,Destination,Roseau,'003907',236,roseau|roseau dominica
DESTINATIONS,Destination,Dominican Republic,DOM,237,dominican republic|dominican rep|dr (dominican republic)|dom rep
DESTINATIONS,Destination,Bayahibe,'002225',239,bayahibe|bayahibe dominican republic
DESTINATIONS,Destination,San Pedro de Macoris,'007526',240,san pedro de macoris|san pedro de macorís|san pedro de macoris dr
DESTINATIONS,Destination,La Romana City,L66491,241,la romana city|la romana town|la romana city centre|la romana city center
DESTINATIONS,Destination,Punta Cana,'001451',242,punta cana|punta cana dr|puntacana
DESTINATIONS,Destination,Bavaro,'001312',243,bavaro|bávaro|bavaro beach|bavaro punta cana
DESTINATIONS,Destination,Cap Cana,'008886',244,cap cana|capcana|cap cana punta cana
DESTINATIONS,Destination,Miches,L69622,245,miches|miches dominican republic
DESTINATIONS,Destination,Uvero Alto,'007766',246,uvero alto|uvero alto punta cana|uvero alto dr
DESTINATIONS,Destination,Samana,'003767',247,samana|samaná|samana peninsula|samaná peninsula
DESTINATIONS,Destination,Santo Domingo,'000838',248,santo domingo|santo domingo city|santo domingo dr
DESTINATIONS,Destination,Isla Catalina,L01562,249,isla catalina|catalina island (dr)|isla catalina dr
DESTINATIONS,Destination,La Romana,'001545',250,la romana|la romana dr|la romana dominican republic
DESTINATIONS,Destination,Grenada,GRD,251,grenada|grenada island|grenada holiday
DESTINATIONS,Destination,Morne Rouge,L59622,252,morne rouge|morne rouge beach|morne rouge grenada
DESTINATIONS,Destination,Point Salines,L56242,253,point salines|point salines grenada
DESTINATIONS,Destination,St Georges,'002049',254,st georges|st. george's|saint george's|st georges grenada|st. george's grenada
DESTINATIONS,Destination,The Lime,L59305,255,the lime|the lime grenada
DESTINATIONS,Destination,True Blue,'003850',256,true blue|true blue bay|true blue grenada
DESTINATIONS,Destination,Victoria,L68242,257,
DESTINATIONS,Destination,Guadeloupe,GLP,258,guadeloupe|guadeloupe island|guadeloupe holiday
DESTINATIONS,Destination,Pointe-A-Pitre,L01215,259,pointe-a-pitre|pointe-à-pitre|pointe a pitre|pointe-a-pitre guadeloupe
DESTINATIONS,Destination,Jamaica,JAM,260,jamaica|jamaica holiday|jamaica vacation|visit jamaica
DESTINATIONS,Destination,Negril (Green Island),L65367,261,negril (green island)|green island jamaica|negril green island
DESTINATIONS,Destination,Lucea,'006486',262,lucea|lucea jamaica
DESTINATIONS,Destination,Montego Bay,'000534',263,montego bay|mobay|montego bay jamaica
DESTINATIONS,Destination,Negril,'000535',264,negril|negril jamaica|negril beach
DESTINATIONS,Destination,Ocho Rios,'000182',265,ocho rios|ocho rios jamaica|ochi
DESTINATIONS,Destination,Runaway Bay,'000149',266,runaway bay|runaway bay jamaica
DESTINATIONS,Destination,Trelawny,'002317',267,trelawny|trelawny jamaica
DESTINATIONS,Destination,Martinique,MTQ,268,martinique|martinique island|martinique holiday
DESTINATIONS,Destination,Fort De France,'006233',269,fort-de-france|fort de france|fort de france martinique
DESTINATIONS,Destination,Puerto Rico,PRI,270,puerto rico|pr (puerto rico)|puerto rico island
DESTINATIONS,Destination,San Juan,L46050,271,san juan|san juan puerto rico|san juan pr
DESTINATIONS,Destination,Ponce,L49722,272,ponce|ponce puerto rico|ponce pr
DESTINATIONS,Destination,St Kitts and Nevis,KNA,273,st kitts and nevis|st. kitts and nevis|saint kitts and nevis|st kitts & nevis
DESTINATIONS,Destination,St Kitts,'000382',274,st kitts|st. kitts|saint kitts
DESTINATIONS,Destination,Basseterre,'001218',275,basseterre|basseterre st kitts|basseterre saint kitts
DESTINATIONS,Destination,St Lucia,LCA,276,st lucia|st. lucia|saint lucia|st lucia holiday
DESTINATIONS,Destination,Castries,'001181',277,castries|castries st lucia|castries saint lucia
DESTINATIONS,Destination,Corinth,L44385,278,corinth st lucia|corinth saint lucia
DESTINATIONS,Destination,Gros Islet,L62024,279,gros islet|gros islet st lucia|gros islet saint lucia
DESTINATIONS,Destination,Marigot Bay,L56722,280,marigot bay|marigot bay st lucia|marigot bay saint lucia
DESTINATIONS,Destination,Rodney Bay,'002142',281,rodney bay|rodney bay st lucia|rodney bay village
DESTINATIONS,Destination,Smugglers Cove,L44383,282,smugglers cove st lucia|smuggler's cove st lucia
DESTINATIONS,Destination,Soufriere,'000391',283,soufriere|soufrière|soufriere st lucia|soufrière st lucia
DESTINATIONS,Destination,St Lucia North,L48743,284,st lucia north|north st lucia|northern st lucia
DESTINATIONS,Destination,St Lucia South,L48741,285,st lucia south|south st lucia|southern st lucia
DESTINATIONS,Destination,Vieux Fort,'003848',286,vieux fort|vieux fort st lucia|vieux fort saint lucia
DESTINATIONS,Destination,St Maarten,SMT,287,st maarten|st. maarten|saint martin (dutch side)|sint maarten
DESTINATIONS,Destination,Philipsburg,L01218,288,philipsburg|philipsburg st maarten|philipsburg sint maarten
DESTINATIONS,Destination,St Vincent and the Grenadines,VCT,289,st vincent and the grenadines|st. vincent and the grenadines|saint vincent and the grenadines|svg (st vincent and the grenadines)
DESTINATIONS,Destination,St Vincent,L01221,290,st vincent|st. vincent|saint vincent
DESTINATIONS,Destination,Kingstown,L15663,291,kingstown|kingstown st vincent|kingstown saint vincent
DESTINATIONS,Destination,Grenadines,'002365',292,grenadines|the grenadines|st vincent grenadines
DESTINATIONS,Destination,Bequia,'004263',293,bequia|bequia island
DESTINATIONS,Destination,Trinidad and Tobago,TTO,294,trinidad and tobago|trinidad & tobago|t&t|trinidad tobago
DESTINATIONS,Destination,Tobago,'000111',295,tobago|tobago island|tobago holiday
DESTINATIONS,Destination,Scarborough,CL0392,296,scarborough tobago|scarborough (tobago)|scarborough trinidad and tobago
DESTINATIONS,Destination,US Virgin Islands,VIR,297,us virgin islands|u.s. virgin islands|united states virgin islands|usvi
DESTINATIONS,Destination,Charlotte Amalie,L57182,298,charlotte amalie|charlotte amalie st thomas|charlotte amalie us virgin islands
DESTINATIONS,Destination,Frederiksted,L57193,299,frederiksted|frederiksted st croix|frederiksted us virgin islands
DESTINATIONS,Destination,Central America,FFF,300,central america|central american|central america holiday
DESTINATIONS,Destination,Mexico,MEX,301,mexico|mexico holiday|mexico vacation|visit mexico
DESTINATIONS,Destination,Guadalajara,L49461,302,guadalajara|guadalajara mexico
DESTINATIONS,Destination,Mexico - Caribbean Coast,'000577',303,mexico caribbean coast|mexican caribbean|caribbean coast of mexico|mexico riviera maya|cancun area|yucatan caribbean coast
DESTINATIONS,Destination,Akumal,L67522,304,"akumal|akumal mexico|akumal, mexico"
DESTINATIONS,Destination,Cancun,'001227',305,"cancun|cancún|cancun mexico|cancún mexico|cancun, mexico"
DESTINATIONS,Destination,Costa Mujeres,L55165,306,"costa mujeres|costa mujeres mexico|costa mujeres, mexico"
DESTINATIONS,Destination,Cozumel,'004668',307,"cozumel|cozumel mexico|cozumel, mexico"
DESTINATIONS,Destination,El Cuyo,L65465,308,"el cuyo|el cuyo mexico|el cuyo, mexico"
DESTINATIONS,Destination,Isla Holbox,L48541,309,isla holbox|holbox|holbox island|isla holbox mexico|holbox mexico
DESTINATIONS,Destination,Isla Mujeres,'004267',310,"isla mujeres|isla mujeres mexico|isla mujeres, mexico|mujeres island"
DESTINATIONS,Destination,Playa Mujeres,'007126',311,"playa mujeres|playa mujeres mexico|playa mujeres, mexico"
DESTINATIONS,Destination,Playa Paraiso Mexico,'002109',312,playa paraiso|playa paraíso|playa paraiso mexico|playa paraíso mexico
DESTINATIONS,Destination,Playa del Carmen,'002648',313,"playa del carmen|playa del carmen mexico|playa del carmen, mexico|playa del carmen (riviera maya)|playa del carmen (mexico)"
DESTINATIONS,Destination,Playacar,'001245',314,"playacar|playacar mexico|playacar, mexico|playacar (playa del carmen)"
DESTINATIONS,Destination,Puerto Morelos,'004268',315,"puerto morelos|puerto morelos mexico|puerto morelos, mexico"
DESTINATIONS,Destination,Riviera Maya,'001696',316,"riviera maya|mayan riviera|riviera maya mexico|riviera maya, mexico"
DESTINATIONS,Destination,Tulum,'005546',317,"tulum|tulum mexico|tulum, mexico"
DESTINATIONS,Destination,Mexico - Pacific Coast,'001233',318,mexico pacific coast|pacific coast of mexico|mexico's pacific coast|mexican pacific coast
DESTINATIONS,Destination,Puerto Vallarta,'001238',319,"puerto vallarta|puerto vallarta mexico|puerto vallarta, mexico|pto vallarta|p. vallarta"
DESTINATIONS,Destination,Nuevo Vallarta,'001469',320,"nuevo vallarta|nuevo vallarta mexico|nuevo vallarta, mexico"
DESTINATIONS,Destination,Mexico City,'002108',321,"mexico city|mexico city, mexico|ciudad de mexico|ciudad de méxico|cdmx"
DESTINATIONS,Destination,Costa Rica,CRI,322,costa rica|costa rica holidays|costa rica vacation
DESTINATIONS,Destination,Europe,EEE,323,europe|european|europe holidays|europe vacation
DESTINATIONS,Destination,Albania,ALB,324,albania|albania holidays|albania vacation
DESTINATIONS,Destination,Durres,CMS035,325,durres|durrës|durres albania|durrës albania
DESTINATIONS,Destination,Tirana,L64442,326,tirana|tirana albania
DESTINATIONS,Destination,Andorra,AND,327,andorra|andorra holidays|andorra vacation
DESTINATIONS,Destination,Arinsal,'000171',328,arinsal|arinsal andorra
DESTINATIONS,Destination,El Tarter,'001464',329,el tarter|el tarter andorra
DESTINATIONS,Destination,Pas de la Casa,'001231',330,pas de la casa|pas de la casa andorra
DESTINATIONS,Destination,Soldeu,L57824,331,soldeu|soldeu andorra
DESTINATIONS,Destination,La Massana,'001548',332,la massana|la massana andorra
DESTINATIONS,Destination,Austria,AUT,333,austria|austria holidays|austria vacation
DESTINATIONS,Destination,Achensee,'002428',334,achensee|lake achensee|achensee austria
DESTINATIONS,Destination,Alpbach,'000752',335,alpbach|alpbach austria
DESTINATIONS,Destination,Bad Gastein,'000956',336,bad gastein|bad gastein austria
DESTINATIONS,Destination,Bad Hofgastein,'001136',337,bad hofgastein|bad hofgastein austria
DESTINATIONS,Destination,Durnstein,L53312,338,durnstein|dürnstein|durnstein austria|dürnstein austria
DESTINATIONS,Destination,Ellmau,'000954',339,ellmau|ellmau austria
DESTINATIONS,Destination,Fügen,'004181',340,fugen|fügen|fugen austria|fügen austria
DESTINATIONS,Destination,Fieberbrunn,'003873',341,fieberbrunn|fieberbrunn austria
DESTINATIONS,Destination,Filzmoos,L71664,342,filzmoos|filzmoos austria
DESTINATIONS,Destination,Galtür,'000958',343,galtur|galtür|galtur austria|galtür austria
DESTINATIONS,Destination,Gerlos,L70971,344,gerlos|gerlos austria
DESTINATIONS,Destination,Grein,L66704,345,grein|grein austria
DESTINATIONS,Destination,Hinterglemm,'000961',346,hinterglemm|hinterglemm austria
DESTINATIONS,Destination,Hochgurgl,'001538',347,hochgurgl|hochgurgl austria
DESTINATIONS,Destination,Hochsölden,'000963',348,hochsolden|hochsölden|hochsolden austria|hochsölden austria
DESTINATIONS,Destination,Igls,'006906',349,igls|igls austria
DESTINATIONS,Destination,Innsbruck,'000964',350,innsbruck|innsbruck austria
DESTINATIONS,Destination,Ischgl,'000966',351,ischgl|ischgl austria
DESTINATIONS,Destination,Kaprun,'000968',352,kaprun|kaprun austria
DESTINATIONS,Destination,Katschberg,'001155',353,katschberg|katschberg austria
DESTINATIONS,Destination,Kirchberg,'000969',354,kirchberg|kirchberg austria|kirchberg in tirol
DESTINATIONS,Destination,Kitzbühel,'000970',355,kitzbuhel|kitzbühel|kitzbuhel austria|kitzbühel austria
DESTINATIONS,Destination,Krems,L53311,356,krems|krems an der donau|krems austria
DESTINATIONS,Destination,Lech,'000971',357,lech|lech austria|lech am arlberg
DESTINATIONS,Destination,Leogang,L68345,358,leogang|leogang austria
DESTINATIONS,Destination,Linz,'001118',359,linz|linz austria
DESTINATIONS,Destination,Mayrhofen,'000973',360,mayrhofen|mayrhofen austria
DESTINATIONS,Destination,Melk,L53313,361,melk|melk austria
DESTINATIONS,Destination,Millstatt,'002650',362,millstatt|millstatt austria|millstatt am see
DESTINATIONS,Destination,Montafon,L23803,363,montafon|montafon austria
DESTINATIONS,Destination,Nassfeld,'003975',364,nassfeld|nassfeld austria
DESTINATIONS,Destination,Nauders,L36161,365,nauders|nauders austria
DESTINATIONS,Destination,Neustift,'002440',366,neustift|neustift austria|neustift im stubaital
DESTINATIONS,Destination,Niederau,'000974',367,niederau|niederau austria
DESTINATIONS,Destination,Obergurgl,'000976',368,obergurgl|obergurgl austria
DESTINATIONS,Destination,Obertauern,'000977',369,obertauern|obertauern austria
DESTINATIONS,Destination,Ramsau im Zillertal,'004271',370,ramsau im zillertal|ramsau im zillertal austria
DESTINATIONS,Destination,Rauris,'002434',371,rauris|rauris austria
DESTINATIONS,Destination,Reith im Alpbachtal,L62282,372,reith im alpbachtal|reith im alpbachtal austria
DESTINATIONS,Destination,Sölden,'000989',373,solden|sölden|solden austria|sölden austria
DESTINATIONS,Destination,Söll,'000991',374,soll|söll|soll austria|söll austria
DESTINATIONS,Destination,Saalbach,'000980',375,saalbach|saalbach austria|saalbach hinterglemm
DESTINATIONS,Destination,Salzburg,'001115',376,salzburg|salzburg austria
DESTINATIONS,Destination,Schladming,'000984',377,schladming|schladming austria
DESTINATIONS,Destination,Seefeld,'000988',378,seefeld|seefeld austria|seefeld in tirol
DESTINATIONS,Destination,Serfaus-Fiss-Ladis,'004247',379,serfaus fiss ladis|serfaus-fiss-ladis|serfaus|fiss|ladis
DESTINATIONS,Destination,St Anton,'000993',380,st anton|st. anton|st anton am arlberg|st. anton am arlberg
DESTINATIONS,Destination,St Christoph,'002668',381,st christoph|st. christoph|st christoph am arlberg|st. christoph am arlberg
DESTINATIONS,Destination,St Gilgen,'000994',382,st gilgen|st. gilgen|st gilgen austria|st. gilgen austria
DESTINATIONS,Destination,St Johann in Tyrol,'000990',383,st johann in tyrol|st johann in tirol|st. johann in tirol|st johann tirol
DESTINATIONS,Destination,St Wolfgang,'000196',384,st wolfgang|st. wolfgang|st wolfgang austria|st. wolfgang austria
DESTINATIONS,Destination,Vienna,'000985',385,vienna|vienna austria|wien
DESTINATIONS,Destination,Wagrain,'000983',386,wagrain|wagrain austria
DESTINATIONS,Destination,Weissenkirchen,L56902,387,weissenkirchen|weißenkirchen|weissenkirchen austria|weißenkirchen austria
DESTINATIONS,Destination,Zürs,'002445',388,zurs|zürs|zurs austria|zürs austria
DESTINATIONS,Destination,Zell am See,'000978',389,zell am see|zell am see austria
DESTINATIONS,Destination,Belgium,BEL,390,belgium|belgium holidays|belgium vacation
DESTINATIONS,Destination,Antwerp,'001519',391,antwerp|antwerp belgium
DESTINATIONS,Destination,Brussels,'000733',392,brussels|brussels belgium|bruxelles
DESTINATIONS,Destination,Ghent,'001518',393,ghent|gent|ghent belgium|gent belgium
DESTINATIONS,Destination,Bulgaria,BGR,394,bulgaria|bulgaria holidays|bulgaria vacation
DESTINATIONS,Destination,Bansko,'002771',395,bansko|bansko bulgaria
DESTINATIONS,Destination,Borovets,'001675',396,borovets|borovets bulgaria
DESTINATIONS,Destination,Bourgas Region,'002682',397,bourgas region|burgas region|bourgas area|burgas area
DESTINATIONS,Destination,Bourgas,L35681,398,bourgas|burgas|bourgas bulgaria|burgas bulgaria
DESTINATIONS,Destination,Nessebar,'002529',399,nessebar|nesebar|nessebar bulgaria|nesebar bulgaria
DESTINATIONS,Destination,Obzor,'002911',400,obzor|obzor bulgaria
DESTINATIONS,Destination,Pomorie,'002530',401,pomorie|pomorie bulgaria
DESTINATIONS,Destination,Primorsko,'002764',402,primorsko|primorsko bulgaria
DESTINATIONS,Destination,Sozopol,'002652',403,sozopol|sozopol bulgaria
DESTINATIONS,Destination,St Vlas,'003660',404,st vlas|st. vlas|sveti vlas|st vlas bulgaria|sveti vlas bulgaria
DESTINATIONS,Destination,Sunny Beach,'002548',405,sunny beach|sunny beach bulgaria|slanchev bryag|slanchev briag
DESTINATIONS,Destination,Tsarevo,L45941,406,tsarevo|tsarevo bulgaria
DESTINATIONS,Destination,Pamporovo,'002498',407,pamporovo|pamporovo bulgaria
DESTINATIONS,Destination,Sofia,L64443,408,sofia|sofia bulgaria
DESTINATIONS,Destination,Vidin,L56909,409,vidin|vidin bulgaria
DESTINATIONS,Destination,Croatia,HRV,410,croatia|croatia holidays|croatia vacation
DESTINATIONS,Destination,Dalmatian Coast and Islands,L24947,411,dalmatian coast|dalmatian coast and islands|dalmatia coast|dalmatian islands
DESTINATIONS,Destination,Baska Voda,'002536',412,baska voda|baška voda|baska voda croatia|baška voda croatia
DESTINATIONS,Destination,Brac Island,'002946',413,brac island|brač island|brac|brač
DESTINATIONS,Destination,Brela,'002654',414,brela|brela croatia
DESTINATIONS,Destination,Donji Seget,L71045,415,donji seget|donji seget croatia|seget donji|seget donji croatia
DESTINATIONS,Destination,Hvar,'002537',416,hvar|hvar island|hvar croatia
DESTINATIONS,Destination,Igrane,L38101,417,igrane|igrane croatia
DESTINATIONS,Destination,Makarska,'002495',418,makarska|makarska croatia|makarska riviera
DESTINATIONS,Destination,Omis,'006128',419,omis|omiš|omis croatia|omiš croatia
DESTINATIONS,Destination,Podgora,'003554',420,podgora|podgora croatia
DESTINATIONS,Destination,Podstrana,'008726',421,podstrana|podstrana croatia
DESTINATIONS,Destination,Sibenik,'003999',422,sibenik|šibenik|sibenik croatia|šibenik croatia
DESTINATIONS,Destination,Split,'002636',423,split|split croatia
DESTINATIONS,Destination,Trogir,'002543',424,trogir|trogir croatia
DESTINATIONS,Destination,Tucepi,'002535',425,tucepi|tučepi|tucepi croatia|tučepi croatia
DESTINATIONS,Destination,Dubrovnik and Islands,'002925',426,dubrovnik and islands|dubrovnik area|dubrovnik region|dubrovnik islands
DESTINATIONS,Destination,Cavtat,'000464',427,cavtat|cavtat croatia
DESTINATIONS,Destination,Dubrovnik,'000465',428,dubrovnik|dubrovnik croatia
DESTINATIONS,Destination,Kolocep,'002753',429,kolocep|koločep|kolocep island|koločep island
DESTINATIONS,Destination,Korcula,'002533',430,korcula|korčula|korcula island|korčula island
DESTINATIONS,Destination,Lopud Island,'002843',431,lopud|lopud island
DESTINATIONS,Destination,Mlini,'002532',432,mlini|mlini croatia
DESTINATIONS,Destination,Mljet,'002751',433,mljet|mljet island
DESTINATIONS,Destination,Orasac,'004383',434,orasac|orašac|orasac croatia|orašac croatia
DESTINATIONS,Destination,Orebic,'002534',435,orebic|orebić|orebic croatia|orebić croatia
DESTINATIONS,Destination,Plat,'002653',436,plat|plat croatia
DESTINATIONS,Destination,Slano,'002750',437,slano|slano croatia
DESTINATIONS,Destination,Srebreno,L36961,438,srebreno|srebreno croatia
DESTINATIONS,Destination,Zaton Mali,'002934',439,zaton mali|zaton mali croatia
DESTINATIONS,Destination,Sipan Island,L50784,440,sipan island|šipan island|sipan|šipan
DESTINATIONS,Destination,Istrian Riviera,'002937',441,istrian riviera|istria riviera|istrian coast|istria coast
DESTINATIONS,Destination,Buje,L62596,442,buje|buje croatia
DESTINATIONS,Destination,Lovran,'001507',443,lovran|lovran croatia
DESTINATIONS,Destination,Medulin,'002656',444,medulin|medulin croatia
DESTINATIONS,Destination,Novigrad,'000469',445,novigrad|novigrad croatia
DESTINATIONS,Destination,Opatija,'001508',446,opatija|opatija croatia
DESTINATIONS,Destination,Porec,'000471',447,porec|poreč|porec croatia|poreč croatia
DESTINATIONS,Destination,Pula,'002655',448,pula|pula croatia
DESTINATIONS,Destination,Rabac,'000472',449,rabac|rabac croatia
DESTINATIONS,Destination,Rovinj,'001506',450,rovinj|rovinj croatia
DESTINATIONS,Destination,Umag,'002547',451,umag|umag croatia
DESTINATIONS,Destination,Vrsar,'002546',452,vrsar|vrsar croatia
DESTINATIONS,Destination,Kvarner Bay,'002943',453,kvarner bay|kvarner gulf|kvarner region
DESTINATIONS,Destination,Rijeka,L34763,454,rijeka|rijeka croatia
DESTINATIONS,Destination,Crikvenica,L65369,455,crikvenica|crikvenica croatia
DESTINATIONS,Destination,Krk Island,'002944',456,krk island|island of krk|krk croatia
DESTINATIONS,Destination,Osijek,L56903,457,osijek|osijek croatia
DESTINATIONS,Destination,Vukovar,L53303,458,vukovar|vukovar croatia
DESTINATIONS,Destination,Zadar,CMS027,459,zadar|zadar croatia
DESTINATIONS,Destination,Zagreb,L62246,460,zagreb|zagreb croatia
DESTINATIONS,Destination,Cyprus,CYP,461,cyprus|republic of cyprus
DESTINATIONS,Destination,Larnaca Area,'000791',462,larnaca area|larnaca region|around larnaca
DESTINATIONS,Destination,Ayia Napa,'000792',463,ayia napa|agia napa|ayia nappa
DESTINATIONS,Destination,Nissi Beach,'002585',464,nissi beach|nissi bay
DESTINATIONS,Destination,Protaras,'000806',465,protaras
DESTINATIONS,Destination,Alaminos,'008746',466,alaminos cyprus
DESTINATIONS,Destination,Larnaca,'000796',467,larnaca
DESTINATIONS,Destination,Pernera,L38021,468,pernera|pernera cyprus
DESTINATIONS,Destination,Paphos Area,'001443',469,paphos area|paphos region|around paphos
DESTINATIONS,Destination,Amathus Bay,'005646',470,amathus bay|amathus bay limassol
DESTINATIONS,Destination,Aphrodite Hills,'003997',471,aphrodite hills|aphrodite hills cyprus
DESTINATIONS,Destination,Chlorakas,L49421,472,chlorakas|chloraka
DESTINATIONS,Destination,Coral Bay,'001616',473,coral bay|coral bay paphos
DESTINATIONS,Destination,Kissonerga,L61062,474,kissonerga|kissonerga cyprus
DESTINATIONS,Destination,Latchi,'001342',475,latchi|latchi cyprus|latsi
DESTINATIONS,Destination,Limassol,'000798',476,limassol|lemesos
DESTINATIONS,Destination,Paphos,'000799',477,paphos|pafos
DESTINATIONS,Destination,Pareklisia,L67262,478,pareklisia|pareklisia cyprus
DESTINATIONS,Destination,Pissouri,'002017',479,pissouri|pissouri cyprus
DESTINATIONS,Destination,Polis,'001341',480,polis|polis cyprus|polis chrysochous
DESTINATIONS,Destination,Pomos,'003982',481,pomos|pomos cyprus
DESTINATIONS,Destination,Czech Republic,CZE,482,czech republic|czechia
DESTINATIONS,Destination,Prague,'000815',483,prague
DESTINATIONS,Destination,Denmark,DNK,484,denmark
DESTINATIONS,Destination,Copenhagen,'000821',485,copenhagen
DESTINATIONS,Destination,Estonia,EST,486,estonia
DESTINATIONS,Destination,Tallinn,'002825',487,tallinn
DESTINATIONS,Destination,Finland,FIN,488,finland
DESTINATIONS,Destination,Helsinki,'002824',489,helsinki
DESTINATIONS,Destination,France,FRA,490,france
DESTINATIONS,Destination,Évian,'002460',491,evian|évian|evian-les-bains
DESTINATIONS,Destination,Aix-en-Provence,'003132',492,aix-en-provence|aix en provence|aix
DESTINATIONS,Destination,Alpe dHuez,'000870',493,alpe d'huez|alpe dhuez
DESTINATIONS,Destination,Auris En Oisans,L40161,494,auris-en-oisans|auris en oisans
DESTINATIONS,Destination,Avignon,'003445',495,avignon
DESTINATIONS,Destination,Avoriaz,'000181',496,avoriaz
DESTINATIONS,Destination,Biarritz,'002879',497,biarritz
DESTINATIONS,Destination,Bordeaux,'000888',498,bordeaux
DESTINATIONS,Destination,Bourg-Saint-Maurice,L62003,499,bourg-saint-maurice|bourg saint maurice
DESTINATIONS,Destination,Brides-les-Bains,'002456',500,brides-les-bains|brides les bains
DESTINATIONS,Destination,Carcassonne,'003110',501,carcassonne
DESTINATIONS,Destination,Châtel,'000872',502,chatel|châtel
DESTINATIONS,Destination,Chamonix,'000192',503,chamonix|chamonix-mont-blanc
DESTINATIONS,Destination,Corsica,'002633',504,corsica|corsica island
DESTINATIONS,Destination,Ajaccio,'002634',505,ajaccio
DESTINATIONS,Destination,Calvi,'002884',506,calvi|calvi corsica
DESTINATIONS,Destination,Propriano,'003063',507,propriano|propriano corsica
DESTINATIONS,Destination,Courchevel,'001365',508,courchevel
DESTINATIONS,Destination,Flaine,'000874',509,flaine
DESTINATIONS,Destination,French Riviera,'001441',510,french riviera|côte d'azur|cote d'azur|cote d azur
DESTINATIONS,Destination,Cannes,'001422',511,cannes
DESTINATIONS,Destination,Nice,'000890',512,nice|nice france
DESTINATIONS,Destination,Huningue (for Basel),L71642,513,huningue|huningue for basel|huningue (basel area)
DESTINATIONS,Destination,La Clusaz,'002457',514,la clusaz
DESTINATIONS,Destination,La Plagne,'001140',515,la plagne
DESTINATIONS,Destination,La Rosière,'002458',516,la rosière|la rosiere
DESTINATIONS,Destination,La Tania,'001250',517,la tania
DESTINATIONS,Destination,La Toussuire,L20149,518,la toussuire
DESTINATIONS,Destination,Lake Annecy,'002453',519,lake annecy|lac d'annecy|annecy lake
DESTINATIONS,Destination,Le Corbier,L62342,520,le corbier
DESTINATIONS,Destination,Les Arcs,'001357',521,les arcs
DESTINATIONS,Destination,Les Deux Alpes,'000878',522,les deux alpes|les 2 alpes|deux alpes
DESTINATIONS,Destination,Les Gets,'004077',523,les gets
DESTINATIONS,Destination,Les Menuires,'001219',524,les menuires
DESTINATIONS,Destination,Lyon,'001599',525,lyon
DESTINATIONS,Destination,Méribel,'005331',526,meribel|méribel
DESTINATIONS,Destination,Marseille,'002696',527,marseille
DESTINATIONS,Destination,Marseille (for Provence),L70995,528,marseille for provence|marseille (provence)
DESTINATIONS,Destination,Megève,'001627',529,megeve|megève
DESTINATIONS,Destination,Montalbert,L72362,530,montalbert|plagne montalbert
DESTINATIONS,Destination,Montgenèvre,'000884',531,montgenèvre|montgenevre
DESTINATIONS,Destination,Montpellier,'002694',532,montpellier
DESTINATIONS,Destination,Morzine,'000886',533,morzine
DESTINATIONS,Destination,Mottaret,'005332',534,mottaret|meribel-mottaret|méribel-mottaret
DESTINATIONS,Destination,Paris,'000108',535,paris
DESTINATIONS,Destination,Risoul,'000892',536,risoul
DESTINATIONS,Destination,Sainte-Foy,'003885',537,sainte-foy|sainte-foy-tarentaise|ste foy|st foy
DESTINATIONS,Destination,Samoëns,L20481,538,samoens|samoëns
DESTINATIONS,Destination,Serre Chevalier,'001149',539,serre chevalier|serre-chevalier
DESTINATIONS,Destination,St Gervais,L69023,540,st gervais|saint gervais|st-gervais|saint-gervais
DESTINATIONS,Destination,St-Sorlin-dArves,L65382,541,st sorlin d'arves|saint-sorlin-d'arves|st-sorlin-d'arves
DESTINATIONS,Destination,Strasbourg,'003446',542,strasbourg
DESTINATIONS,Destination,Tignes,'000187',543,tignes
DESTINATIONS,Destination,Toulon (for the Cote dAzur),'003090',544,toulon for the cote d'azur|toulon (cote d'azur)|toulon (cote d azur)
DESTINATIONS,Destination,Toulouse,'003447',545,toulouse
DESTINATIONS,Destination,Val Cenis,'003886',546,val cenis|val-cenis
DESTINATIONS,Destination,Val Thorens,'000119',547,val thorens|val-thorens
DESTINATIONS,Destination,Val dIsère,'000145',548,val d'isère|val disere|valdisere
DESTINATIONS,Destination,Valloire,'002773',549,valloire
DESTINATIONS,Destination,Valmeinier,'002774',550,valmeinier
DESTINATIONS,Destination,Vars,'001478',551,vars
DESTINATIONS,Destination,Vaujany,L65582,552,vaujany
DESTINATIONS,Destination,Villefranche (for Monaco and Nice),'002697',553,villefranche for monaco and nice|villefranche-sur-mer|villefranche sur mer
DESTINATIONS,Destination,Germany,DEU,554,germany
DESTINATIONS,Destination,Aschaffenburg,L58064,555,aschaffenburg
DESTINATIONS,Destination,Bamberg,L53262,556,bamberg
DESTINATIONS,Destination,Berlin,'000898',557,berlin
DESTINATIONS,Destination,Bernkastel-Kues,L53327,558,bernkastel-kues|bernkastel kues
DESTINATIONS,Destination,Bonn,L53266,559,bonn
DESTINATIONS,Destination,Boppard,L53195,560,boppard
DESTINATIONS,Destination,Breisach,L53196,561,breisach|breisach am rhein
DESTINATIONS,Destination,Cochem,L53187,562,cochem
DESTINATIONS,Destination,Cologne,'002920',563,cologne|köln|koln
DESTINATIONS,Destination,Dusseldorf,'001656',564,dusseldorf|düsseldorf
DESTINATIONS,Destination,Frankfurt,'003821',565,frankfurt|frankfurt am main
DESTINATIONS,Destination,Hamburg,'003448',566,hamburg
DESTINATIONS,Destination,Kehl (for Strasbourg),L53191,567,kehl|kehl for strasbourg|kehl (strasbourg area)
DESTINATIONS,Destination,Kelheim,L53322,568,kelheim
DESTINATIONS,Destination,Koblenz,L53183,569,koblenz
DESTINATIONS,Destination,Mainz,L53269,570,mainz
DESTINATIONS,Destination,Mannheim,L53189,571,mannheim
DESTINATIONS,Destination,Marktbreit,L53331,572,marktbreit
DESTINATIONS,Destination,Miltenberg,L53330,573,miltenberg
DESTINATIONS,Destination,Munich,'001127',574,munich|münchen|munchen
DESTINATIONS,Destination,Nuremberg,L53334,575,nuremberg|nürnberg|nurnberg
DESTINATIONS,Destination,Passau,'004124',576,passau
DESTINATIONS,Destination,Regensburg,L53342,577,regensburg
DESTINATIONS,Destination,Rudesheim,L53194,578,rudesheim|rüdesheim|rudesheim am rhein
DESTINATIONS,Destination,Speyer,L53337,579,speyer
DESTINATIONS,Destination,Stuttgart,'004129',580,stuttgart
DESTINATIONS,Destination,Trier,L53323,581,trier
DESTINATIONS,Destination,Wertheim,L53333,582,wertheim
DESTINATIONS,Destination,Worms,L61962,583,worms|worms germany
DESTINATIONS,Destination,Wurzburg,'004130',584,wurzburg|würzburg|wurzberg
DESTINATIONS,Destination,Gibraltar,GIB,585,gibraltar
DESTINATIONS,Destination,Greece,GRC,587,greece
DESTINATIONS,Destination,Athens,L52884,588,athens|athens greece
DESTINATIONS,Destination,Crete,'000800',589,crete|crete island
DESTINATIONS,Destination,Chania area,L25003,590,chania area|chania region|around chania
DESTINATIONS,Destination,Aghia Marina,'002549',591,aghia marina (crete)|agia marina (crete)
DESTINATIONS,Destination,Agioi Apostoloi,L48164,592,agioi apostoloi (chania)|agii apostoli
DESTINATIONS,Destination,Almyrida,'003184',593,almyrida|almirida
DESTINATIONS,Destination,Chania,'000804',594,chania|hania
DESTINATIONS,Destination,Georgioupolis,'002510',595,georgioupolis|georgioupoli
DESTINATIONS,Destination,Gerani,'002726',596,gerani (crete)
DESTINATIONS,Destination,Kalyves,'002509',597,kalyves|kalives
DESTINATIONS,Destination,Kato Daratso,'008806',598,kato daratso|kato daratsos
DESTINATIONS,Destination,Kissamos,'007606',599,kissamos|kastelli kissamos
DESTINATIONS,Destination,Kolymbari,'002675',600,kolymbari|kolimbari
DESTINATIONS,Destination,Maleme,'000822',601,maleme
DESTINATIONS,Destination,Nea Kydonia,'004284',602,nea kydonia
DESTINATIONS,Destination,Platanias,'001373',603,platanias|platanias (chania)
DESTINATIONS,Destination,Souda (for Chania),L51442,604,souda|suda|souda bay
DESTINATIONS,Destination,Stalos,'004477',605,"stalos|stalos crete|stalos, crete"
DESTINATIONS,Destination,Tavronitis,L50343,606,"tavronitis|tavronitis crete|tavronitis, crete"
DESTINATIONS,Destination,Heraklion area,L25004,607,heraklion area|heraklion region|heraklion district|around heraklion|near heraklion
DESTINATIONS,Destination,Aghia Pelagia,'001487',608,aghia pelagia|agia pelagia|agia pelagia crete|aghia pelagia crete
DESTINATIONS,Destination,Aghios Nikolaos,'000801',609,aghios nikolaos|agios nikolaos|agios nikolaos crete|aghios nikolaos crete|saint nikolaos
DESTINATIONS,Destination,Agia Varvara,L57942,610,agia varvara|agia varvara crete
DESTINATIONS,Destination,Agkisaras,L49322,611,agkisaras|agkisaras crete
DESTINATIONS,Destination,Amoudara,'000802',612,amoudara|ammoudara|amoudara crete|ammoudara crete
DESTINATIONS,Destination,Analipsi,'001308',613,analipsi|analipsi crete
DESTINATIONS,Destination,Anissaras,'001912',614,anissaras|anissaras crete
DESTINATIONS,Destination,Bali,'002156',615,"bali, crete|bali crete"
DESTINATIONS,Destination,Elounda,'000807',616,elounda|elounda crete
DESTINATIONS,Destination,Fodele,'001640',617,fodele|fodele crete
DESTINATIONS,Destination,Gournes,'004414',618,gournes|gournes crete
DESTINATIONS,Destination,Gouves,'000809',619,gouves|gouves crete|kato gouves
DESTINATIONS,Destination,Heraklion,'001636',620,heraklion|heraklion crete|herakleion|iraklion|irakleio
DESTINATIONS,Destination,Hersonissos,'000811',621,hersonissos|chersonissos|hersonissos crete|chersonissos crete
DESTINATIONS,Destination,Ierapetra,'002353',622,ierapetra|ierapetra crete
DESTINATIONS,Destination,Istron And Kalo Chorio,'001291',623,istron|istron crete|kalo chorio|kalo chorio crete|istron and kalo chorio
DESTINATIONS,Destination,Kamilari,'003188',624,kamilari|kamilari crete
DESTINATIONS,Destination,Kokkini Hani,'000817',625,kokkini hani|kokkini hani crete|kokini hani
DESTINATIONS,Destination,Koutouloufari,'002323',626,koutouloufari|koutouloufari crete
DESTINATIONS,Destination,Lyttos Beach,'004283',627,lyttos beach|lyttos beach crete
DESTINATIONS,Destination,Malia,'000825',628,malia|malia crete
DESTINATIONS,Destination,Milatos,'002550',629,milatos|milatos crete
DESTINATIONS,Destination,Piskopiano Village,'002306',630,piskopiano|piskopiano village|piskopiano crete
DESTINATIONS,Destination,Prina,'003680',631,prina|prina crete
DESTINATIONS,Destination,Sissi,'001292',632,sissi|sisi|sissi crete|sisi crete
DESTINATIONS,Destination,Stalis,'000830',633,stalis|stalis crete|stalida|stalida crete
DESTINATIONS,Destination,Lameriana,L68824,634,lameriana|lameriana crete
DESTINATIONS,Destination,Matala,L71423,635,matala|matala crete
DESTINATIONS,Destination,Rethymnon area,L25007,636,rethymnon area|rethymno area|rethymnon region|rethymno region|around rethymnon|near rethymnon
DESTINATIONS,Destination,Panormo,'004909',637,panormo|panormo crete|panormos|panormos crete
DESTINATIONS,Destination,Platanes,L49321,638,platanes|platanes rethymnon|platanes crete
DESTINATIONS,Destination,Rethymnon,'000827',639,rethymnon|rethymno|rethymnon crete|rethymno crete
DESTINATIONS,Destination,Sfakaki,L46521,640,sfakaki|sfakaki crete
DESTINATIONS,Destination,Skaletta,'002146',641,skaletta|skaleta|skaletta crete|skaleta crete
DESTINATIONS,Destination,Halkidiki,'000840',642,halkidiki|chalkidiki|halkidiki peninsula|chalkidiki peninsula
DESTINATIONS,Destination,Afitos,'000843',643,afitos|afytos|afitos halkidiki|afytos halkidiki
DESTINATIONS,Destination,Gerakini,'000844',644,gerakini|gerakini halkidiki
DESTINATIONS,Destination,Hanioti,'000845',645,hanioti|chanioti|hanioti halkidiki|chanioti halkidiki
DESTINATIONS,Destination,Kalithea,'000848',646,kalithea|kallithea|kalithea halkidiki|kallithea halkidiki
DESTINATIONS,Destination,Kalives,L36981,647,kalives|kalyves|kalives halkidiki|kalyves halkidiki
DESTINATIONS,Destination,Kassandra,'001304',648,kassandra|kassandra peninsula|kassandra halkidiki
DESTINATIONS,Destination,Kriopigi,'000850',649,kriopigi|kriopigi halkidiki
DESTINATIONS,Destination,Metamorfosi,L68504,650,metamorfosi|metamorfosi halkidiki
DESTINATIONS,Destination,Nea Moudania,'002912',651,nea moudania|nea moudania halkidiki|nea mudania
DESTINATIONS,Destination,Nea Potidea,'001534',652,nea potidea|nea potidaia|nea potidea halkidiki|nea potidaia halkidiki
DESTINATIONS,Destination,Nea Skioni,L65125,653,nea skioni|nea skioni halkidiki
DESTINATIONS,Destination,Neos Marmaras,'000854',654,neos marmaras|neos marmaras halkidiki
DESTINATIONS,Destination,Nikiti,'004435',655,nikiti|nikiti halkidiki
DESTINATIONS,Destination,Ouranoupolis,'000855',656,ouranoupolis|ouranopolis|ouranoupolis halkidiki|ouranopolis halkidiki
DESTINATIONS,Destination,Paliouri,'000151',657,paliouri|paliouri halkidiki
DESTINATIONS,Destination,Pefkohori,'000856',658,pefkohori|pefkochori|pefkohori halkidiki|pefkochori halkidiki
DESTINATIONS,Destination,Polichrono,'001413',659,polichrono|polychrono|polichrono halkidiki|polychrono halkidiki
DESTINATIONS,Destination,Possidi,'002310',660,possidi|possidi halkidiki
DESTINATIONS,Destination,Psakoudia,L49862,661,psakoudia|psakoudia halkidiki
DESTINATIONS,Destination,Sani,'001501',662,sani|sani halkidiki|sani resort area
DESTINATIONS,Destination,Vatopedi,L65262,663,vatopedi|vatopedi halkidiki
DESTINATIONS,Destination,Ionian Islands,L24962,664,ionian islands|ionian isles|ionian islands greece
DESTINATIONS,Destination,Corfu,'000691',665,corfu|corfu island|kerkyra
DESTINATIONS,Destination,Acharavi,'000694',666,acharavi|acharavi corfu
DESTINATIONS,Destination,Aghios Georgios North,'000704',667,aghios georgios north|agios georgios north|agios georgios (north) corfu|saint george north corfu
DESTINATIONS,Destination,Aghios Georgios South,'001350',668,aghios georgios south|agios georgios south|agios georgios (south) corfu|saint george south corfu
DESTINATIONS,Destination,Aghios Gordios,'000707',669,aghios gordios|agios gordios|agios gordios corfu
DESTINATIONS,Destination,Aghios Ioannis (Corfu),'000706',670,aghios ioannis corfu|agios ioannis corfu|saint ioannis corfu|agios ioannis (corfu)
DESTINATIONS,Destination,Agios Ioannis Peristeron,'007427',671,agios ioannis peristeron|agios ioannis peristeron corfu
DESTINATIONS,Destination,Alykes Potamos,'000709',672,alykes potamos|alykes potamou|alykes potamos corfu
DESTINATIONS,Destination,Arilas,'000710',673,arilas|arillas|arilas corfu|arillas corfu
DESTINATIONS,Destination,Barbati,'000712',674,barbati|barbati corfu
DESTINATIONS,Destination,Benitses,'000715',675,benitses|benitses corfu
DESTINATIONS,Destination,Boukari,L60503,676,boukari|boukari corfu
DESTINATIONS,Destination,Corfu Town,'000718',677,corfu town|kerkyra town|corfu city
DESTINATIONS,Destination,Dassia,'000720',678,dassia|dasia|dassia corfu|dasia corfu
DESTINATIONS,Destination,Ermones,'001101',679,ermones|ermones corfu
DESTINATIONS,Destination,Glyfada,'000731',680,glyfada corfu|glifada corfu
DESTINATIONS,Destination,Gouvia,'000734',681,gouvia|gouvia corfu
DESTINATIONS,Destination,Ipsos,'000736',682,ipsos|ypsos|ipsos corfu|ypsos corfu
DESTINATIONS,Destination,Kanoni,CL0050,683,kanoni|kanoni corfu|kanoni peninsula
DESTINATIONS,Destination,Kassiopi,'000758',684,kassiopi|kassiopi corfu
DESTINATIONS,Destination,Kavos,'000750',685,kavos|kavos corfu
DESTINATIONS,Destination,Kommeno Bay,'002578',686,kommeno bay|kommeno bay corfu|kommeno corfu
DESTINATIONS,Destination,Kontokali,'000754',687,kontokali|kontokali corfu
DESTINATIONS,Destination,Lefkimi,L45221,688,lefkimi|lefkimmi|lefkimi corfu|lefkimmi corfu
DESTINATIONS,Destination,Liapades,L63722,689,liapades|liapades corfu
DESTINATIONS,Destination,Messonghi,'000761',690,messonghi|mesongi|messonghi corfu|mesongi corfu
DESTINATIONS,Destination,Moraitika,'001094',691,moraitika|moraitika corfu
DESTINATIONS,Destination,Nissaki,'000764',692,nissaki|nisaki|nissaki corfu|nisaki corfu
DESTINATIONS,Destination,Paleokastritsa,'000780',693,paleokastritsa|palaiokastritsa|paleokastritsa corfu|palaiokastritsa corfu
DESTINATIONS,Destination,Pelekas Beach,'001651',694,pelekas beach|pelekas beach corfu|pelekas corfu
DESTINATIONS,Destination,Perama,'001119',695,perama corfu
DESTINATIONS,Destination,Peroulades,L65010,696,peroulades|peroulades corfu
DESTINATIONS,Destination,Psarras,'002915',697,psarras corfu
DESTINATIONS,Destination,Pyrgi,'001999',698,pyrgi corfu
DESTINATIONS,Destination,Roda,'000785',699,roda|roda corfu
DESTINATIONS,Destination,San Stefanos,'000788',700,san stefanos corfu|agios stefanos corfu|saint stefanos corfu
DESTINATIONS,Destination,Sidari,'000794',701,sidari|sidari corfu
DESTINATIONS,Destination,St Spyridon,'002603',702,st spyridon|saint spyridon|st spyridon corfu|agios spyridon corfu
DESTINATIONS,Destination,Velonades,L68503,703,velonades|velonades corfu
DESTINATIONS,Destination,Zante,'000952',704,zante|zakynthos|zante island|zakynthos island
DESTINATIONS,Destination,Aghios Sostis,'002137',705,aghios sostis|agios sostis|agios sostis zakynthos|aghios sostis zante
DESTINATIONS,Destination,Agios Dimitrios,'003166',706,agios dimitrios zakynthos|agios dimitrios zante
DESTINATIONS,Destination,Alykanas,'001560',707,alykanas|alykanas zakynthos|alykanas zante
DESTINATIONS,Destination,Alykes,'000953',708,alykes|alikes|alykes zakynthos|alykes zante
DESTINATIONS,Destination,Amoudi,'002305',709,amoudi zakynthos|amoudi zante
DESTINATIONS,Destination,Argassi,'000957',710,argassi|argasi|argassi zakynthos|argassi zante
DESTINATIONS,Destination,Bochali,L67746,711,bochali|bohali|bochali zakynthos|bochali zante
DESTINATIONS,Destination,Drosia,L59862,712,drosia zakynthos|drosia zante
DESTINATIONS,Destination,Kalamaki,'000959',713,kalamaki zakynthos|kalamaki zante
DESTINATIONS,Destination,Keri,L71762,714,keri|limni keri|keri zakynthos|keri zante
DESTINATIONS,Destination,Kypseli,'004316',715,kypseli zakynthos|kypseli zante
DESTINATIONS,Destination,Laganas,'000126',716,laganas|laganas zakynthos|laganas zante
DESTINATIONS,Destination,Limni Keriou,'004351',717,limni keriou|limni keri|lake keri|limni keriou zakynthos
DESTINATIONS,Destination,Tragaki,'001570',718,tragaki|tragaki zakynthos|tragaki zante
DESTINATIONS,Destination,Tsilivi,'000962',719,tsilivi|tsilivi zakynthos|tsilivi zante|planos
DESTINATIONS,Destination,Vassilikos,'001488',720,vassilikos|vasilikos|vassilikos zakynthos|vassilikos zante
DESTINATIONS,Destination,Zakynthos Town,'000965',721,zakynthos town|zante town|zakynthos city
DESTINATIONS,Destination,Kefalonia,'000864',722,kefalonia|cephalonia|kefalonia island|cephalonia island
DESTINATIONS,Destination,Agia Efimia,'001961',723,agia efimia|agia efimia kefalonia|agia efimia cephalonia
DESTINATIONS,Destination,Argostoli,'000867',724,argostoli|argostoli kefalonia
DESTINATIONS,Destination,Fiskardo,'002922',725,fiskardo|fiskardo kefalonia
DESTINATIONS,Destination,Karavados,'001644',726,karavados|karavados kefalonia
DESTINATIONS,Destination,Karavomilos,'008166',727,karavomilos|karavomilos kefalonia
DESTINATIONS,Destination,Katelios,'001307',728,katelios|katelios kefalonia
DESTINATIONS,Destination,Lakithra,'002055',729,lakithra|lakithra kefalonia
DESTINATIONS,Destination,Lassi,'000875',730,lassi|lassi kefalonia
DESTINATIONS,Destination,Lixouri,'000877',731,lixouri|lixouri kefalonia
DESTINATIONS,Destination,Lourdas,'002056',732,lourdas|lourdata|lourdas kefalonia|lourdata kefalonia
DESTINATIONS,Destination,Moussata,L66503,733,moussata|moussata kefalonia
DESTINATIONS,Destination,Peratata,L60164,734,peratata|peratata kefalonia
DESTINATIONS,Destination,Poros,'000879',735,poros kefalonia|poros cephalonia
DESTINATIONS,Destination,Ratzakli,'003177',736,ratzakli|ratzakli kefalonia
DESTINATIONS,Destination,Sami,'001380',737,sami|sami kefalonia
DESTINATIONS,Destination,Skala,'000881',738,skala kefalonia|skala cephalonia
DESTINATIONS,Destination,Spartia,'002346',739,spartia|spartia kefalonia
DESTINATIONS,Destination,Svoronata,'001169',740,svoronata|svoronata kefalonia
DESTINATIONS,Destination,Trapezaki,'002598',741,trapezaki|trapezaki kefalonia
DESTINATIONS,Destination,Beach,L67964,742,
DESTINATIONS,Destination,Lefkas,'000910',743,lefkas|lefkada|lefkas island|lefkada island
DESTINATIONS,Destination,Aghios Ioannis,'002516',744,aghios ioannis lefkada|agios ioannis lefkada|agios ioannis lefkas
DESTINATIONS,Destination,Lazarata,'004382',745,lazarata|lazarata lefkada|lazarata lefkas
DESTINATIONS,Destination,Lygia,'002198',746,lygia lefkada|lygia lefkas
DESTINATIONS,Destination,Nidri,'000911',747,nidri|nydri|nidri lefkada|nydri lefkada
DESTINATIONS,Destination,Nikiana,'001554',748,nikiana|nikiana lefkada|nikiana lefkas
DESTINATIONS,Destination,Spanochori,L58682,749,spanochori|spanochori lefkada|spanochori lefkas
DESTINATIONS,Destination,Tsoukalades,L67862,750,tsoukalades|tsoukalades lefkada|tsoukalades lefkas
DESTINATIONS,Destination,Paxos,'002173',751,paxos|paxi|paxos island|paxi island
DESTINATIONS,Destination,Loggos,'002508',752,loggos paxos|loggos paxi
DESTINATIONS,Destination,Magazia,'003208',753,magazia paxos|magazia paxi
DESTINATIONS,Destination,Gaios,'002174',754,gaios|gaios paxos|gaios paxi
DESTINATIONS,Destination,Katakolon (for Olympia),'002637',755,katakolon|katakolo|katakolon port|katakolon (olympia)|katakolon for olympia|olympia port (katakolon)|katakolon greece
DESTINATIONS,Destination,Naxos,'001481',756,naxos|naxos island|naxos greece
DESTINATIONS,Destination,North Aegean Islands,L24965,757,north aegean islands|northern aegean islands|north aegean
DESTINATIONS,Destination,Skiathos,'000941',758,skiathos|skiathos island
DESTINATIONS,Destination,Achladies Bay,'002251',759,achladies bay|achladies|achladies beach
DESTINATIONS,Destination,Aghia Paraskevi,'001354',760,aghia paraskevi|agia paraskevi|agia paraskevi beach|aghia paraskevi beach
DESTINATIONS,Destination,Aselinos,L68303,761,aselinos|aselinos beach
DESTINATIONS,Destination,Kanapitsa,'000942',762,kanapitsa|kanapitsa beach
DESTINATIONS,Destination,Kolios Beach,'001938',763,kolios beach|kolios beach skiathos|kolios
DESTINATIONS,Destination,Koukounaries,'001351',764,koukounaries|koukounaries beach
DESTINATIONS,Destination,Megali Ammos,'001317',765,megali ammos|megali ammos beach|megali amos
DESTINATIONS,Destination,Punta,L49861,766,
DESTINATIONS,Destination,Skiathos Town,'000945',767,skiathos town|skiathos town centre|skiathos city|skiathos port town
DESTINATIONS,Destination,Troulos,'000946',768,troulos|troulos beach
DESTINATIONS,Destination,Vasilias,'001674',769,vasilias|vasilias beach
DESTINATIONS,Destination,Thassos,'000947',770,thassos|thasos|thassos island|thasos island
DESTINATIONS,Destination,Golden Beach,'001301',771,"golden beach (thassos)|golden beach thassos|golden beach, thassos"
DESTINATIONS,Destination,Limenaria,'001700',772,limenaria|limenaria thassos
DESTINATIONS,Destination,Potos,'001701',773,potos|potos thassos
DESTINATIONS,Destination,Skala Potamias,'001302',774,skala potamias|scala potamias|skala potamia|skala potamias thassos
DESTINATIONS,Destination,Skala Rahoni,'001306',775,skala rahoni|scala rahoni|skala rachoni|skala rahoni thassos
DESTINATIONS,Destination,Thassos Town,'000949',776,thassos town|thasos town|limenas|thassos (limenas)|thasos (limenas)
DESTINATIONS,Destination,Trypiti,'005946',777,trypiti|trypiti thassos
DESTINATIONS,Destination,Samos,'000935',778,samos|samos island
DESTINATIONS,Destination,Kambos,'001661',779,kambos (samos)|kambos samos|kampos (samos)|kampos samos
DESTINATIONS,Destination,Karlovasi,L50314,780,karlovasi|karlovassi|karlovasi samos|karlovassi samos
DESTINATIONS,Destination,Kokkari,'000936',781,kokkari|kokkari samos
DESTINATIONS,Destination,Mykali,'006526',782,mykali|mykali beach|mykali samos
DESTINATIONS,Destination,Pythagorion,'000937',783,pythagorion|pythagorio|pythagorion samos|pythagorio samos
DESTINATIONS,Destination,Samos Town,'000938',784,samos town|vathi|vathy|samos (vathi)|samos (vathy)
DESTINATIONS,Destination,Skopelos,'000134',785,skopelos|skopelos island
DESTINATIONS,Destination,Skopelos Town,'000136',786,skopelos town|skopelos town centre|skopelos port town|chora skopelos|skopelos chora
DESTINATIONS,Destination,Alonissos,'002171',788,alonissos|alonnisos|alonissos island|alonnisos island
DESTINATIONS,Destination,Marpunta,L50244,789,marpunta|marpounta|marpunta alonissos|marpounta alonissos
DESTINATIONS,Destination,Patitiri,'002172',790,patitiri|patitiri alonissos
DESTINATIONS,Destination,Parga,'000915',791,parga|parga greece
DESTINATIONS,Destination,Kastrosikia,L63622,792,kastrosikia|kastrosykia
DESTINATIONS,Destination,Parga Town,'000916',793,parga town|parga town centre|parga centre
DESTINATIONS,Destination,Perdika,L56282,794,perdika (parga)|perdika parga|perdika thesprotia
DESTINATIONS,Destination,Sivota,L69102,795,sivota|syvota|sivota greece|syvota greece
DESTINATIONS,Destination,Lichnos,'002195',796,lichnos|lichnos beach|lichnos parga
DESTINATIONS,Destination,Patmos,L21005,798,patmos|patmos island
DESTINATIONS,Destination,Peloponnese,'002189',799,peloponnese|peloponnesus|peloponnese peninsula
DESTINATIONS,Destination,Messinia,'003211',800,messinia|messenia|messinia region|messenia region
DESTINATIONS,Destination,Costa Navarino,L45803,801,costa navarino|navarino costa|costa navarino resort
DESTINATIONS,Destination,Kalamata,L18509,802,kalamata|kalamata greece
DESTINATIONS,Destination,Kalo Nero,L45802,803,kalo nero|kalo nero greece|kalo nero beach
DESTINATIONS,Destination,Koroni,'003212',804,koroni|koroni messinia
DESTINATIONS,Destination,Kyparissia,L68823,805,kyparissia|kiparissia|kyparissia greece
DESTINATIONS,Destination,Petalidi,'002192',806,petalidi|petalidi messinia
DESTINATIONS,Destination,Kitries,'003240',807,kitries|kitries messinia
DESTINATIONS,Destination,Piraeus (for Athens),'000666',808,piraeus|piraeus port|port of piraeus|piraeus (athens)|athens port (piraeus)
DESTINATIONS,Destination,Preveza,L69422,809,preveza|preveza greece|preveza town
DESTINATIONS,Destination,South Aegean Islands,L24960,810,south aegean islands|southern aegean islands|south aegean
DESTINATIONS,Destination,Kos,'000899',811,kos|kos island|kos greece
DESTINATIONS,Destination,Agios Fokas,'006246',812,agios fokas|agios fokas kos|agios fokas beach
DESTINATIONS,Destination,Helona Beach,'007426',813,helona beach|helona beach kos
DESTINATIONS,Destination,Kardamena,'000905',814,kardamena|kardamena kos
DESTINATIONS,Destination,Kefalos,'000906',815,kefalos|kefalos kos
DESTINATIONS,Destination,Kos Beach,L68025,816,kos beach|kos beach area|kos beachfront
DESTINATIONS,Destination,Kos Town,'000907',817,kos town|kos town centre|kos city
DESTINATIONS,Destination,Lambi,'006346',818,lambi|lambi kos|lambi beach
DESTINATIONS,Destination,Marmari,'001495',819,marmari|marmari kos
DESTINATIONS,Destination,Mastichari,'001015',820,mastichari|mastichari kos
DESTINATIONS,Destination,Psalidi,'000908',821,psalidi|psalidi kos
DESTINATIONS,Destination,Tingaki,'000909',822,tingaki|tigaki|tingaki kos|tigaki kos
DESTINATIONS,Destination,Rhodes,'000923',823,rhodes|rhodes island|rhodes greece
DESTINATIONS,Destination,Afandou,'001021',824,afandou|afantou|afandou rhodes|afantou rhodes
DESTINATIONS,Destination,Archangelos,L70503,825,archangelos|archangelos rhodes
DESTINATIONS,Destination,Faliraki,'000924',826,faliraki|faliraki rhodes
DESTINATIONS,Destination,Fanes,L63553,827,fanes|fanes rhodes
DESTINATIONS,Destination,Gennadi,'000925',828,gennadi|genadi|gennadi rhodes|genadi rhodes
DESTINATIONS,Destination,Ialyssos,'004451',829,ialyssos|ialysos|ialyssos rhodes|ialysos rhodes
DESTINATIONS,Destination,Ixia,'000926',830,ixia|ixia rhodes
DESTINATIONS,Destination,Ixia/Rhodes Town,L56522,831,ixia / rhodes town|ixia and rhodes town|ixia to rhodes town area|ixia rhodes town
DESTINATIONS,Destination,Kalathos,'001020',832,kalathos|kalathos rhodes
DESTINATIONS,Destination,Kalithea (Rhodes),'000927',833,kalithea rhodes|kallithea rhodes|kalithea (rhodes)|kallithea (rhodes)
DESTINATIONS,Destination,Kiotari,'001019',834,kiotari|kiotari rhodes
DESTINATIONS,Destination,Kolymbia,'000928',835,kolymbia|kolymbia rhodes
DESTINATIONS,Destination,Koskinou,'002149',836,koskinou|koskinou rhodes
DESTINATIONS,Destination,Kremasti,'002202',837,kremasti|kremasti rhodes
DESTINATIONS,Destination,Lachania,'008826',838,lachania|lachania rhodes
DESTINATIONS,Destination,Lardos,'000929',839,lardos|lardos rhodes
DESTINATIONS,Destination,Lindos,'000930',840,lindos|lindos rhodes
DESTINATIONS,Destination,Lindos/Kiotari,L56523,841,lindos / kiotari|lindos and kiotari|lindos kiotari area
DESTINATIONS,Destination,Pastida,'002144',842,pastida|pastida rhodes
DESTINATIONS,Destination,Pefkos,'001284',843,pefkos|pefkos rhodes|pefki rhodes|pefkos (lindos area)
DESTINATIONS,Destination,Plimmiri,'008586',844,plimmiri|plimiri|plimmiri rhodes|plimiri rhodes
DESTINATIONS,Destination,Rhodes Town,'000931',845,rhodes town|rhodes town centre|rhodes city
DESTINATIONS,Destination,Tholos,'000932',846,tholos rhodes|theologos|theologos rhodes|tholos (theologos)
DESTINATIONS,Destination,Trianda,'000933',847,trianda|trianda rhodes|ialyssos (trianda)
DESTINATIONS,Destination,Mykonos,'002165',848,mykonos|mykonos island
DESTINATIONS,Destination,Agios Ioannis,'002725',849,agios ioannis mykonos|agios ioannis (mykonos)|agios ioannis beach mykonos
DESTINATIONS,Destination,Agios Stefanos,'006866',850,agios stefanos mykonos|agios stefanos (mykonos)|agios stefanos beach mykonos
DESTINATIONS,Destination,Ano Mera,L68510,851,ano mera|ano mera mykonos|ano meras
DESTINATIONS,Destination,Elia,L65344,852,elia mykonos|elia beach mykonos|elia (mykonos)
DESTINATIONS,Destination,Ftelia,L46044,853,ftelia|ftelia mykonos|ftelia beach
DESTINATIONS,Destination,Kalafatis,L68487,854,kalafatis|kalafatis mykonos|kalafatis beach
DESTINATIONS,Destination,Kalo Livadi,'006547',855,kalo livadi|kalo livadi mykonos|kalo livadi beach
DESTINATIONS,Destination,Mykonos Town,'002166',856,mykonos town|chora mykonos|mykonos chora|mykonos town centre
DESTINATIONS,Destination,Ornos,'002167',857,ornos|ornos mykonos|ornos beach
DESTINATIONS,Destination,Panormos,L63547,858,panormos mykonos|panormos beach mykonos|panormos (mykonos)
DESTINATIONS,Destination,Plati Yialos,'002168',859,plati yialos|platis gialos|plati gialos|platis yialos|platis gialos mykonos
DESTINATIONS,Destination,Psarou,'006549',860,psarou|psarou mykonos|psarou beach
DESTINATIONS,Destination,Tourlos,L39242,861,tourlos|tourlos mykonos
DESTINATIONS,Destination,Santorini,'000939',862,santorini|santorini island
DESTINATIONS,Destination,Akrotiri,'006117',863,akrotiri santorini|akrotiri (santorini)
DESTINATIONS,Destination,Emporio,L68462,864,emporio santorini|emporio (santorini)|emporeio santorini
DESTINATIONS,Destination,Exomitis,L72102,865,exomitis|exomitis santorini
DESTINATIONS,Destination,Firostefani,'003225',866,firostefani|firostefani santorini
DESTINATIONS,Destination,Imerovigli,'002163',867,imerovigli|imerovigli santorini
DESTINATIONS,Destination,Ios Island,L52707,868,ios|ios island|ios greece
DESTINATIONS,Destination,Kamari,'000940',869,kamari|kamari santorini|kamari beach
DESTINATIONS,Destination,Karterados,L68508,870,karterados|karterados santorini
DESTINATIONS,Destination,Koloumpos,L68506,871,koloumpos|koloumbos|koloumpos santorini|koloumbos santorini
DESTINATIONS,Destination,Megalocori,'003750',872,megalochori|megalohori|megalochori santorini|megalocori santorini
DESTINATIONS,Destination,Messaria,'007590',873,messaria|mesaria|messaria santorini|mesaria santorini
DESTINATIONS,Destination,Monolithos,'004449',874,monolithos santorini|monolithos (santorini)|monolithos beach santorini
DESTINATIONS,Destination,Oia,'003226',875,oia|oia santorini|ia santorini
DESTINATIONS,Destination,Perissa,'001294',876,perissa|perissa santorini|perissa beach
DESTINATIONS,Destination,Perivolos,'002164',877,perivolos|perivolos santorini|perivolos beach
DESTINATIONS,Destination,Pyrgos,'002892',878,pyrgos santorini|pyrgos (santorini)|pyrgos kallistis
DESTINATIONS,Destination,Thira,'004448',879,thira|thera|fira|fira (thira)
DESTINATIONS,Destination,Vlychada,L62842,880,vlychada|vlichada|vlychada santorini|vlichada santorini
DESTINATIONS,Destination,Vourvoulos,L68465,881,vourvoulos|vourvoulos santorini
DESTINATIONS,Destination,Paros,'000917',882,paros|paros island|paros greece
DESTINATIONS,Destination,Thessaloniki,'001522',883,thessaloniki|salonika|thessaloniki city
DESTINATIONS,Destination,Hungary,HUN,884,hungary
DESTINATIONS,Destination,Budapest,'000618',885,budapest|budapest city
DESTINATIONS,Destination,Esztergom,L53306,886,esztergom
DESTINATIONS,Destination,Kalocsa,L53305,887,kalocsa
DESTINATIONS,Destination,Mohacs,L53304,888,mohacs|mohács
DESTINATIONS,Destination,Lake Balaton,L68982,889,lake balaton|balaton lake
DESTINATIONS,Destination,Balatonfüred,L68984,890,balatonfured|balatonfüred
DESTINATIONS,Destination,Siófok,L68983,891,siofok|siófok
DESTINATIONS,Destination,Iceland,ISL,892,iceland
DESTINATIONS,Destination,Reykjavik,'000622',893,reykjavik|reykjavík
DESTINATIONS,Destination,Ireland,IRL,894,ireland
DESTINATIONS,Destination,Italy,ITA,895,italy
DESTINATIONS,Destination,Ancona,L47110,896,ancona
DESTINATIONS,Destination,Assisi,'003293',897,assisi
DESTINATIONS,Destination,Bardonecchia,'001551',898,bardonecchia
DESTINATIONS,Destination,Bergamo,L65803,899,bergamo
DESTINATIONS,Destination,Bologna,'003454',900,bologna
DESTINATIONS,Destination,Brescia,L65804,901,brescia
DESTINATIONS,Destination,Calabria,'003413',902,calabria
DESTINATIONS,Destination,Capo Vaticano,'003416',903,capo vaticano|capo vaticano calabria
DESTINATIONS,Destination,Parghelia,'003679',904,parghelia
DESTINATIONS,Destination,Pizzo,'003415',905,pizzo|pizzo calabria|pizzo calabro
DESTINATIONS,Destination,Zambrone,L50983,906,zambrone|zambrone calabria
DESTINATIONS,Destination,Campania,L24958,907,"campania|campania region|campania, italy"
DESTINATIONS,Destination,Amalfi Coast,'006446',908,amalfi coast|amalfi coast italy|amalfi coastline|costiera amalfitana
DESTINATIONS,Destination,Amalfi,'000673',909,amalfi|amalfi town
DESTINATIONS,Destination,Maiori,'000677',910,maiori
DESTINATIONS,Destination,Minori,'000674',911,minori
DESTINATIONS,Destination,Positano,'001297',912,positano
DESTINATIONS,Destination,Ravello,'001485',913,ravello
DESTINATIONS,Destination,Scala,'002413',914,"scala (amalfi coast)|scala, italy"
DESTINATIONS,Destination,Praiano,'001298',915,praiano
DESTINATIONS,Destination,Vietri sul Mare,'004391',916,vietri sul mare|vietri
DESTINATIONS,Destination,Conca dei Marini,L49821,917,"conca dei marini|conca dei marini, italy"
DESTINATIONS,Destination,Castellammare di Stabia,L44181,918,castellammare di stabia|castellammare
DESTINATIONS,Destination,Ischia,'001125',919,ischia|ischia island|isle of ischia
DESTINATIONS,Destination,Naples,L48664,920,naples|napoli
DESTINATIONS,Destination,Sorrento Coast,L57282,921,sorrento coast|sorrento coast italy|coast of sorrento
DESTINATIONS,Destination,Sorrento,'000676',922,sorrento
DESTINATIONS,Destination,SantAgnello,'001907',923,sant'agnello|sant agnello|santa agnello
DESTINATIONS,Destination,Massa Lubrense,'001688',924,massa lubrense
DESTINATIONS,Destination,Piano di Sorrento,'004176',925,piano di sorrento
DESTINATIONS,Destination,Meta di Sorrento,'002688',926,meta di sorrento|meta (sorrento)
DESTINATIONS,Destination,Vico Equense,'006078',927,vico equense
DESTINATIONS,Destination,Seiano,L51424,928,seiano
DESTINATIONS,Destination,SantAgata,'002352',929,sant'agata|sant agata|sant'agata sui due golfi
DESTINATIONS,Destination,Sorrento/Amalfi Coast,L72043,930,sorrento and amalfi coast|sorrento/amalfi coast|amalfi & sorrento coast|sorrento amalfi coast
DESTINATIONS,Destination,Cava de Tirreni,L70304,931,cava de' tirreni|cava de tirreni|cava dei tirreni
DESTINATIONS,Destination,Cavalese,'001271',932,cavalese
DESTINATIONS,Destination,Cervinia,'000648',933,cervinia|breuil-cervinia|breuil cervinia
DESTINATIONS,Destination,Civitavecchia (for Rome),'000654',934,civitavecchia|civitavecchia port|civitavecchia (rome)
DESTINATIONS,Destination,Colfosco,L57828,935,colfosco
DESTINATIONS,Destination,Cortina dAmpezzo,'001632',936,cortina d'ampezzo|cortina|cortina ampezzo
DESTINATIONS,Destination,Corvara,L57827,937,corvara|corvara in badia
DESTINATIONS,Destination,Courmayeur,'000649',938,courmayeur
DESTINATIONS,Destination,Drei Zinnen,L54248,939,drei zinnen|three peaks|tre cime|tre cime di lavaredo
DESTINATIONS,Destination,Florence,'000653',940,florence|firenze
DESTINATIONS,Destination,Folgaria,'004191',941,folgaria
DESTINATIONS,Destination,Folgarida,'001473',942,folgarida
DESTINATIONS,Destination,Gressoney,'001460',943,gressoney|gressoney-la-trinité|gressoney saint jean|gressoney-saint-jean
DESTINATIONS,Destination,Italian Riviera,'001595',944,italian riviera|riviera italy|liguria riviera
DESTINATIONS,Destination,Genoa,'003438',945,genoa|genova
DESTINATIONS,Destination,Chiavari,L70042,946,chiavari
DESTINATIONS,Destination,Rapallo,'002877',947,rapallo
DESTINATIONS,Destination,Santa Margherita Ligure,L70495,948,santa margherita ligure|santa margherita|santa margherita liguria
DESTINATIONS,Destination,Sestri Levante,'003748',949,sestri levante
DESTINATIONS,Destination,Kronplatz,L35821,950,kronplatz|plan de corones
DESTINATIONS,Destination,La Spezia (For Florence & Pisa),'002699',951,la spezia|la spezia port|la spezia (for florence and pisa)
DESTINATIONS,Destination,La Thuile,'001366',952,la thuile
DESTINATIONS,Destination,Lake Como,'000657',953,lake como|como lake|lago di como
DESTINATIONS,Destination,Bellagio,'000658',954,bellagio|bellagio (lake como)
DESTINATIONS,Destination,Como,L66102,955,como|como town
DESTINATIONS,Destination,Lecco,L69862,956,lecco
DESTINATIONS,Destination,Menaggio,'001517',957,menaggio
DESTINATIONS,Destination,Tremezzo,'001331',958,tremezzo
DESTINATIONS,Destination,Lake Garda,'000659',959,lake garda|lago di garda|garda lake
DESTINATIONS,Destination,Bardolino,'000660',960,bardolino
DESTINATIONS,Destination,Desenzano,'001382',961,desenzano|desenzano del garda
DESTINATIONS,Destination,Garda,'001122',962,garda|garda town
DESTINATIONS,Destination,Castelnuovo (Gardaland),'005766',963,castelnuovo del garda|castelnuovo (gardaland)|castelnuovo gardaland
DESTINATIONS,Destination,Gardone Riviera,'001232',964,gardone riviera
DESTINATIONS,Destination,Lazise,'002783',965,lazise
DESTINATIONS,Destination,Limone,'000661',966,limone sul garda|limone (lake garda)
DESTINATIONS,Destination,Maderno,'002404',967,maderno|toscolano-maderno|toscolano maderno
DESTINATIONS,Destination,Malcesine,'000662',968,malcesine
DESTINATIONS,Destination,Peschiera,'003730',969,peschiera del garda|peschiera (lake garda)
DESTINATIONS,Destination,Riva,'000663',970,riva del garda|riva (lake garda)
DESTINATIONS,Destination,Salò,'001432',971,salo|salò
DESTINATIONS,Destination,Sirmione,'001332',972,sirmione
DESTINATIONS,Destination,Torbole,'001919',973,torbole|torbole sul garda|torbole (lake garda)
DESTINATIONS,Destination,Lake Levico,L66522,974,lake levico|levico lake|lago di levico
DESTINATIONS,Destination,Lake Maggiore,'000667',975,lake maggiore|lago maggiore|maggiore lake
DESTINATIONS,Destination,Stresa,'000670',976,stresa
DESTINATIONS,Destination,Arona,L64262,977,arona|arona (lake maggiore)
DESTINATIONS,Destination,Meina,'004118',978,meina|meina (lake maggiore)
DESTINATIONS,Destination,Pallanza,'000669',979,pallanza|pallanza (verbania)
DESTINATIONS,Destination,Lake Molveno,L60888,980,lake molveno|molveno lake|lago di molveno
DESTINATIONS,Destination,Molveno,'001918',981,molveno
DESTINATIONS,Destination,Lake Orta,L66784,982,lake orta|orta lake|lago d'orta
DESTINATIONS,Destination,Livigno,'000650',983,livigno
DESTINATIONS,Destination,Livorno (for Florence and Pisa),CMS095,984,livorno|livorno port|livorno (for florence and pisa)
DESTINATIONS,Destination,Madonna di Campiglio,'001456',985,madonna di campiglio
DESTINATIONS,Destination,Marina di Carrara (for Florence and Pisa),'005186',986,marina di carrara|marina di carrara port|marina di carrara (for florence and pisa)
DESTINATIONS,Destination,Milan,'001655',987,milan|milano
DESTINATIONS,Destination,Naples (for Pompeii & Capri),'001629',988,naples (for pompeii and capri)|naples for pompeii|naples for capri|napoli (for pompeii and capri)
DESTINATIONS,Destination,Ortisei,L23581,989,ortisei|st ulrich|st. ulrich|urtijëi
DESTINATIONS,Destination,Passo Tonale,'001470',990,passo tonale|tonale pass
DESTINATIONS,Destination,Perugia,'003295',991,perugia
DESTINATIONS,Destination,Pila,'002482',992,pila (aosta valley)|pila ski resort
DESTINATIONS,Destination,Pinzolo,L65003,993,pinzolo
DESTINATIONS,Destination,Piombino (for Siena and Pisa),L44068,994,piombino|piombino port|piombino (for siena and pisa)
DESTINATIONS,Destination,Puglia,'002891',995,puglia|apulia|puglia region|apulia region
DESTINATIONS,Destination,Bari,L34766,996,bari
DESTINATIONS,Destination,Brindisi,'002868',997,brindisi
DESTINATIONS,Destination,Carovigno,L50315,998,carovigno
DESTINATIONS,Destination,Castelleneta Marina,L64305,999,castelleneta marina|castellaneta marina
DESTINATIONS,Destination,Gallipoli,L46904,1000,gallipoli (puglia)|gallipoli italy
DESTINATIONS,Destination,Lecce,'003248',1001,lecce
DESTINATIONS,Destination,Margherita di Savoia,L71983,1002,margherita di savoia
DESTINATIONS,Destination,Marina di Ugento,'008927',1003,marina di ugento
DESTINATIONS,Destination,Monopoli,'003249',1004,monopoli
DESTINATIONS,Destination,Ostuni,'003250',1005,ostuni
DESTINATIONS,Destination,Otranto,'003419',1006,otranto
DESTINATIONS,Destination,Polignano a Mare,L62244,1007,polignano a mare|polignano al mare
DESTINATIONS,Destination,Santa Maria Al Bagno,L46903,1008,santa maria al bagno
DESTINATIONS,Destination,Santa Maria di Leuca,L46901,1009,santa maria di leuca|leuca
DESTINATIONS,Destination,Selva di Fasano,'003579',1010,selva di fasano
DESTINATIONS,Destination,Vernole,L46883,1011,vernole
DESTINATIONS,Destination,Ravenna (For Bologna),L55163,1012,ravenna|ravenna (for bologna)
DESTINATIONS,Destination,Rimini,'001128',1013,rimini
DESTINATIONS,Destination,Rome,L47461,1014,rome|roma
DESTINATIONS,Destination,Salerno (for Pompeii and Amalfi Coast),'004390',1015,salerno|salerno (for pompeii and amalfi coast)|salerno for amalfi coast|salerno for pompeii
DESTINATIONS,Destination,San Martino di Castrozza,L61802,1016,san martino di castrozza|san martino castrozza
DESTINATIONS,Destination,Sanremo,'005741',1017,sanremo|san remo
DESTINATIONS,Destination,Sansicario,'003974',1018,sansicario
DESTINATIONS,Destination,Santa Cristina Val Gardena,'002412',1019,santa cristina val gardena|santa cristina|santa cristina in val gardena
DESTINATIONS,Destination,Sardinia,'000678',1020,sardinia|sardegna|sardinia island
DESTINATIONS,Destination,Alghero Area,L44162,1021,alghero area|alghero region|around alghero
DESTINATIONS,Destination,Alghero,'000679',1022,alghero
DESTINATIONS,Destination,Porto Torres,L47107,1023,porto torres
DESTINATIONS,Destination,Olbia Area,L44161,1024,olbia area|olbia region|around olbia
DESTINATIONS,Destination,Baia Sardinia,'003253',1025,baia sardinia|baja sardinia
DESTINATIONS,Destination,Budoni,'006082',1026,budoni
DESTINATIONS,Destination,Cannigione,'003256',1027,cannigione
DESTINATIONS,Destination,Golfo Aranci,L63762,1028,golfo aranci
DESTINATIONS,Destination,Matta e Peru,L46322,1029,
DESTINATIONS,Destination,Olbia,'002844',1030,olbia
DESTINATIONS,Destination,Orosei,L71184,1031,orosei
DESTINATIONS,Destination,Palau,'003432',1032,palau (sardinia)|palau italy
DESTINATIONS,Destination,Porto Cervo,'002875',1033,porto cervo
DESTINATIONS,Destination,Porto Rotondo,'006085',1034,porto rotondo
DESTINATIONS,Destination,San Pantaleo,'003260',1035,san pantaleo|san pantaleo (sardinia)
DESTINATIONS,Destination,San Teodoro,L46307,1036,san teodoro|san teodoro (sardinia)
DESTINATIONS,Destination,Sant Antonio Di Gallura,'005786',1037,sant'antonio di gallura|sant antonio di gallura|sant'antonio gallura
DESTINATIONS,Destination,Santa Teresa Gallura,'006091',1038,santa teresa gallura|santa teresa di gallura|santa teresa gallura sardinia
DESTINATIONS,Destination,Cagliari Area,L63023,1039,cagliari area|cagliari region|around cagliari
DESTINATIONS,Destination,Arbatax,'003251',1040,arbatax
DESTINATIONS,Destination,Cagliari,'003683',1041,cagliari
DESTINATIONS,Destination,Chia,'003582',1042,chia (sardinia)|chia beach sardinia
DESTINATIONS,Destination,Santa Margherita di Pula,'003261',1043,santa margherita di pula
DESTINATIONS,Destination,Villasimius,'003262',1044,villasimius
DESTINATIONS,Destination,Pula (Sardinia),'003797',1045,"pula (sardinia)|pula sardinia|pula, italy (sardinia)"
DESTINATIONS,Destination,Sauze dOulx,'000651',1046,sauze d'oulx|sauze doulx|sauze
DESTINATIONS,Destination,Savona (for Genoa and Turin),L47103,1047,savona|savona port|savona (for genoa and turin)
DESTINATIONS,Destination,Selva Val Gardena,'001431',1048,selva val gardena|selva di val gardena|wolkenstein in gröden|wolkenstein
DESTINATIONS,Destination,Sestriere,'001461',1049,sestriere
DESTINATIONS,Destination,Sicily,'000681',1050,sicily|sicilia|sicily island
DESTINATIONS,Destination,Acireale,'006093',1051,acireale
DESTINATIONS,Destination,Alcamo,'006094',1052,alcamo
DESTINATIONS,Destination,Avola,L59822,1053,avola
DESTINATIONS,Destination,Brucoli,'006095',1054,brucoli
DESTINATIONS,Destination,Campofelice di Roccella,'007806',1055,campofelice di roccella
DESTINATIONS,Destination,Castellammare del Golfo,'003263',1056,castellammare del golfo
DESTINATIONS,Destination,Castelmola,'003766',1057,"castelmola, sicily|castelmola italy"
DESTINATIONS,Destination,Catania,'006099',1058,"catania|catania, sicily|catania italy"
DESTINATIONS,Destination,Catania (for Mount Etna & Taormina),L70997,1059,catania for mount etna|catania for etna|catania for taormina|catania (etna and taormina)
DESTINATIONS,Destination,Cefalu,'002681',1060,"cefalu|cefalù|cefalu, sicily|cefalù, sicily"
DESTINATIONS,Destination,Citta Del Mare,L68022,1061,citta del mare|città del mare
DESTINATIONS,Destination,East Coast,L71303,1062,east coast|east coast of sicily|sicily east coast
DESTINATIONS,Destination,Forza DAgro,'002714',1063,forza d'agro|forza d’agro|forza d agro
DESTINATIONS,Destination,Gaggi,L61028,1064,gaggi|gaggi sicily
DESTINATIONS,Destination,Giardini Naxos,'000682',1065,giardini naxos|giardini-naxos|giardini naxos sicily
DESTINATIONS,Destination,Giarre,L62223,1066,giarre|giarre sicily
DESTINATIONS,Destination,Letojanni,'000683',1067,letojanni|letojanni sicily
DESTINATIONS,Destination,Marina di Ragusa,'006102',1068,marina di ragusa|marina di ragusa sicily
DESTINATIONS,Destination,Mazara del Vallo,'004141',1069,mazara del vallo|mazara del vallo sicily
DESTINATIONS,Destination,Mazzeo,L71373,1070,mazzeo|mazzeo sicily
DESTINATIONS,Destination,Messina (for Mount Etna),'002627',1071,messina for mount etna|messina for etna|messina (mount etna)
DESTINATIONS,Destination,Modica,'006104',1072,modica|modica sicily
DESTINATIONS,Destination,North Coast,L71302,1073,north coast|north coast of sicily|sicily north coast
DESTINATIONS,Destination,Noto,'003467',1074,noto|noto sicily
DESTINATIONS,Destination,Palermo,'002691',1075,palermo|palermo sicily|palermo italy
DESTINATIONS,Destination,Pozzallo,L56062,1076,pozzallo|pozzallo sicily
DESTINATIONS,Destination,Sampieri,L69502,1077,sampieri|sampieri sicily
DESTINATIONS,Destination,Santa Venerina,'004380',1078,santa venerina|santa venerina sicily
DESTINATIONS,Destination,Siracusa,'003270',1079,siracusa|syracuse (sicily)|siracusa sicily
DESTINATIONS,Destination,Taormina,'000686',1080,taormina|taormina sicily
DESTINATIONS,Destination,Taormina Mare,'002710',1081,taormina mare|taormina sea front|taormina seaside
DESTINATIONS,Destination,Trapani,'003588',1082,trapani|trapani sicily
DESTINATIONS,Destination,Villafranca Tirrena,'006110',1083,villafranca tirrena|villafranca tirrena sicily
DESTINATIONS,Destination,Trieste,'002635',1084,trieste|trieste italy
DESTINATIONS,Destination,Turin,'003455',1085,turin|turin italy|torino
DESTINATIONS,Destination,Tuscany,'002230',1086,tuscany|toscana|tuscany region
DESTINATIONS,Destination,Arezzo,'003013',1087,arezzo|arezzo italy
DESTINATIONS,Destination,Lido di Camaiore,'000690',1088,lido di camaiore|lido di camaiore italy
DESTINATIONS,Destination,Marina di Pietrasanta,'002716',1089,marina di pietrasanta|marina di pietrasanta italy
DESTINATIONS,Destination,Pisa,'003597',1090,pisa|pisa italy
DESTINATIONS,Destination,Tirrenia,'003780',1091,tirrenia|tirrenia italy
DESTINATIONS,Destination,Viareggio,'000693',1092,viareggio|viareggio italy
DESTINATIONS,Destination,Siena,'001586',1093,siena|siena italy
DESTINATIONS,Destination,Val di Fassa,'002410',1094,val di fassa|fassa valley
DESTINATIONS,Destination,Venetian Riviera,'000695',1095,venetian riviera|veneto riviera|venice riviera
DESTINATIONS,Destination,Lido di Jesolo,'000696',1096,lido di jesolo|jesolo lido|lido di jesolo italy
DESTINATIONS,Destination,Venice,'000655',1097,venice|venezia|venice italy
DESTINATIONS,Destination,Verona,'000656',1098,verona|verona italy
DESTINATIONS,Destination,Jersey,JEY,1099,jersey|jersey channel islands|island of jersey
DESTINATIONS,Destination,Lapland,'002179',1100,lapland|finnish lapland
DESTINATIONS,Destination,Arctic Lakeland,L69802,1101,arctic lakeland
DESTINATIONS,Destination,Hetta,L44721,1102,hetta|hetta finland
DESTINATIONS,Destination,Iso-Syöte,'003883',1103,iso-syote|iso-syöte
DESTINATIONS,Destination,Kuusamo,L49301,1104,kuusamo|kuusamo finland
DESTINATIONS,Destination,Levi,'002181',1105,levi|levi finland|levi lapland
DESTINATIONS,Destination,Luosto,'008306',1106,luosto|luosto finland
DESTINATIONS,Destination,Pallas,'004422',1107,pallas|pallas finland|pallas lapland
DESTINATIONS,Destination,Pyhä,'003884',1108,pyha|pyhä|pyhä finland
DESTINATIONS,Destination,Rovaniemi,'002503',1109,rovaniemi|rovaniemi finland|santa claus village
DESTINATIONS,Destination,Ruka,'003870',1110,ruka|ruka finland
DESTINATIONS,Destination,Saariselka,'004506',1111,saariselka|saariselkä|saariselka finland
DESTINATIONS,Destination,Salla,'003979',1112,salla|salla finland
DESTINATIONS,Destination,Ylläs,'002180',1113,yllas|ylläs|ylläs finland
DESTINATIONS,Destination,Latvia,LVA,1114,latvia
DESTINATIONS,Destination,Riga,'002266',1115,riga|riga latvia
DESTINATIONS,Destination,Lithuania,LTU,1116,lithuania
DESTINATIONS,Destination,Vilnius,L59962,1117,vilnius|vilnius lithuania
DESTINATIONS,Destination,Luxembourg,LUX,1118,luxembourg
DESTINATIONS,Destination,Luxembourg City,'003475',1119,luxembourg city|luxembourg city centre|luxembourg city break
DESTINATIONS,Destination,Malta,MLT,1120,malta
DESTINATIONS,Destination,Bugibba,'000556',1121,bugibba|buġibba|bugibba malta
DESTINATIONS,Destination,Gzira,L70212,1122,gzira|gżira|gzira malta
DESTINATIONS,Destination,Mdina,'002711',1123,mdina|mdina malta|silent city malta
DESTINATIONS,Destination,Mellieha Bay,'001268',1124,mellieha bay|mellieħa bay|ghadira bay|għadira bay
DESTINATIONS,Destination,Naxxar,'007586',1125,naxxar|naxxar malta
DESTINATIONS,Destination,Paradise Bay,'000561',1126,paradise bay|paradise bay malta
DESTINATIONS,Destination,Qawra,'000562',1127,qawra|qawra malta
DESTINATIONS,Destination,San Anton,'000563',1128,san anton|san anton malta|san anton gardens
DESTINATIONS,Destination,Sliema,'000565',1129,sliema|sliema malta
DESTINATIONS,Destination,St Julians,'001246',1130,st julians|st julian's|saint julian's|st julians malta
DESTINATIONS,Destination,St PaulS Bay,'000568',1131,st paul's bay|st pauls bay|saint paul's bay|st pauls bay malta
DESTINATIONS,Destination,Valletta,'000570',1132,valletta|valletta malta
DESTINATIONS,Destination,Monaco,MCO,1133,monaco|principality of monaco
DESTINATIONS,Destination,Monte Carlo,'000584',1134,monte carlo|montecarlo|monte carlo monaco
DESTINATIONS,Destination,Montenegro,MNE,1135,montenegro
DESTINATIONS,Destination,Becici,'002765',1136,becici|bečići|becici montenegro
DESTINATIONS,Destination,Bijela,L56703,1137,bijela|bijela montenegro
DESTINATIONS,Destination,Budva,'002766',1138,budva|budva montenegro
DESTINATIONS,Destination,Herceg Novi,L66527,1139,herceg novi|hercegnovi|herceg novi montenegro
DESTINATIONS,Destination,Igalo,L50443,1140,igalo|igalo montenegro
DESTINATIONS,Destination,Kotor,L00203,1141,kotor|kotor montenegro|bay of kotor
DESTINATIONS,Destination,Perast,L51044,1142,perast|perast montenegro
DESTINATIONS,Destination,Petrovac,'000470',1143,petrovac|petrovac montenegro|petrovac na moru
DESTINATIONS,Destination,Podgorica,L67242,1144,podgorica|podgorica montenegro
DESTINATIONS,Destination,Tivat,L50786,1145,tivat|tivat montenegro
DESTINATIONS,Destination,Ulcinj,'006567',1146,ulcinj|ulcinj montenegro
DESTINATIONS,Destination,Netherlands,NLD,1147,netherlands|holland
DESTINATIONS,Destination,Amsterdam,'000613',1148,amsterdam|amsterdam city break
DESTINATIONS,Destination,Arnhem,L53267,1149,arnhem|arnhem netherlands
DESTINATIONS,Destination,Nijmegen,L56911,1150,nijmegen|nijmegen netherlands
DESTINATIONS,Destination,Rotterdam,'003452',1151,rotterdam|rotterdam netherlands
DESTINATIONS,Destination,Veere,L53329,1152,veere|veere netherlands
DESTINATIONS,Destination,North Macedonia,MKD,1153,north macedonia
DESTINATIONS,Destination,Lake Ohrid,L00982,1154,lake ohrid|ohrid lake
DESTINATIONS,Destination,Dolno Konjsko,L61503,1155,dolno konjsko
DESTINATIONS,Destination,Ohrid,L61275,1156,ohrid|ohrid north macedonia
DESTINATIONS,Destination,Pestani,L61685,1157,pestani|peštani|pestani ohrid
DESTINATIONS,Destination,Sveti Stefan,L61462,1158,sveti stefan|sveti stevan
DESTINATIONS,Destination,Struga,L64482,1159,struga|struga north macedonia
DESTINATIONS,Destination,Lagadin,L65214,1160,lagadin|lagadin ohrid
DESTINATIONS,Destination,Norway,NOR,1161,norway
DESTINATIONS,Destination,Beitostølen,'002449',1162,beitostolen|beitostølen
DESTINATIONS,Destination,Gausta,L67462,1163,gausta|gausta norway
DESTINATIONS,Destination,Geilo,'002450',1164,geilo|geilo norway
DESTINATIONS,Destination,Myrkdalen,L68902,1165,myrkdalen|myrkdalen norway
DESTINATIONS,Destination,Norefjell,L63270,1166,norefjell|norefjell norway
DESTINATIONS,Destination,Oslo,'000591',1167,oslo|oslo norway
DESTINATIONS,Destination,Tromso,'002833',1168,tromso|tromsø|tromso norway
DESTINATIONS,Destination,Trysil,L45282,1169,trysil|trysil norway
DESTINATIONS,Destination,Voss,'002448',1170,voss|voss norway
DESTINATIONS,Destination,Poland,POL,1171,poland
DESTINATIONS,Destination,Gdansk,'002259',1172,gdansk|gdańsk|gdansk poland
DESTINATIONS,Destination,Krakow,'001528',1173,krakow|kraków|krakow poland
DESTINATIONS,Destination,Warsaw,'001533',1174,warsaw|warszawa|warsaw poland
DESTINATIONS,Destination,Portugal,PRT,1175,portugal
DESTINATIONS,Destination,Azores,'001344',1176,azores|the azores
DESTINATIONS,Destination,Ponta Delgada,L27685,1177,ponta delgada|ponta delgada azores|ponta delgada sao miguel
DESTINATIONS,Destination,Estoril Coast,L66022,1178,estoril coast|lisbon coast|cascais-estoril coast
DESTINATIONS,Destination,Cascais,'000527',1179,cascais|cascais portugal
DESTINATIONS,Destination,Ericeira,'000529',1180,ericeira|ericeira portugal
DESTINATIONS,Destination,Sintra,'003321',1181,sintra|sintra portugal
DESTINATIONS,Destination,Estoril,'000530',1182,estoril|estoril portugal
DESTINATIONS,Destination,Lisbon,'000531',1183,lisbon|lisboa|lisbon city break
DESTINATIONS,Destination,Madeira,'000157',1184,madeira|madeira island
DESTINATIONS,Destination,Calheta,'001652',1185,calheta|calheta madeira
DESTINATIONS,Destination,Camara de Lobos,'003878',1186,camara de lobos|câmara de lobos|camara de lobos madeira
DESTINATIONS,Destination,Canical,'007986',1187,canical|caniçal|canical madeira
DESTINATIONS,Destination,Canico de Baixo,'000494',1188,canico de baixo|caniço de baixo|canico baixo|canico de baixo madeira
DESTINATIONS,Destination,Funchal,'000158',1189,funchal|funchal madeira
DESTINATIONS,Destination,Machico,'000493',1190,machico|machico madeira
DESTINATIONS,Destination,Ponta Do Sol,'002497',1191,ponta do sol|ponta do sol madeira
DESTINATIONS,Destination,Porto Moniz,L65562,1192,porto moniz|porto moniz madeira
DESTINATIONS,Destination,Prazeres,'001590',1193,prazeres|prazeres madeira
DESTINATIONS,Destination,Ribeira Brava,'004063',1194,ribeira brava|ribeira brava madeira
DESTINATIONS,Destination,Santa Cruz,'002724',1195,santa cruz|santa cruz madeira
DESTINATIONS,Destination,Santana,'001588',1196,santana|santana madeira
DESTINATIONS,Destination,Santo da Serra,'001589',1197,santo da serra|santo da serra madeira
DESTINATIONS,Destination,Sao Vicente,'001591',1198,sao vicente|são vicente|sao vicente madeira
DESTINATIONS,Destination,Porto,'004070',1199,porto|oporto|porto portugal
DESTINATIONS,Destination,Leixoes (for Porto),L51444,1200,leixoes|leixões|leixoes for porto|leixoes (porto)
DESTINATIONS,Destination,The Algarve,'000154',1201,algarve|the algarve|algarve region
DESTINATIONS,Destination,Acoteias,'000495',1202,acoteias|açoteias|acoteias algarve
DESTINATIONS,Destination,Albufeira,'000172',1203,albufeira|albufeira algarve|albufeira portugal
DESTINATIONS,Destination,Alcantarilha,'000496',1204,alcantarilha|alcantarilha algarve
DESTINATIONS,Destination,Aljezur,L67742,1205,aljezur|aljezur algarve
DESTINATIONS,Destination,Almancil,'000498',1206,almancil|almancil algarve
DESTINATIONS,Destination,Alte,'002990',1207,"alte|alte, algarve"
DESTINATIONS,Destination,Alvor,'000499',1208,"alvor|alvor, algarve"
DESTINATIONS,Destination,Armacao de Pera,'000500',1209,armacao de pera|armação de pêra|armacao de perà|armação de pera|armaçao de pera
DESTINATIONS,Destination,Balaia,'001965',1210,"balaia|balaia, albufeira"
DESTINATIONS,Destination,Boliqueime,'002359',1211,boliqueime
DESTINATIONS,Destination,Branqueira,'001966',1212,branqueira
DESTINATIONS,Destination,Carvoeiro,'000501',1213,"carvoeiro|carvoeiro, algarve"
DESTINATIONS,Destination,Faro,'004926',1214,"faro|faro, algarve"
DESTINATIONS,Destination,Ferragudo,'001974',1215,ferragudo
DESTINATIONS,Destination,Guia,'002360',1216,
DESTINATIONS,Destination,Lagos,'000508',1217,"lagos (portugal)|lagos, algarve|lagos portugal"
DESTINATIONS,Destination,Monchique,'002989',1218,"monchique|monchique, algarve"
DESTINATIONS,Destination,Monte Gordo,'001928',1219,"monte gordo|monte gordo, algarve"
DESTINATIONS,Destination,Olhao,'000510',1220,"olhao|olhão|olhao, algarve|olhão, algarve"
DESTINATIONS,Destination,Olhos dAgua,'001969',1221,olhos d'agua|olhos dagua|olhos de agua|olhos de água
DESTINATIONS,Destination,Porches,'001967',1222,porches|pôrches
DESTINATIONS,Destination,Portimao,'000511',1223,"portimao|portimão|portimao, algarve|portimão, algarve"
DESTINATIONS,Destination,Praia dOura,'001377',1224,praia d'oura|praia doura|praia da oura|oura beach
DESTINATIONS,Destination,Praia da Gale,'001562',1225,praia da gale|praia da galé|gale beach|galé beach
DESTINATIONS,Destination,Praia da Luz,'000512',1226,"praia da luz|luz, algarve|praia de luz|luz beach"
DESTINATIONS,Destination,Praia da Rocha,'000513',1227,praia da rocha|rocha beach|praia de rocha
DESTINATIONS,Destination,Praia do Vau,'001408',1228,praia do vau|vau beach
DESTINATIONS,Destination,Praia dos Salgados,'002361',1229,praia dos salgados|salgados beach
DESTINATIONS,Destination,Quarteira,'000515',1230,"quarteira|quarteira, algarve"
DESTINATIONS,Destination,Quinta dos Alamos,'003626',1231,quinta dos alamos|quinta dos álamos
DESTINATIONS,Destination,Sagres,'000520',1232,"sagres|sagres, algarve"
DESTINATIONS,Destination,Salema,L55202,1233,"salema|salema, algarve"
DESTINATIONS,Destination,Sao Joao,'000155',1234,
DESTINATIONS,Destination,Sao Rafael,'001658',1235,"sao rafael|são rafael|sao rafael, albufeira|são rafael, albufeira"
DESTINATIONS,Destination,Sesmarias,'004397',1236,sesmarias
DESTINATIONS,Destination,Tavira,'000522',1237,"tavira|tavira, algarve"
DESTINATIONS,Destination,Vale De Garrao,'002723',1238,vale de garrao|vale do garrao|vale de garrão|vale do garrão
DESTINATIONS,Destination,Vale Do Lobo,'000523',1239,"vale do lobo|vale do lobo, algarve"
DESTINATIONS,Destination,Vale de Parra,'001971',1240,vale de parra
DESTINATIONS,Destination,Vilamoura,'000525',1241,"vilamoura|vilamoura, algarve"
DESTINATIONS,Destination,Vila Nova de Gaia,L64457,1242,"vila nova de gaia|vila nova de gaia, portugal|gaia (portugal)"
DESTINATIONS,Destination,Romania,ROU,1243,romania|romanian
DESTINATIONS,Destination,Bucharest,L59964,1244,bucharest|bucuresti|bucurești
DESTINATIONS,Destination,Serbia,SRB,1245,serbia|serbian
DESTINATIONS,Destination,Belgrade,L53284,1246,belgrade|beograd
DESTINATIONS,Destination,Cruising the Iron Gates,L53283,1247,iron gates cruise|cruise the iron gates|iron gates gorge cruise|danube iron gates cruise
DESTINATIONS,Destination,Donji Milanovac,L54282,1248,donji milanovac
DESTINATIONS,Destination,Kladovo,L68986,1249,"kladovo|kladovo, serbia"
DESTINATIONS,Destination,Novi Sad,L53302,1250,novi sad
DESTINATIONS,Destination,Slovakia,SVK,1251,slovakia|slovak republic
DESTINATIONS,Destination,Bratislava,'003479',1252,bratislava
DESTINATIONS,Destination,Slovenia,SVN,1253,slovenia
DESTINATIONS,Destination,Bled,'000463',1254,bled|lake bled
DESTINATIONS,Destination,Bohinj,'001515',1255,bohinj|lake bohinj
DESTINATIONS,Destination,Koper,CMS022,1256,koper|capodistria
DESTINATIONS,Destination,Kranjska Gora,'001175',1257,kranjska gora|kranjska gora ski resort
DESTINATIONS,Destination,Ljubljana,'002485',1258,ljubljana
DESTINATIONS,Destination,Slovenian Coast,L66083,1259,slovenian coast|slovenia coast|slovenian riviera
DESTINATIONS,Destination,Portoroz,'001647',1260,portoroz|portorož
DESTINATIONS,Destination,Izola,'002494',1261,izola|isola (slovenia)
DESTINATIONS,Destination,Spain,ESP,1262,spain|spanish
DESTINATIONS,Destination,A Coruna,L64717,1263,a coruna|a coruña|la coruna|la coruña
DESTINATIONS,Destination,Andalucia,'002894',1264,andalucia|andalusia
DESTINATIONS,Destination,Costa de Almeria,'000361',1265,costa de almeria|costa de almería|almeria coast|almería coast
DESTINATIONS,Destination,Agua Amarga,L68703,1266,agua amarga
DESTINATIONS,Destination,Aguadulce,'001162',1267,aguadulce|aguadulce (almeria)|aguadulce (almería)
DESTINATIONS,Destination,Almeria,'001723',1268,almeria|almería
DESTINATIONS,Destination,Almerimar,L45741,1269,almerimar
DESTINATIONS,Destination,Carboneras,L68627,1270,carboneras
DESTINATIONS,Destination,El Toyo,'004908',1271,"el toyo|el toyo, almeria|el toyo, almería"
DESTINATIONS,Destination,Mojacar,'000363',1272,mojacar|mojácar
DESTINATIONS,Destination,Roquetas de Mar,'000364',1273,roquetas de mar
DESTINATIONS,Destination,Vera,L46481,1274,vera (almeria)|vera (almería)
DESTINATIONS,Destination,Costa de la Luz,'002150',1275,costa de la luz|coast of light
DESTINATIONS,Destination,Algeciras,L67188,1276,algeciras
DESTINATIONS,Destination,Barbate,L67189,1277,barbate
DESTINATIONS,Destination,Chiclana de la Frontera,'008006',1278,chiclana de la frontera|chiclana
DESTINATIONS,Destination,Chipiona,'002777',1279,chipiona
DESTINATIONS,Destination,Conil De La Frontera,'002573',1280,conil de la frontera|conil
DESTINATIONS,Destination,Costa Ballena,L67190,1281,costa ballena
DESTINATIONS,Destination,El Rompido,'002749',1282,el rompido
DESTINATIONS,Destination,Huelva,L57324,1283,huelva
DESTINATIONS,Destination,Isla Canela,'002313',1284,isla canela
DESTINATIONS,Destination,Islantilla,'002151',1285,islantilla
DESTINATIONS,Destination,La Fontanilla,L67182,1286,la fontanilla
DESTINATIONS,Destination,Los Barrios,L67162,1287,los barrios
DESTINATIONS,Destination,Novo Sancti Petri,'002556',1288,"novo sancti petri|novo sancti petri, chiclana"
DESTINATIONS,Destination,Puerto De Santa Maria,L64734,1289,puerto de santa maria|el puerto de santa maria|el puerto de santa maría|puerto de santa maría
DESTINATIONS,Destination,Rota,L64186,1290,"rota (spain)|rota, cadiz|rota, cádiz"
DESTINATIONS,Destination,San Fernando,L67187,1291,san fernando (cadiz)|san fernando (cádiz)
DESTINATIONS,Destination,Sanlucar De Barrameda,L67184,1292,sanlucar de barrameda|sanlúcar de barrameda|sanlucar
DESTINATIONS,Destination,Zahara de los Atunes,'002755',1293,zahara de los atunes|zahara de los atunes beach
DESTINATIONS,Destination,Costa del Sol,'000365',1294,costa del sol|sun coast (spain)
DESTINATIONS,Destination,Benahavis,'003316',1295,benahavis|benahavís
DESTINATIONS,Destination,Benalmadena,'000366',1296,benalmadena|benalmádena
DESTINATIONS,Destination,Benalmadena Pueblo,'004012',1297,benalmadena pueblo|benalmádena pueblo|benalmadena village|benalmádena village
DESTINATIONS,Destination,Calahonda,'003161',1298,calahonda|sitio de calahonda
DESTINATIONS,Destination,Estepona,'001704',1299,estepona
DESTINATIONS,Destination,Frigiliana,'001680',1300,frigiliana
DESTINATIONS,Destination,Fuengirola,'000367',1301,fuengirola
DESTINATIONS,Destination,Marbella,'000368',1303,marbella
DESTINATIONS,Destination,Mijas,'001930',1304,mijas|mijas pueblo
DESTINATIONS,Destination,Nerja,'000369',1305,nerja
DESTINATIONS,Destination,Puerto Banus,'002005',1306,puerto banus|puerto banús
DESTINATIONS,Destination,San Pedro de Alcantara,'002220',1307,san pedro de alcantara|san pedro de alcántara|san pedro (marbella)
DESTINATIONS,Destination,Sotogrande,'001975',1308,sotogrande
DESTINATIONS,Destination,Torre del Mar,L66964,1309,torre del mar
DESTINATIONS,Destination,Torre de Benagalbon,L69642,1310,torre de benagalbon|torre de benagalbón
DESTINATIONS,Destination,Torremolinos,'000371',1311,torremolinos
DESTINATIONS,Destination,Torrox,'002602',1312,torrox|torrox costa
DESTINATIONS,Destination,Vinuela,L50042,1313,vinuela|viñuela|la vinuela|la viñuela
DESTINATIONS,Destination,Ronda,'003320',1314,ronda
DESTINATIONS,Destination,Seville,'000346',1315,seville|sevilla
DESTINATIONS,Destination,Balearic Islands,L00041,1316,balearic islands|balearics|balearic isles
DESTINATIONS,Destination,Formentera,C00042,1317,formentera
DESTINATIONS,Destination,Platja de Migjorn,L29802,1318,platja de migjorn|playa de migjorn|migjorn beach
DESTINATIONS,Destination,Es Pujols,L29806,1319,es pujols
DESTINATIONS,Destination,Ibiza,'000242',1320,ibiza|ibiza island
DESTINATIONS,Destination,Cala Gracio,'000243',1321,cala gracio|cala gració
DESTINATIONS,Destination,Cala Llonga,'000244',1322,cala llonga
DESTINATIONS,Destination,Cala Pada,L36921,1323,cala pada
DESTINATIONS,Destination,Cala San Vicente,'001388',1324,cala san vicente|cala sant vicent|cala sant vicent (ibiza)
DESTINATIONS,Destination,Cala Tarida,'000245',1325,cala tarida|cala tarida beach
DESTINATIONS,Destination,Es Cana,'000246',1326,es cana|es canà
DESTINATIONS,Destination,Es Figueral,'004420',1327,es figueral|playa es figueral
DESTINATIONS,Destination,Figueretas,'000247',1328,figueretas|figueretes|playa figueretas
DESTINATIONS,Destination,Ibiza Beach Stay,L57325,1329,ibiza beach holiday|ibiza beach stay|ibiza beach break
DESTINATIONS,Destination,Ibiza Town,'002050',1330,ibiza town|ibiza town centre|eivissa|eivissa (ibiza town)
DESTINATIONS,Destination,Playa den Bossa,'000249',1331,playa d'en bossa|playa den bossa|platja d'en bossa|bossa beach
DESTINATIONS,Destination,Port des Torrent,'000250',1332,port des torrent|port d'es torrent
DESTINATIONS,Destination,Portinatx,'000251',1333,portinatx
DESTINATIONS,Destination,Puerto San Miguel,'001293',1334,puerto san miguel|port de sant miquel
DESTINATIONS,Destination,SArgamassa,'000259',1335,s'argamassa|sargamassa
DESTINATIONS,Destination,San Antonio,'000253',1336,san antonio (ibiza)|sant antoni de portmany|san antonio ibiza
DESTINATIONS,Destination,San Antonio Bay,'000254',1337,san antonio bay|san antonio bay ibiza|sant antoni bay
DESTINATIONS,Destination,Sant Josep de sa Talaia,'000256',1338,sant josep de sa talaia|san jose ibiza|sant josep
DESTINATIONS,Destination,Sant Rafel,'000257',1339,sant rafel|san rafael (ibiza)|sant rafael
DESTINATIONS,Destination,Santa Eulalia,'000258',1340,santa eulalia|santa eulalia del rio|santa eulària des riu|santa eulalia ibiza
DESTINATIONS,Destination,Ses Paisses,'003976',1341,ses paisses|ses païsses
DESTINATIONS,Destination,Talamanca,'001681',1342,talamanca|talamanca bay
DESTINATIONS,Destination,Majorca,'000122',1343,majorca|mallorca
DESTINATIONS,Destination,Alaro,'004173',1344,alaro|alaró
DESTINATIONS,Destination,Alcudia,'000260',1345,alcudia|alcúdia|port d'alcudia|puerto de alcudia
DESTINATIONS,Destination,Arenal,'000261',1346,el arenal (mallorca)|s'arenal|arenal mallorca
DESTINATIONS,Destination,Ariany,L65134,1347,ariany
DESTINATIONS,Destination,Can Pastilla,'000271',1348,can pastilla
DESTINATIONS,Destination,Can Picafort,'000272',1349,can picafort|ca'n picafort
DESTINATIONS,Destination,Caimari,'003355',1350,caimari
DESTINATIONS,Destination,Cala Agulla,L66985,1351,cala agulla|cala agulla beach
DESTINATIONS,Destination,Cala Bona,'000262',1352,cala bona
DESTINATIONS,Destination,Cala Figuera,'003353',1353,cala figuera|cala figuera (mallorca)
DESTINATIONS,Destination,Cala Mayor,'001722',1354,cala mayor|cala major
DESTINATIONS,Destination,Cala Mesquida,'001150',1355,cala mesquida
DESTINATIONS,Destination,Cala Millor,'000263',1356,cala millor
DESTINATIONS,Destination,Cala Ratjada,'000265',1357,cala ratjada|cala rajada
DESTINATIONS,Destination,Cala Vinas,'000267',1359,cala vinas|cala viñas|cala vinyes|cala vinyas|cala vinas majorca
DESTINATIONS,Destination,Cala dOr,'000123',1360,cala d'or|cala dor|cala d or|calador|cala d'or majorca
DESTINATIONS,Destination,Calas de Mallorca,'000268',1361,calas de mallorca|calas de majorca|cales de mallorca|cala's de mallorca
DESTINATIONS,Destination,Camp de Mar,'000270',1362,camp de mar|campdemar|camp de mar majorca
DESTINATIONS,Destination,Campos,'003352',1363,campos|campos mallorca
DESTINATIONS,Destination,Canyamel,L63882,1364,canyamel|canyamel mallorca
DESTINATIONS,Destination,Capdepera,L66984,1365,capdepera|cap de pera|capdepera mallorca
DESTINATIONS,Destination,Cas Concos Des Cavaller,L68485,1366,cas concos|cas concos des cavaller|cas concos des cavalier
DESTINATIONS,Destination,Colonia Sant Jordi,'004174',1367,colonia sant jordi|colonia de sant jordi|colònia sant jordi|colonia st jordi|colonia sant jordi mallorca
DESTINATIONS,Destination,Consell,L65130,1368,consell|consell mallorca
DESTINATIONS,Destination,Costa de los Pinos,'000273',1369,costa de los pinos|costa los pinos|costa de pinos
DESTINATIONS,Destination,Deia,'000275',1370,deia|deià|deya|deia mallorca
DESTINATIONS,Destination,Eastern Beaches,L72004,1371,eastern beaches|east coast beaches|beaches on the east coast|east mallorca beaches|eastern coast beaches
DESTINATIONS,Destination,Es Coll DEn Rabassa,L66982,1372,es coll d'en rabassa|es coll den rabassa|coll d'en rabassa|coll den rabassa
DESTINATIONS,Destination,Estellenchs,'004166',1373,estellencs|estellenchs|estellençs|estellencs mallorca
DESTINATIONS,Destination,Felanitx,'008026',1374,felanitx|felanich|felanitx mallorca
DESTINATIONS,Destination,Font de Sa Cala,'000277',1375,font de sa cala|font de la cala|fontdesa cala|font de sa cala mallorca
DESTINATIONS,Destination,Fornalutx,'003350',1376,fornalutx|fornaluch|fornalutx mallorca
DESTINATIONS,Destination,Illetas,'000279',1377,illetas|illesetas|illetas mallorca
DESTINATIONS,Destination,Inca,'001575',1378,inca|inca mallorca
DESTINATIONS,Destination,Llucmajor,L45661,1379,llucmajor|lluchmajor|llucmajor mallorca
DESTINATIONS,Destination,Magaluf,'000280',1380,magaluf|magaluf majorca|magaluf mallorca
DESTINATIONS,Destination,Manacor,L65129,1381,manacor|manacor mallorca
DESTINATIONS,Destination,Muro,L65127,1382,muro|muro mallorca
DESTINATIONS,Destination,Northern Beaches,L72002,1383,northern beaches|north coast beaches|beaches on the north coast|north mallorca beaches|northern coast beaches
DESTINATIONS,Destination,Orient,'001523',1384,orient|orient mallorca
DESTINATIONS,Destination,Paguera,'000281',1385,paguera|paguera majorca|paguera mallorca|paguera (mallorca)
DESTINATIONS,Destination,Palma,'000282',1386,palma|palma de mallorca|palma majorca|palma mallorca
DESTINATIONS,Destination,Palma Nova,'000283',1387,palma nova|palmanova|palma nova mallorca|palmanova mallorca
DESTINATIONS,Destination,Playa de Muro,'002358',1388,playa de muro|platja de muro|muro beach|playa del muro
DESTINATIONS,Destination,Playa de Palma,'000285',1389,playa de palma|palma beach|platja de palma|playa palma
DESTINATIONS,Destination,Pollensa,'000286',1390,pollensa|pollença|pollensa mallorca|pollenca
DESTINATIONS,Destination,Porreres,L65133,1391,porreres|porreres mallorca
DESTINATIONS,Destination,Port DAndratx,'000290',1392,port d'andratx|port andratx|port d andratx|puerto andratx|port d'andratx mallorca
DESTINATIONS,Destination,Portals Nous,'001558',1393,portals nous|portalsnous|portals nous mallorca
DESTINATIONS,Destination,Porto Colom,'000287',1394,porto colom|portocolom|port colom|porto colom mallorca
DESTINATIONS,Destination,Porto Cristo,'000288',1395,porto cristo|portocristo|porto cristo mallorca
DESTINATIONS,Destination,Portopetro,'000124',1396,portopetro|porto petro|portopetro mallorca
DESTINATIONS,Destination,Puerto Pollensa,'000292',1397,puerto pollensa|port de pollença|port de pollensa|port pollensa|puerto pollensa mallorca
DESTINATIONS,Destination,Puerto de Alcudia,L66727,1398,puerto de alcudia|port d'alcudia|port d alcudia|port of alcudia|puerto alcudia
DESTINATIONS,Destination,Puerto de Soller,'000291',1399,puerto de soller|port de sóller|port de soller|puerto soller|port of soller
DESTINATIONS,Destination,Puig de Ros,'002918',1400,puig de ros|puig de rós|puigderos|puig de ros mallorca
DESTINATIONS,Destination,Pula Golf,'001678',1401,pula golf|pula golf resort|pula golf mallorca
DESTINATIONS,Destination,Sillot,'001289',1402,s'illot|sillot|s'illot mallorca|s illot
DESTINATIONS,Destination,Sa Coma,'000293',1403,sa coma|sacoma|sa coma mallorca
DESTINATIONS,Destination,San Agustin (Majorca),'002748',1404,san agustin mallorca|san agustín mallorca|sant agusti|san agustin (mallorca)
DESTINATIONS,Destination,Sant Elm,L66809,1405,sant elm|san telmo|sant elm mallorca|san telmo mallorca
DESTINATIONS,Destination,Santa Maria Del Cami,'001703',1406,santa maria del cami|santa maria del camí|santa maria del cami mallorca|santa maria cami
DESTINATIONS,Destination,Santa Ponsa,'000294',1407,santa ponsa|santa ponca|santa ponsa mallorca|sta ponsa
DESTINATIONS,Destination,Santanyi,'003376',1408,santanyi|santanyí|santanyi mallorca|santañy
DESTINATIONS,Destination,Soller,'003380',1409,soller|sóller|soller mallorca
DESTINATIONS,Destination,South-Eastern Beaches,L72005,1410,south eastern beaches|south-eastern beaches|southeast coast beaches|beaches on the south east coast|south east mallorca beaches
DESTINATIONS,Destination,South-Western Beaches,L72008,1411,south western beaches|south-western beaches|southwest coast beaches|beaches on the south west coast|south west mallorca beaches
DESTINATIONS,Destination,Torrenova,CL0220,1412,torrenova|torre nova|torrenova mallorca
DESTINATIONS,Destination,Torrent de Cala Pi,L65132,1413,torrent de cala pi|torrente de cala pi|cala pi torrent|torrent cala pi
DESTINATIONS,Destination,Valldemossa,'002886',1414,valldemossa|valdemosa|valldemossa mallorca
DESTINATIONS,Destination,Menorca,'000127',1415,menorca|minorca|menorca island|minorca island
DESTINATIONS,Destination,Arenal den Castell,'000295',1416,arenal d'en castell|arenal den castell|arenal de'n castell|arenal castell
DESTINATIONS,Destination,Binibeca,'000296',1417,binibeca|binibequer|binibeca vell|binibeca menorca
DESTINATIONS,Destination,Cala Alcaufar,'001697',1418,cala alcaufar|alcaufar|cala alcaufar menorca
DESTINATIONS,Destination,Cala Blanca,'000298',1419,cala blanca|cala blanca menorca|calablanca
DESTINATIONS,Destination,Cala Canutells,'001386',1420,cala canutells|canutells|cala canutells menorca
DESTINATIONS,Destination,Cala Galdana,'000299',1421,cala galdana|calagaldana|cala galdana menorca
DESTINATIONS,Destination,Calan Blanes,'000300',1422,calan blanes|cala'n blanes|cala en blanes|calanblanes
DESTINATIONS,Destination,Calan Bosch,'001299',1423,calan bosch|cala'n bosch|cala en bosch|calanbosch
DESTINATIONS,Destination,Calan Forcat,'000302',1424,calan forcat|cala'n forcat|cala en forcat|calanforcat
DESTINATIONS,Destination,Calan Porter,'001295',1425,calan porter|cala'n porter|cala en porter|calanporter
DESTINATIONS,Destination,Ciutadella,'001287',1426,ciutadella|ciutadella de menorca|ciutadella menorca|ciutadela
DESTINATIONS,Destination,Es Castell,'001285',1427,es castell|escastell|es castell menorca
DESTINATIONS,Destination,Es Mercadal,'004005',1428,es mercadal|esmercadal|mercadal menorca
DESTINATIONS,Destination,Ferreries,'003383',1429,ferreries|ferrerias|ferreries menorca
DESTINATIONS,Destination,Mahon,'001502',1430,mahon|mahón|mao|maó|mahon menorca
DESTINATIONS,Destination,Playa de Fornells,'001412',1431,playa de fornells|fornells beach|platja de fornells|playa fornells
DESTINATIONS,Destination,Punta Prima,'001565',1432,punta prima|punta prima menorca|puntaprima
DESTINATIONS,Destination,SAlgar,'000306',1433,s'algar|salgar|s algar|s'algar menorca
DESTINATIONS,Destination,Sa Caleta,'001708',1434,sa caleta|sacaleta|sa caleta menorca
DESTINATIONS,Destination,Santandria,'002089',1435,santandria|santandría|cala santandria|cala santandría
DESTINATIONS,Destination,Santo Tomas,'000308',1436,santo tomas|santo tomás|sant tomas|santo tomas menorca
DESTINATIONS,Destination,Son Bou,'000129',1437,son bou|sonbou|son bou menorca
DESTINATIONS,Destination,Son Parc,'000309',1438,son parc|sonparc|son parc menorca
DESTINATIONS,Destination,Son Xoriguer,'002088',1439,son xoriguer|son xoriger|son xoriguer menorca
DESTINATIONS,Destination,Baqueira-Beret,'005086',1440,baqueira beret|baqueira-beret|baqueira|beret ski|baqueira beret ski resort
DESTINATIONS,Destination,Barcelona,'000373',1441,barcelona|barna|barcelona city
DESTINATIONS,Destination,Bilbao,'002820',1442,bilbao|bilbao city
DESTINATIONS,Destination,Cadiz,'002625',1443,cadiz|cádiz|cadiz city
DESTINATIONS,Destination,Canary Islands,L00042,1444,canary islands|the canary islands|canaries|canary isles
DESTINATIONS,Destination,Fuerteventura,'000312',1445,fuerteventura|fuerte ventura|fuerteventura island
DESTINATIONS,Destination,Corralejo,'000314',1446,corralejo|coralejo|corralejo fuerteventura
DESTINATIONS,Destination,Costa Caleta,'001253',1447,costa caleta|costa de la caleta|caleta de fuste|el castillo (fuerteventura)
DESTINATIONS,Destination,Costa Calma,'001612',1448,costa calma|costa calma fuerteventura
DESTINATIONS,Destination,El Cotillo,L63883,1449,el cotillo|cotillo|el cotillo fuerteventura
DESTINATIONS,Destination,Esquinzo,L50832,1450,esquinzo|esquinzo fuerteventura|esquinzo beach
DESTINATIONS,Destination,Jandia,'000315',1451,jandia|jandía|morrojable jandia|jandia peninsula
DESTINATIONS,Destination,La Pared,L67279,1452,la pared|la pared fuerteventura
DESTINATIONS,Destination,Las Playitas,L44923,1453,las playitas|playitas|las playitas fuerteventura
DESTINATIONS,Destination,Morro Jable,'003434',1454,morro jable|morrojable|morro jable fuerteventura
DESTINATIONS,Destination,Nuevo Horizonte,'001281',1455,nuevo horizonte|nuevo horizonte fuerteventura
DESTINATIONS,Destination,Puerto del Rosario,L24561,1456,puerto del rosario|puerto rosario|puerto del rosario fuerteventura
DESTINATIONS,Destination,Solana Matorra,L67280,1457,solana matorral|solana matorra|solana matorral fuerteventura
DESTINATIONS,Destination,Tarajalejo,L67273,1458,tarajalejo|tarajalejo fuerteventura
DESTINATIONS,Destination,Gran Canaria,'000318',1459,gran canaria|gran canary|gran canaria island
DESTINATIONS,Destination,Agaete,L66762,1460,agaete|agaete gran canaria
DESTINATIONS,Destination,Amadores,'002575',1461,amadores|playa de amadores|amadores beach|amadores gran canaria
DESTINATIONS,Destination,Arguineguin,'000319',1462,arguineguin|arguineguín|arguineguin gran canaria
DESTINATIONS,Destination,Arucas,L66744,1463,arucas|arucas gran canaria
DESTINATIONS,Destination,Bahia Feliz,'000320',1464,bahia feliz|bahía feliz|bahiafeliz|bahia feliz gran canaria
DESTINATIONS,Destination,Balito Beach,'002048',1465,balito beach|balito|balito gran canaria
DESTINATIONS,Destination,Cruz de Tejeda,L66749,1466,cruz de tejeda|cruz tejeda|cruz de tejeda gran canaria
DESTINATIONS,Destination,El Salobre,'004041',1467,el salobre|salobre|salobre golf|el salobre gran canaria
DESTINATIONS,Destination,La Aldea,L66826,1468,la aldea|la aldea de san nicolas|la aldea gran canaria
DESTINATIONS,Destination,Las Burrillas,L66807,1469,las burrillas|burrillas|las burrillas gran canaria
DESTINATIONS,Destination,Las Palmas,'001610',1470,las palmas|las palmas de gran canaria|las palmas city
DESTINATIONS,Destination,Mahmutlar,L66822,1471,mahmutlar
DESTINATIONS,Destination,Maspalomas,'000322',1472,maspalomas|maspalomas gran canaria|maspalomas dunes
DESTINATIONS,Destination,Meloneras,'002569',1473,meloneras|meloneras gran canaria|meloneras beach
DESTINATIONS,Destination,Playa Taurito,'001266',1474,playa taurito|taurito|taurito beach|playa taurito gran canaria
DESTINATIONS,Destination,Playa del Cura,'001264',1475,playa del cura|playa cura|cura beach|playa del cura gran canaria
DESTINATIONS,Destination,Playa del Ingles,'000323',1476,playa del ingles|playa del inglés|playa ingles|pdi gran canaria|playa del ingles gran canaria
DESTINATIONS,Destination,Puerto Mogan,'001230',1477,puerto mogan|puerto de mogan|puerto mogán|port of mogan|puerto mogan gran canaria
DESTINATIONS,Destination,San Agustin (Gran Canaria),'000326',1479,san agustin gran canaria|san agustín gran canaria|san agustin (gran canaria)
DESTINATIONS,Destination,Vecindario,L66823,1480,vecindario|vecindario gran canaria
DESTINATIONS,Destination,La Gomera,'000327',1481,la gomera|gomera|la gomera island
DESTINATIONS,Destination,Playa de Santiago,'003359',1482,playa de santiago|playa santiago|playa de santiago la gomera
DESTINATIONS,Destination,Valle Gran Rey,'006069',1484,valle gran rey|valle gran rey la gomera|valle gran rey beach
DESTINATIONS,Destination,La Palma,'001940',1485,la palma|la palma island|la palma canary islands
DESTINATIONS,Destination,Brena Baja,'002077',1486,brena baja|breña baja|brena baja la palma
DESTINATIONS,Destination,Fuencaliente,'002599',1487,fuencaliente|fuencaliente la palma
DESTINATIONS,Destination,Los Cancajos,'002746',1488,los cancajos|cancajos|los cancajos la palma
DESTINATIONS,Destination,Puerto Naos,'001942',1489,puerto naos|puerto naos la palma
DESTINATIONS,Destination,Santa Cruz de La Palma,'002393',1490,santa cruz de la palma|santa cruz la palma|santa cruz de la palma city
DESTINATIONS,Destination,Tazacorte,L43744,1491,tazacorte|tazacorte la palma
DESTINATIONS,Destination,Lanzarote,'000329',1492,lanzarote|lanzarote island
DESTINATIONS,Destination,Arrecife,'002639',1493,arrecife|arrecife lanzarote
DESTINATIONS,Destination,Costa Teguise,'000321',1494,costa teguise|costa teguise lanzarote|costateguise
DESTINATIONS,Destination,Haria,L64342,1495,haria|haría|haria lanzarote
DESTINATIONS,Destination,Matagorda,'000331',1496,matagorda|matagorda lanzarote
DESTINATIONS,Destination,Playa Blanca,'000332',1497,playa blanca|playa blanca lanzarote|playablanca
DESTINATIONS,Destination,Playa de los Pocillos,'000333',1498,playa de los pocillos|los pocillos|pocillos beach|playa pocillos
DESTINATIONS,Destination,Puerto Calero,'002779',1499,puerto calero|puerto calero lanzarote
DESTINATIONS,Destination,Puerto del Carmen,'000334',1500,puerto del carmen|puerto carmen|pdc lanzarote|puerto del carmen lanzarote
DESTINATIONS,Destination,Yaiza,'006070',1501,yaiza|yaiza lanzarote
DESTINATIONS,Destination,Tenerife,'000335',1502,tenerife|tenerife island
DESTINATIONS,Destination,Buenavista del Norte,L44281,1503,buenavista del norte|buena vista del norte|buenavista norte|buenavista del norte tenerife
DESTINATIONS,Destination,Callao Salvaje,'001709',1504,callao salvaje|callao salvaje tenerife
DESTINATIONS,Destination,Chayofa,'006071',1505,chayofa|chayofa tenerife
DESTINATIONS,Destination,Costa Adeje,'001685',1506,costa adeje|costa adeje tenerife|adeje coast
DESTINATIONS,Destination,Costa Del Silencio,'001172',1507,costa del silencio|costa silencio|costa del silencio tenerife
DESTINATIONS,Destination,El Medano,'005206',1508,el medano|el médano|el medano tenerife
DESTINATIONS,Destination,Garachico,'002888',1509,garachico|garachico tenerife
DESTINATIONS,Destination,Golf del Sur,'002689',1510,golf del sur|golf del sur tenerife|golf del sur resort
DESTINATIONS,Destination,Guia de Isora,'003893',1511,guia de isora|guía de isora|guia d isora
DESTINATIONS,Destination,Las Caletillas,'001944',1512,las caletillas|las caletillas tenerife
DESTINATIONS,Destination,Los Cristianos,'000336',1513,los cristianos|los cristianos tenerife
DESTINATIONS,Destination,Los Gigantes,'000337',1514,los gigantes|los gigantes tenerife
DESTINATIONS,Destination,Playa Paraiso,'000003',1515,playa paraiso|playa paraíso|playa paraiso tenerife
DESTINATIONS,Destination,Playa de la Arena,'001335',1516,playa de la arena|playa de la arena tenerife
DESTINATIONS,Destination,Playa de las Americas,'000338',1517,playa de las americas|playa de las américas|playa de las americas tenerife
DESTINATIONS,Destination,Puertito de Los Silos,L67281,1518,puertito de los silos|el puertito de los silos
DESTINATIONS,Destination,Puerto de Santiago,'000341',1519,puerto de santiago|puerto de santiago tenerife
DESTINATIONS,Destination,Puerto de la Cruz,'000340',1520,puerto de la cruz|puerto de la cruz tenerife
DESTINATIONS,Destination,San Cristobal De La Laguna,L66989,1521,san cristobal de la laguna|san cristóbal de la laguna|la laguna tenerife|san cristobal la laguna
DESTINATIONS,Destination,San Miguel de Abona,'003423',1522,san miguel de abona|san miguel de abona tenerife
DESTINATIONS,Destination,Santa Cruz de Tenerife,'001673',1523,santa cruz de tenerife|santa cruz tenerife|santa cruz de tenerife city
DESTINATIONS,Destination,Tenerife South,'004466',1524,tenerife south|south tenerife|southern tenerife|tenerife south coast
DESTINATIONS,Destination,Vilaflor,'003392',1525,vilaflor|vilaflor tenerife|villa flor tenerife
DESTINATIONS,Destination,Catalonia,'003330',1526,catalonia|catalunya|catalonia region
DESTINATIONS,Destination,Costa Dorada,'000372',1527,costa dorada|costa daurada|costa dorada spain|golden coast spain
DESTINATIONS,Destination,Cambrils,'001337',1528,cambrils|cambrils spain|cambrils costa dorada
DESTINATIONS,Destination,Cap de Salou,'002576',1529,cap de salou|cape salou
DESTINATIONS,Destination,Castelldefels,L67942,1530,castelldefels|castelldefels spain|castelldefels beach
DESTINATIONS,Destination,Coma-Ruga,L67042,1531,coma-ruga|coma ruga
DESTINATIONS,Destination,La Pineda,'001336',1532,la pineda|la pineda salou|la pineda costa dorada
DESTINATIONS,Destination,PortAventura,'002315',1533,portaventura|port aventura|port aventura world
DESTINATIONS,Destination,Salou,'000374',1534,salou|salou spain|salou costa dorada
DESTINATIONS,Destination,Tarragona,'002845',1535,tarragona|tarragona spain
DESTINATIONS,Destination,Costa Brava,'000351',1536,costa brava|costa brava spain|brava coast
DESTINATIONS,Destination,Calella De La Costa,'000353',1537,calella de la costa|calella costa|calella (costa brava)
DESTINATIONS,Destination,LEstartit,'000354',1538,l'estartit|lestartit|l estartit|estartit
DESTINATIONS,Destination,Lloret de Mar,'000355',1539,lloret de mar|lloret|lloret de mar spain
DESTINATIONS,Destination,Malgrat de Mar,'000356',1540,malgrat de mar|malgrat|malgrat de mar spain
DESTINATIONS,Destination,Palamos,'002628',1541,palamos|palamós|palamos spain
DESTINATIONS,Destination,Pineda de Mar,'000357',1542,pineda de mar|pineda|pineda de mar spain
DESTINATIONS,Destination,Platja DAro,'000358',1543,platja d'aro|platja daro|playa de aro|platja de aro
DESTINATIONS,Destination,Platja De Fornells,L67283,1544,platja de fornells|playa de fornells
DESTINATIONS,Destination,Roses,'003798',1545,roses|roses spain|roses costa brava
DESTINATIONS,Destination,SAgaro,L67185,1546,s'agaro|sagaro|s agaró|s'agaró
DESTINATIONS,Destination,Santa Susanna,'000359',1547,santa susanna|santa susana|santa susanna spain
DESTINATIONS,Destination,Tossa de Mar,'000360',1548,tossa de mar|tossa|tossa de mar spain
DESTINATIONS,Destination,Madrid,'000345',1549,madrid|madrid city
DESTINATIONS,Destination,Malaga,L66226,1550,malaga|málaga|malaga city
DESTINATIONS,Destination,Melilla,L62704,1551,melilla|melilla spain
DESTINATIONS,Destination,Murcia,L45866,1552,murcia|murcia spain
DESTINATIONS,Destination,Costa Calida,L45864,1553,costa calida|costa cálida|murcia coast|costa calida spain
DESTINATIONS,Destination,Cartagena,'002693',1554,cartagena|cartagena spain|cartagena murcia
DESTINATIONS,Destination,Murcia City,'007008',1555,murcia city|murcia city centre|murcia city center|murcia downtown
DESTINATIONS,Destination,San Sebastian,L64735,1556,san sebastian|san sebastián|donostia|san sebastian spain
DESTINATIONS,Destination,Santiago de Compostela,'003369',1557,santiago de compostela|santiago compostela
DESTINATIONS,Destination,Sierra Nevada,'000370',1558,sierra nevada (spain)|sierra nevada spain|sierra nevada ski resort
DESTINATIONS,Destination,Sitges,'000375',1559,sitges|sitges spain|sitges barcelona
DESTINATIONS,Destination,Valencia,'002700',1560,valencia|valència|valencia spain
DESTINATIONS,Destination,Valencia Region,'002501',1561,valencia region|valencian community|valencian region|region of valencia
DESTINATIONS,Destination,Costa Blanca,'000347',1562,costa blanca|costa blanca spain|white coast spain
DESTINATIONS,Destination,Albir,'003815',1563,albir|el albir|albir spain
DESTINATIONS,Destination,Alicante,'001707',1564,alicante|alicante spain|alicante city
DESTINATIONS,Destination,Altea,'004256',1565,altea|altea spain|altea costa blanca
DESTINATIONS,Destination,Benidorm,'000349',1566,benidorm|benidorm spain|benidorm costa blanca
DESTINATIONS,Destination,Cala Finestrat,'002238',1567,cala finestrat|cala de finestrat|la cala de finestrat
DESTINATIONS,Destination,Calpe,'001910',1568,calpe|calp|calpe spain
DESTINATIONS,Destination,Campomar,L68622,1569,campomar
DESTINATIONS,Destination,Denia,'002001',1570,denia|dénia|denia spain
DESTINATIONS,Destination,El Campello,'004165',1571,el campello|campello|el campello spain
DESTINATIONS,Destination,Elche,'003840',1572,elche|elx|elche spain
DESTINATIONS,Destination,Guardamar del Segura,L46301,1573,guardamar del segura|guardamar|guardamar del segura spain
DESTINATIONS,Destination,Moraira,'002000',1574,moraira|moraira spain|moraira costa blanca
DESTINATIONS,Destination,Playa De San Juan,L47425,1575,playa de san juan|san juan beach alicante|playa san juan
DESTINATIONS,Destination,Torrevieja,'003839',1576,torrevieja|torrevieja spain|torrevieja costa blanca
DESTINATIONS,Destination,Villajoyosa,'001497',1577,villajoyosa|la vila joiosa|vila joiosa|villajoyosa spain
DESTINATIONS,Destination,Valencia City,L60747,1578,valencia city|valencia city centre|valencia city center|valencia downtown
DESTINATIONS,Destination,Vigo Port,L36461,1579,vigo port|port of vigo|vigo cruise port
DESTINATIONS,Destination,Sweden,SWE,1580,sweden
DESTINATIONS,Destination,Högfjället,L72024,1581,högfjället|hogfjallet
DESTINATIONS,Destination,Hundfjället,L72023,1582,hundfjället|hundfjallet
DESTINATIONS,Destination,Kläppen,L68802,1583,kläppen|klappen
DESTINATIONS,Destination,Stöten,L68663,1584,stöten|stoten
DESTINATIONS,Destination,Stockholm,'000396',1585,stockholm|stockholm city
DESTINATIONS,Destination,Switzerland,CHE,1586,switzerland
DESTINATIONS,Destination,Basel,L53198,1587,basel|basle|basel switzerland
DESTINATIONS,Destination,Crans Montana,'002419',1588,crans montana|crans-montana|crans montana switzerland
DESTINATIONS,Destination,Davos,'000401',1589,davos|davos switzerland
DESTINATIONS,Destination,Engelberg,'002420',1590,engelberg|engelberg switzerland
DESTINATIONS,Destination,Geneva,'001663',1591,geneva|genève|geneva switzerland
DESTINATIONS,Destination,Grindelwald,'000402',1592,grindelwald|grindelwald switzerland
DESTINATIONS,Destination,Interlaken,'000403',1593,interlaken|interlaken switzerland
DESTINATIONS,Destination,Lake Maggiore (Switzerland),L70622,1594,lake maggiore (switzerland)|lake maggiore switzerland|lago maggiore switzerland
DESTINATIONS,Destination,Ascona,'001410',1595,ascona|ascona switzerland
DESTINATIONS,Destination,Locarno,'001310',1596,locarno|locarno switzerland
DESTINATIONS,Destination,Lucerne,'000407',1597,lucerne|luzern|lucerne switzerland
DESTINATIONS,Destination,Lugano,'001664',1598,lugano|lugano switzerland
DESTINATIONS,Destination,Pontresina,'000410',1599,pontresina|pontresina switzerland
DESTINATIONS,Destination,Saas-Fee,'000411',1600,saas-fee|saas fee|saas-fee switzerland
DESTINATIONS,Destination,St Moritz,'000412',1601,st moritz|st. moritz|saint moritz|st moritz switzerland
DESTINATIONS,Destination,Wengen,'000414',1602,wengen|wengen switzerland
DESTINATIONS,Destination,Zermatt,'000415',1603,zermatt|zermatt switzerland
DESTINATIONS,Destination,Zurich,'001203',1604,zurich|zürich|zurich switzerland
DESTINATIONS,Destination,Turkey,TUR,1605,turkey
DESTINATIONS,Destination,Antalya area,'001379',1606,antalya area|antalya region|antalya coast
DESTINATIONS,Destination,Alanya,'000443',1607,alanya|alanya turkey
DESTINATIONS,Destination,Antalya,'001387',1608,antalya|antalya turkey
DESTINATIONS,Destination,Avsallar,L66622,1609,avsallar|avsallar turkey
DESTINATIONS,Destination,Beldibi,'000445',1610,beldibi|beldibi turkey
DESTINATIONS,Destination,Belek,'001637',1611,belek|belek turkey
DESTINATIONS,Destination,Camyuva,'007566',1612,camyuva|çamyuva|camyuva turkey
DESTINATIONS,Destination,Cenger,L66812,1613,cenger|çenger|cenger turkey
DESTINATIONS,Destination,Cirali,L66656,1614,cirali|çıralı|cirali turkey
DESTINATIONS,Destination,Colakli,'007406',1615,colakli|çolaklı|colakli turkey
DESTINATIONS,Destination,Goynuk,L66362,1616,goynuk|göynük|goynuk turkey
DESTINATIONS,Destination,Incekum,'002299',1617,incekum|i̇ncekum|incekum turkey
DESTINATIONS,Destination,Kaleici,L37491,1618,kaleici|kaleiçi|antalya old town|kaleici antalya
DESTINATIONS,Destination,Kemer,'000453',1619,kemer|kemer turkey
DESTINATIONS,Destination,Kiris,'001563',1620,kiris|kiriş|kiris turkey
DESTINATIONS,Destination,Kizilagac,L66816,1621,kizilagac|kızılağaç|kizilagac turkey
DESTINATIONS,Destination,Kizilot,L66322,1622,kizilot|kızılot|kizilot turkey
DESTINATIONS,Destination,Konakli,'002133',1623,konakli|konaklı|konakli turkey
DESTINATIONS,Destination,Konyaalti,'004915',1624,konyaalti|konyaaltı|konyaalti beach|konyaalti antalya
DESTINATIONS,Destination,Kuzdere,L66490,1625,kuzdere|kuzdere turkey
DESTINATIONS,Destination,Lara Beach,'003187',1626,lara beach|lara beach antalya|lara antalya
DESTINATIONS,Destination,Manavgat,'003557',1627,manavgat|manavgat turkey
DESTINATIONS,Destination,Okurcalar,L61142,1628,okurcalar|okurcalar turkey
DESTINATIONS,Destination,Side,'000457',1629,side|side turkey|side antalya
DESTINATIONS,Destination,Tekirova,'000458',1630,tekirova|tekirova turkey
DESTINATIONS,Destination,Turkler,'006966',1631,turkler|türkler|turkler turkey
DESTINATIONS,Destination,Ulupinar,L66651,1632,ulupinar|ulupınar|ulupinar turkey
DESTINATIONS,Destination,Bodrum area,'001559',1633,bodrum area|bodrum region|bodrum peninsula
DESTINATIONS,Destination,Akbuk,'008126',1634,akbuk|akbük|akbuk turkey
DESTINATIONS,Destination,Akyarlar,'006266',1635,akyarlar|akyarlar turkey
DESTINATIONS,Destination,Altinkum,'000444',1636,altinkum|altınkum|altinkum turkey
DESTINATIONS,Destination,Bitez,'001334',1637,bitez|bitez turkey|bitez bodrum
DESTINATIONS,Destination,Bodrum,'000446',1638,bodrum|bodrum turkey
DESTINATIONS,Destination,Didim,'007506',1639,didim|didim turkey
DESTINATIONS,Destination,Gümbet,'000450',1640,gumbet|gümbet|gumbet bodrum|gumbet turkey
DESTINATIONS,Destination,Gumusluk,'003394',1641,gumusluk|gümüşlük|gumusluk turkey
DESTINATIONS,Destination,Gundogan,'003556',1642,gundogan|gündoğan|gundogan turkey
DESTINATIONS,Destination,Guvercinlik,L56802,1643,guvercinlik|güvercinlik|guvercinlik turkey
DESTINATIONS,Destination,Ortakent,'003395',1644,ortakent|ortakent turkey|ortakent bodrum
DESTINATIONS,Destination,Torba,'002131',1645,torba|torba bodrum|torba turkey
DESTINATIONS,Destination,Turgutreis,'000459',1646,turgutreis|turgutreis turkey
DESTINATIONS,Destination,Yalikavak,'001756',1647,yalikavak|yalıkavak|yalikavak turkey
DESTINATIONS,Destination,Dalaman area,'000442',1648,dalaman area|dalaman region|dalaman coast
DESTINATIONS,Destination,Calis Beach,'000447',1649,calis beach|çalış beach|calis beach fethiye|calis
DESTINATIONS,Destination,Dalaman,L67304,1650,dalaman|dalaman turkey
DESTINATIONS,Destination,Dalyan,'002127',1651,dalyan|dalyan turkey
DESTINATIONS,Destination,Fethiye,'000449',1652,fethiye|fethiye turkey
DESTINATIONS,Destination,Gocek,'002345',1653,gocek|göcek|gocek turkey
DESTINATIONS,Destination,Guzelyurt,L67276,1654,guzelyurt|güzelyurt|guzelyurt turkey
DESTINATIONS,Destination,Hisaronu,'001639',1655,hisaronu|hisarönü|hisaronu turkey
DESTINATIONS,Destination,Icmeler,'000451',1656,icmeler|i̇çmeler|icmeler turkey
DESTINATIONS,Destination,Kalkan,'002217',1657,kalkan|kalkan turkey
DESTINATIONS,Destination,Kas,'002106',1658,kas|kaş|kas turkey
DESTINATIONS,Destination,Marmaris,'000455',1659,marmaris|marmaris turkey
DESTINATIONS,Destination,Olu Deniz,'000456',1660,olu deniz|ölüdeniz|oludeniz|olu deniz turkey
DESTINATIONS,Destination,Ovacik,'002910',1661,"ovacik|övacık|ovacık|ovacik turkey|ovacik, fethiye|ovacik fethiye"
DESTINATIONS,Destination,Sarigerme,'003546',1662,sarigerme|sarıgerme|sarigerme turkey|sarigerme dalaman
DESTINATIONS,Destination,Selimiye,'005526',1663,selimiye|selimiye turkey|selimiye marmaris
DESTINATIONS,Destination,Turunc,'002129',1664,turunc|turunç|turunc marmaris|turunc turkey
DESTINATIONS,Destination,Uzunyurt,L67277,1665,uzunyurt|uzunyurt turkey|uzunyurt fethiye
DESTINATIONS,Destination,Istanbul,'000452',1666,istanbul|i̇stanbul|istanbul city|istanbul turkey
DESTINATIONS,Destination,Izmir,CMS036,1667,izmir|i̇zmir|izmir turkey
DESTINATIONS,Destination,Izmir area,'001453',1668,izmir area|i̇zmir area|izmir region|around izmir|near izmir
DESTINATIONS,Destination,Alacati,L67269,1669,alacati|alaçatı|alacati cesme|alaçatı çeşme
DESTINATIONS,Destination,Cesme,'000448',1670,cesme|çeşme|cesme turkey|cesme peninsula
DESTINATIONS,Destination,Izmir City,L66802,1671,izmir city|i̇zmir city|izmir city centre|izmir downtown|central izmir
DESTINATIONS,Destination,Kusadasi,'000454',1672,kusadasi|kuşadası|kusadasi turkey
DESTINATIONS,Destination,Ozdere,'002577',1673,ozdere|özdere|ozdere turkey
DESTINATIONS,Destination,Seferihisar,L36641,1674,seferihisar|seferihisar turkey|seferihisar izmir
DESTINATIONS,Destination,Sigacik,L66645,1675,sigacik|sığacık|sigacik seferihisar|sığacık seferihisar
DESTINATIONS,Destination,Kusadasi (for Ephesus),L69742,1676,kusadasi for ephesus|kuşadası for ephesus|kusadasi ephesus|stay in kusadasi for ephesus|kusadasi near ephesus
DESTINATIONS,Destination,United Kingdom,GBR,1677,united kingdom|uk|great britain|britain|england|scotland|wales|northern ireland
DESTINATIONS,Destination,North America,NNN,1678,north america|n. america|north american
DESTINATIONS,Destination,United States of America,USA,1679,united states of america|united states|usa|us|america|u.s.a.|u.s.
DESTINATIONS,Destination,Aspen Snowmass,'001547',1680,aspen snowmass|aspen/snowmass|aspen and snowmass|snowmass|snowmass village
DESTINATIONS,Destination,Beaver Creek,'002396',1681,beaver creek|beaver creek resort|beavercreek
DESTINATIONS,Destination,Boston,'000222',1682,"boston|boston, massachusetts|boston ma"
DESTINATIONS,Destination,Breckenridge,'000099',1683,breckenridge|breck|breckenridge colorado
DESTINATIONS,Destination,Chicago,'001600',1684,"chicago|chicago il|chicago, illinois"
DESTINATIONS,Destination,Florida,'000207',1685,florida|fl|state of florida
DESTINATIONS,Destination,Cocoa Beach,'002390',1686,cocoa beach|cocoa beach florida|cocoa beach fl
DESTINATIONS,Destination,Melbourne Beach,L60324,1687,melbourne beach|melbourne beach florida|melbourne beach fl
DESTINATIONS,Destination,Miami,'001152',1688,miami|miami florida|miami fl|miami beach
DESTINATIONS,Destination,Orlando,'000210',1689,orlando|orlando florida|orlando fl
DESTINATIONS,Destination,Championsgate,'004480',1690,championsgate|champions gate|championsgate orlando
DESTINATIONS,Destination,Clermont,L67804,1691,clermont|clermont florida|clermont fl
DESTINATIONS,Destination,Davenport,'004197',1692,davenport|davenport florida|davenport fl
DESTINATIONS,Destination,Greater Orlando,L65843,1693,greater orlando|orlando area|orlando region|orlando and surrounding area|near orlando
DESTINATIONS,Destination,Haines City,L67805,1694,haines city|haines city florida|haines city fl
DESTINATIONS,Destination,International Drive,'000208',1695,international drive|international dr|intl drive|i-drive|i drive
DESTINATIONS,Destination,Kissimmee,'000209',1696,kissimmee|kissimmee florida|kissimmee fl
DESTINATIONS,Destination,Lake Buena Vista,'001541',1697,lake buena vista|lake buena vista fl|lake buena vista florida
DESTINATIONS,Destination,Universal Orlando Resort,'002913',1698,universal orlando resort|universal orlando|universal studios orlando|universal resort orlando
DESTINATIONS,Destination,Walt Disney World Resort,'001695',1699,walt disney world resort|walt disney world|disney world|wdw|disney world orlando
DESTINATIONS,Destination,Gulf Coast,'004245',1700,gulf coast|florida gulf coast|gulf coast florida|gulf side florida
DESTINATIONS,Destination,Atlantic Coast,L62064,1701,atlantic coast|florida atlantic coast|atlantic coast florida|florida east coast
DESTINATIONS,Destination,Las Vegas,'000219',1702,las vegas|vegas|las vegas nevada|las vegas nv
DESTINATIONS,Destination,Los Angeles,'000095',1703,los angeles|la|l.a.|los angeles california|los angeles ca
DESTINATIONS,Destination,Nashville,'002043',1704,nashville|nashville tennessee|nashville tn
DESTINATIONS,Destination,New Orleans,'000216',1705,new orleans|nola|new orleans louisiana|new orleans la
DESTINATIONS,Destination,New York,'001758',1706,"new york|new york city|nyc|new york, ny|manhattan"
DESTINATIONS,Destination,Park City,'000228',1707,park city|park city utah|park city ut
DESTINATIONS,Destination,San Francisco,'000096',1708,san francisco|sf|san fran|san francisco ca|san francisco california
DESTINATIONS,Destination,Sun Valley,'002401',1709,sun valley|sun valley idaho|sun valley id
DESTINATIONS,Destination,Vail,'000101',1710,vail|vail colorado|vail co
DESTINATIONS,Destination,Washington DC,'001799',1711,"washington dc|washington, d.c.|washington dc usa|dc|d.c."
DESTINATIONS,Destination,Canada,CAN,1712,canada|ca|canada trips
DESTINATIONS,Destination,Banff,'000756',1713,banff|banff national park|banff alberta
DESTINATIONS,Destination,Fernie,'002461',1714,fernie|fernie bc|fernie british columbia
DESTINATIONS,Destination,Jasper,'000759',1715,jasper|jasper alberta|jasper national park
DESTINATIONS,Destination,Lake Louise,'000762',1716,lake louise|lake louise alberta|lake louise banff
DESTINATIONS,Destination,Montreal,'000763',1717,montreal|montréal|montreal quebec|montreal qc
DESTINATIONS,Destination,Panorama,'004299',1718,panorama|panorama bc|panorama mountain resort
DESTINATIONS,Destination,Toronto,'000768',1719,toronto|toronto ontario|toronto on
DESTINATIONS,Destination,Tremblant,'002586',1720,tremblant|mont tremblant|mont-tremblant
DESTINATIONS,Destination,Vancouver,'000769',1721,vancouver|vancouver bc|vancouver british columbia
DESTINATIONS,Destination,Whistler,'001360',1722,whistler|whistler bc|whistler blackcomb
DESTINATIONS,Destination,South America,SSS,1723,south america|s. america|south american
DESTINATIONS,Destination,Brazil,BRA,1724,brazil|brasil
DESTINATIONS,Destination,Peru,PER,1725,peru
DESTINATIONS,Destination,Tropea,'003414',1726,tropea|tropea italy|tropea calabria
DESTINATIONS,Destination,Porto Santo Island,'007346',1727,porto santo island|porto santo|ilha do porto santo|porto santo (madeira)
FACILITIES,Facilities,Other Facilities,FT000O,1728,other facilities|other amenities|misc facilities|additional facilities
FACILITIES,Facilities,Food and Drink,FT000F,1729,food and drink|dining|restaurants and bars|food & beverages|f&b
FACILITIES,Facilities,Health and Beauty,FT000H,1730,health and beauty|wellness|beauty treatments|health club|spa and beauty
FACILITIES,Facilities,Entertainment,FT000E,1731,entertainment|hotel entertainment|shows|evening shows|entertainment programme
FACILITIES,Facilities,Sports and Activities,FT000S,1732,sports and activities|sports facilities|activities|sports & activities|things to do
FACILITIES,Facilities,Pool,FT000P,1733,pool|swimming pool|hotel pool|pools
FACILITIES,Facilities,Villa Layout,FT000V,1734,villa layout|villa floor plan|villa configuration|villa layout details
FACILITIES,Facilities,Kitchen Facilities,FT000K,1735,kitchen facilities|kitchenette|self-catering kitchen|cooking facilities|in-room kitchen
FACILITIES,Facilities,Safety deposit boxes,STO4,1736,safety deposit box|safe deposit box|safety box|in-room safe|room safe|hotel safe
FACILITIES,Facilities,24-hour reception,STO1,1737,24-hour reception|24 hour reception|24/7 reception|24-hour front desk|24 hour front desk|reception open 24 hours
FACILITIES,Facilities,Parking,ST28,1738,parking|car parking|on-site parking|free parking|parking available
FACILITIES,Facilities,Laundry service,LST45,1740,laundry service|laundry|washing service|launderette service|clothes washing
FACILITIES,Facilities,Bar,ST3,1741,bar|hotel bar|lounge bar|cocktail bar
FACILITIES,Facilities,Luggage store,LST47,1742,luggage store|luggage storage|bag storage|left luggage|baggage storage
FACILITIES,Facilities,Wi-Fi*,STO8,1743,wi-fi|wifi|wireless internet|internet access|wi fi
FACILITIES,Facilities,Local cuisine,LST46,1745,local cuisine|traditional food|regional cuisine|local dishes
FACILITIES,Facilities,Free Wi-Fi,STO7,1746,free wi-fi|free wifi|complimentary wi-fi|free wireless internet|wifi included|internet
FACILITIES,Facilities,Gym,ST14,1747,gym|fitness centre|fitness center|workout room|weight room
FACILITIES,Facilities,Scuba - additional info,ST35A,1748,scuba info|scuba diving info|scuba additional info|diving info
FACILITIES,Facilities,Massage,LST49,1749,massage|massages|massage service|spa massage
FACILITIES,Facilities,Outdoor pool,STP8,1750,outdoor pool|outside pool|open-air pool|outdoor swimming pool
FACILITIES,Facilities,Kids pool,ST23,1751,kids pool|children's pool|childrens pool|paddling pool|baby pool
FACILITIES,Facilities,Evening entertainment programme,ST8,1752,evening entertainment|night entertainment|evening shows|nightly entertainment|evening programme
FACILITIES,Facilities,Buffet restaurant,STF2,1753,buffet restaurant|buffet|all-you-can-eat buffet|buffet dining
FACILITIES,Facilities,Bike hire,LST11,1755,bike hire|bicycle hire|bike rental|bicycle rental|rent a bike
FACILITIES,Facilities,Pool bar,STF11,1756,pool bar|swim-up bar|bar by the pool|poolside bar
FACILITIES,Facilities,Currency exchange,LST24,1758,currency exchange|money exchange|exchange bureau|foreign exchange
FACILITIES,Facilities,Badminton,LST9,1759,badminton|badminton court
FACILITIES,Facilities,Volleyball,LST79,1760,volleyball|volley ball|volleyball court|beach volleyball
FACILITIES,Facilities,Gardens,ST12,1761,gardens|garden area|hotel gardens|landscaped gardens
FACILITIES,Facilities,Billiards,LST12,1762,billiards|pool table|cue sports
FACILITIES,Facilities,Tennis,ST42,1763,tennis|tennis court|tennis courts
FACILITIES,Facilities,Café,STF14,1764,cafe|café|coffee shop|coffee bar
FACILITIES,Facilities,Games room,ST11,1765,games room|game room|games area|recreation room
FACILITIES,Facilities,Pizza restaurant,LST60,1766,pizza restaurant|pizzeria|pizza place
FACILITIES,Facilities,Darts,LST25,1769,darts|dart board
FACILITIES,Facilities,Spa,ST37,1770,spa|wellness spa|spa facilities|spa centre|spa center
FACILITIES,Facilities,Watersports,ST26,1771,watersports|water sports|water-sports|watersports centre
FACILITIES,Facilities,Kids club,ST22,1772,kids club|kids' club|children's club|childrens club|kids activities club
FACILITIES,Facilities,Snorkelling,LST68,1773,snorkelling|snorkeling|snorkel
FACILITIES,Facilities,Kayaks,LST44,1774,kayaks|kayaking|kayak hire|kayak rental
FACILITIES,Facilities,Gift shop,LST33,1775,gift shop|souvenir shop|hotel shop|gift store
FACILITIES,Facilities,Aqua aerobics,STS2,1776,aqua aerobics|water aerobics|aquafit|aqua fitness
FACILITIES,Facilities,Indoor pool,ST18,1778,indoor pool|inside pool|indoor swimming pool
FACILITIES,Facilities,Sauna,ST34,1779,sauna|steam sauna|sauna room
FACILITIES,Facilities,Turkish bath,LST76,1780,turkish bath|hammam|hamam|turkish hammam
FACILITIES,Facilities,Minigolf,ST25,1781,minigolf|mini golf|putting course|crazy golf
FACILITIES,Facilities,Hot tub/whirlpool,ST17,1782,hot tub|whirlpool|jacuzzi|spa tub|hot tub pool
FACILITIES,Facilities,Jet-ski,LST41,1783,jet-ski|jet ski|jetski|jet skiing
FACILITIES,Facilities,Golf course,ST13,1784,golf course|golf|on-site golf|golf facilities
FACILITIES,Facilities,Snack bar,STF13,1785,snack bar|snack bar by pool|snack bar/restaurant|snack bar area
FACILITIES,Facilities,Table tennis,LST73,1786,table tennis|ping pong|ping-pong
FACILITIES,Facilities,Playground,ST29,1787,playground|kids playground|children's playground|play area
FACILITIES,Facilities,Pool table,LST61,1788,pool table|billiard table|snooker table
FACILITIES,Facilities,Football,LST29,1789,football|soccer|football pitch|soccer field
FACILITIES,Facilities,Daytime activity programme,STS3,1790,daytime activities|daytime entertainment|daily activities programme|daytime programme|activities during the day
FACILITIES,Facilities,Internet area,ST20,1791,internet area|internet corner|computer area|internet access area
FACILITIES,Facilities,Reception area,ST32,1792,reception area|lobby|front desk area|hotel reception
FACILITIES,Facilities,A la carte dining,LST1,1793,a la carte dining|à la carte|à la carte restaurant|set menu not buffet
FACILITIES,Facilities,Live music,STE6,1794,live music|live band|music nights|live entertainment music
FACILITIES,Facilities,Mini-market,LST53,1795,mini-market|minimarket|convenience store|small supermarket|on-site shop
FACILITIES,Facilities,Beauty salon/treatments,ST4,1796,beauty salon|beauty treatments|salon treatments|beauty services
FACILITIES,Facilities,Steam room,ST40,1797,steam room|steam bath|steam room sauna
FACILITIES,Facilities,Shopping,ST36,1798,shopping|shops|shopping area|on-site shopping
FACILITIES,Facilities,Basketball,LST10,1799,basketball|basketball court
FACILITIES,Facilities,Pool towels,LST62,1800,pool towels|towels for pool|beach towels|pool towel service
FACILITIES,Facilities,Water polo,LST80,1801,water polo|waterpolo
FACILITIES,Facilities,Porter,LST63,1802,porter|bellboy|bellman|luggage porter|porter service
FACILITIES,Facilities,Hairdressing,ST15,1803,hairdressing|hairdresser|hair salon|hair styling
FACILITIES,Facilities,Mediterranean restaurant,LST50,1804,mediterranean restaurant|mediterranean food|mediterranean cuisine
FACILITIES,Facilities,Fish/seafood restaurant,LST27,1805,seafood restaurant|fish restaurant|fish and seafood restaurant|seafood dining
FACILITIES,Facilities,Italian restaurant,LST39,1806,italian restaurant|italian food|italian cuisine|trattoria
FACILITIES,Facilities,Aerobics,STS1,1807,aerobics|aerobics class|aerobic classes
FACILITIES,Facilities,Fitness classes/room,LST28,1808,fitness classes|fitness room|exercise classes|fitness studio|gym classes
FACILITIES,Facilities,Asian restaurant,LST7,1809,asian restaurant|asian food|asian cuisine
FACILITIES,Facilities,Restaurant dress code,STF15,1810,restaurant dress code|dress code|dinner dress code|smart casual|formal dress code
FACILITIES,Facilities,Shuttle bus,STO6,1811,shuttle bus|hotel shuttle|shuttle service|free shuttle|courtesy shuttle
FACILITIES,Facilities,Mini-disco,LST51,1812,mini-disco|mini disco|kids disco|children's disco
FACILITIES,Facilities,Arcade machines,LST4,1813,arcade machines|arcade|video arcade|arcade games
FACILITIES,Facilities,Scuba,ST35,1814,scuba|scuba diving|diving|scuba centre|scuba center
FACILITIES,Facilities,Kids dining,STF7,1815,kids dining|children's menu|kids menu|child-friendly dining
FACILITIES,Facilities,Multi-sports court,STS5,1816,multi-sports court|multi sports court|multi-purpose court|sports court
FACILITIES,Facilities,Archery,LST5,1817,archery|archery range|archery lessons
FACILITIES,Facilities,Boccia,LST14,1818,boccia|bocce|bocce ball|boccia court
FACILITIES,Facilities,Air hockey,LST3,1819,air hockey|air-hockey|air hockey table
FACILITIES,Facilities,Baby equipment,STO2,1820,baby equipment|baby gear|baby facilities|baby kit|cot and high chair|travel cot available|high chair available
FACILITIES,Facilities,Reading room,ST31,1821,reading room|library room|quiet reading room|hotel library
FACILITIES,Facilities,Video games,LST78,1822,video games|videogames|gaming room|games console|arcade games
FACILITIES,Facilities,Foreign language lessons,LST30,1823,foreign language lessons|language lessons|language classes|learn a language
FACILITIES,Facilities,Bingo,LST13,1824,bingo|bingo night|bingo games
FACILITIES,Facilities,Adult only areas,STO13,1825,adults only areas|adult-only areas|adults only zone|adult only section|adults-only pool area
FACILITIES,Facilities,Jewellers,LST42,1826,jewellers|jewelry shop|jewellery shop|jeweler on site|jewellery store
FACILITIES,Facilities,Mini-football,LST52,1827,mini football|mini-football|5-a-side football|five-a-side football|small football pitch
FACILITIES,Facilities,International restaurant,LST38,1828,international restaurant|international cuisine|world cuisine restaurant|international dining
FACILITIES,Facilities,Karaoke,LST43,1829,karaoke|karaoke night|karaoke bar
FACILITIES,Facilities,Pedalos,LST57,1830,pedalos|pedal boats|paddle boats|pedalo hire
FACILITIES,Facilities,Private beach,STO11,1831,private beach|hotel private beach|exclusive beach|private beachfront
FACILITIES,Facilities,Water-skiing,LST81,1832,water skiing|water-skiing|waterskiing|water ski
FACILITIES,Facilities,Waterslide,ST44,1833,waterslide|water slide|pool slide
FACILITIES,Facilities,Live sport screenings,STE1,1834,live sport screenings|live sports on tv|sports screenings|watch live sport|live football on tv
FACILITIES,Facilities,Internet facilities,ST20A,1835,internet facilities|internet access|wifi|wi-fi|wireless internet|internet cafe
FACILITIES,Facilities,French restaurant,LST31,1836,french restaurant|french cuisine|french dining|bistro
FACILITIES,Facilities,Creperie,STF4,1837,creperie|crêperie|crepe restaurant|crêpe bar|crepes
FACILITIES,Facilities,Golf offers,LST34,1838,golf offers|golf packages|golf deals|golf breaks
FACILITIES,Facilities,Outdoor area,STO9,1839,outdoor area|outdoor space|outside area|garden area|terrace area
FACILITIES,Facilities,Saltwater pool,STP17,1840,saltwater pool|salt water pool|seawater pool|sea water pool
FACILITIES,Facilities,Infinity pool,STP16,1841,infinity pool|infinity-edge pool|infinity edge pool|vanishing edge pool
FACILITIES,Facilities,Creche,ST6,1842,creche|crèche|nursery|day nursery|baby daycare
FACILITIES,Facilities,Christmas gala meals,STF3,1843,christmas gala meal|christmas gala dinner|christmas dinner|christmas day gala
FACILITIES,Facilities,New Year gala meals,STF9,1844,new year gala meal|new year's eve gala dinner|new year gala dinner|nye gala dinner
FACILITIES,Facilities,Onsite waterpark,STP6,1845,onsite waterpark|on-site waterpark|waterpark on site|water park at hotel
FACILITIES,Facilities,Offsite Waterpark,STP61,1846,offsite waterpark|off-site waterpark|nearby waterpark|waterpark nearby
FACILITIES,Facilities,Splash park,STP11,1847,splash park|kids splash park|water splash park|splash pad
FACILITIES,Facilities,Shuffleboard,LST67,1848,shuffleboard|shuffle board|deck shuffleboard
FACILITIES,Facilities,Disco,ST7,1849,disco|disco night|hotel disco|nightclub
FACILITIES,Facilities,Self-service laundry,STO5,1850,self-service laundry|self service laundry|laundrette|laundromat|coin laundry|coin-operated laundry
FACILITIES,Facilities,Cinema,ST5,1851,cinema|movie theatre|movie theater|on-site cinema|screening room
FACILITIES,Facilities,Kids slide,STP3,1852,kids slide|children's slide|childrens slide|toddler slide
FACILITIES,Facilities,Aromatherapy,LST6,1853,aromatherapy|aroma therapy|aromatherapy massage
FACILITIES,Facilities,Japanese restaurant,LST40,1854,japanese restaurant|japanese cuisine|sushi restaurant|teppanyaki restaurant
FACILITIES,Facilities,Cooking class,STE8,1855,cooking class|cookery class|cooking lessons|cookery lessons
FACILITIES,Facilities,Ayurvedic treatments,LST8,1856,ayurvedic treatments|ayurveda treatments|ayurvedic spa|ayurvedic massage
FACILITIES,Facilities,Body wraps,LST16,1857,body wraps|body wrap treatment|spa body wrap
FACILITIES,Facilities,Facials,LST26,1858,facials|facial treatment|spa facial
FACILITIES,Facilities,Manicure,LST48,1859,manicure|nail manicure|manicure service
FACILITIES,Facilities,Pedicure,LST58,1860,pedicure|spa pedicure|pedicure service
FACILITIES,Facilities,Splash pool,ST38,1861,splash pool|kids splash pool|children's splash pool|paddling pool
FACILITIES,Facilities,Boules,LST17,1862,boules|pétanque|petanque|boules court
FACILITIES,Facilities,Grill/steakhouse restaurant,STF6,1863,steakhouse|steakhouse restaurant|grill restaurant|grill and steakhouse|steak restaurant
FACILITIES,Facilities,Catamaran,LST21,1864,catamaran|catamaran trips|catamaran sailing|catamaran cruise
FACILITIES,Facilities,Mexican restaurant,STF8,1865,mexican restaurant|mexican cuisine|taco restaurant
FACILITIES,Facilities,Reflexology,LST64,1866,reflexology|foot reflexology|reflexology massage
FACILITIES,Facilities,Waxing,LST82,1867,waxing|hair removal waxing|waxing service
FACILITIES,Facilities,Indian restaurant,LST37,1868,indian restaurant|indian cuisine|curry house
FACILITIES,Facilities,Burgers/fast food,LST19,1869,fast food|burger bar|burger restaurant|burgers|fast-food
FACILITIES,Facilities,Lazy river,STP4,1870,lazy river|lazy river pool|lazy river ride
FACILITIES,Facilities,Double bedroom,STV008,1871,double bedroom|double room|1 double bed|double bed room
FACILITIES,Facilities,Lounge,STV006,1872,lounge|living room|sitting room|lounge area
FACILITIES,Facilities,Dining area,STV007,1873,dining area|dining room|eating area|dining space
FACILITIES,Facilities,Twin bedroom,STV009,1874,twin bedroom|twin room|two single beds|2 single beds
FACILITIES,Facilities,Separate bathroom,STV011,1875,separate bathroom|private bathroom separate|bathroom separate from bedroom
FACILITIES,Facilities,Microwave,STK007,1876,microwave|microwave oven
FACILITIES,Facilities,Dishwasher,STK002,1877,dishwasher|dish washer
FACILITIES,Facilities,Washing machine,STK012,1878,washing machine|washer|clothes washer
FACILITIES,Facilities,Kitchen,STV005,1879,kitchen|full kitchen|kitchenette
FACILITIES,Facilities,Fusion restaurant,LST32,1880,fusion restaurant|fusion cuisine|asian fusion restaurant
FACILITIES,Facilities,Select Your Room available,LST69,1881,select your room|choose your room|pick your room|room selection available
FACILITIES,Facilities,Swim Academy,ST41,1882,swim academy|swimming academy|swimming lessons|swim school
FACILITIES,Facilities,Photo shop,LST59,1883,photo shop|photo store|photography shop|photo printing
FACILITIES,Facilities,Jogging track,ST21,1884,jogging track|running track|jogging path|running path
FACILITIES,Facilities,Thai restaurant,LST74,1885,thai restaurant|thai cuisine|thai food
FACILITIES,Facilities,Organic restaurant,LST55,1886,organic restaurant|organic food restaurant|organic cuisine|organic dining
FACILITIES,Facilities,Spray ground,STP12,1887,spray ground|spray park|water spray ground|spray pad
FACILITIES,Facilities,Football Academy,ST9,1888,football academy|soccer academy|football training|soccer school
FACILITIES,Facilities,Coffee maker,STK001,1889,coffee maker|coffee machine|coffeemaker
FACILITIES,Facilities,Kettle,STK006,1890,kettle|electric kettle
FACILITIES,Facilities,Single bedroom,STV010,1891,single bedroom|single room|1 single bed
FACILITIES,Facilities,Hob,STK005,1892,hob|stovetop|cooktop|hot plate
FACILITIES,Facilities,Fridge,STK013,1893,fridge|refrigerator|mini fridge
FACILITIES,Facilities,Other,STV014,1894,
FACILITIES,Facilities,Kids cooking class,STE7,1895,kids cooking class|children's cooking class|junior cooking class|kids cookery class
FACILITIES,Facilities,Toaster,STK011,1896,toaster|bread toaster
FACILITIES,Facilities,Stage Academy,ST39,1897,stage academy|performing arts academy|drama academy|theatre academy
FACILITIES,Facilities,British restaurant,LST18,1898,british restaurant|british cuisine|english restaurant|traditional british food
FACILITIES,Facilities,Bodyboarding,LST15,1899,bodyboarding|body boarding|boogie boarding|boogie board
FACILITIES,Facilities,Chinese restaurant,LST22,1900,chinese restaurant|chinese cuisine|chinese food
FACILITIES,Facilities,Thalassotherapy pool,LST75,1901,thalassotherapy pool|thalasso pool|seawater therapy pool|thalassotherapy
FACILITIES,Facilities,Vegetarian restaurant,LST77,1902,vegetarian restaurant|vegetarian cuisine|veggie restaurant|meat-free restaurant
FACILITIES,Facilities,Oven,STK009,1903,oven|baking oven
FACILITIES,Facilities,Fridge-freezer,STK003,1904,fridge-freezer|fridge freezer|refrigerator freezer|refrigerator with freezer
FACILITIES,Facilities,Surf simulator,STP13,1905,surf simulator|wave simulator|flowrider|surf machine
FACILITIES,Facilities,Feature slide,STP2,1906,feature slide|signature slide|main waterslide
FACILITIES,Facilities,En suite bathroom,STV012,1907,en suite bathroom|ensuite bathroom|en-suite|private en suite
FACILITIES,Facilities,Separate toilet,STV013,1908,separate toilet|separate wc|separate loo|toilet separate from bathroom
FACILITIES,Facilities,Villa outdoor area,STV004,1909,villa outdoor area|villa terrace|villa patio|private villa garden|villa outside area
FACILITIES,Facilities,Grill,STK004,1910,grill|bbq|barbecue|barbeque
FACILITIES,Facilities,Upper floor rooms,STV001,1911,upper floor rooms|upper floor room|high floor rooms|higher floor room
FACILITIES,Facilities,Aerial Adventure,ST16,1912,aerial adventure|high ropes course|treetop adventure|zip line course
FACILITIES,Facilities,Wave pool,STP15,1913,wave pool|artificial wave pool|pool with waves
FACILITIES,Facilities,Lower floor rooms,STV002,1914,lower floor rooms|low floor rooms|ground floor rooms|lower level room
FACILITIES,Facilities,Tube slide,STP14,1915,tube slide|tube waterslide|enclosed waterslide|tunnel slide
FACILITIES,Facilities,Multi-lane slide,STP5,1916,multi-lane slide|multi lane slide|racer slide|mat racer slide
FACILITIES,Facilities,Sunbeds,LST71,1917,sunbeds|sun loungers|sunbeds by the pool|loungers
FACILITIES,Facilities,Parasols,ST19,1918,parasols|sun umbrellas|beach umbrellas|pool umbrellas
FACILITIES,Facilities,Onboard Support,STO014,1921,onboard support|on-board support|support on board|onboard assistance
FACILITIES,Facilities,Mini-oven,STK008,1922,mini oven|mini-oven|small oven|compact oven
FACILITIES,Facilities,Sandwich toaster,STK010,1923,sandwich toaster|toastie maker|toasted sandwich maker|panini maker
FACILITIES,Facilities,Onboard Experience,STO015,1924,onboard experience|on-board experience|onboard activities|experience on board
FACILITIES,Facilities,Greener and fairer hotels,STO12,1925,eco-friendly hotel|sustainable hotel|green hotel|environmentally friendly hotel|ethical hotel
FACILITIES,Facilities,Cruise ship,STO10,1926,cruise ship|cruise boat|ocean cruise ship
FACILITIES,Facilities,Body slide,STP1,1927,body slide|body waterslide|open waterslide
FACILITIES,Facilities,Speed slide,STP10,1928,speed slide|fast waterslide|high-speed slide|rapid slide
FACILITIES,Facilities,Middle floor rooms,STV003,1929,middle floor rooms|mid floor rooms|mid-level rooms|middle level room
CARRIER,Flight: Airlines,9Air,AQ,1930,9air|nine air
CARRIER,Flight: Airlines,Wings of Alaska,K5,1931,wings of alaska
CARRIER,Flight: Airlines,Wizz Air,W9,1932,wizz air|wizzair|wiz air
CARRIER,Flight: Airlines,Air Norway,M3,1933,air norway
CARRIER,Flight: Airlines,ABX Air,GB,1934,abx air|abxair
CARRIER,Flight: Airlines,Sunwing Airlines,KO,1935,sunwing|sunwing airlines
CARRIER,Flight: Airlines,Adria Airways,JP,1936,adria airways|adria
CARRIER,Flight: Airlines,Aegean Airlines,A3,1937,aegean airlines|aegean
CARRIER,Flight: Airlines,Aer Lingus Regional,RE,1939,aer lingus regional
CARRIER,Flight: Airlines,Empire Airlines,EM,1940,empire airlines
CARRIER,Flight: Airlines,Aero Condor,Q6,1941,aero condor
CARRIER,Flight: Airlines,SCAT,DV,1942,scat airlines|scat
CARRIER,Flight: Airlines,Aero Mongolia,M0,1943,aero mongolia
CARRIER,Flight: Airlines,Silk Way West Airlines,'7L',1944,silk way west|silk way west airlines
CARRIER,Flight: Airlines,Aero-Charter Airlines,DW,1945,aero-charter airlines|aero charter airlines
CARRIER,Flight: Airlines,Aerocon,A4,1946,aerocon
CARRIER,Flight: Airlines,American Jet,AJ,1947,american jet|american jet airlines
CARRIER,Flight: Airlines,Aeroflot Russian Airlines,SU,1948,aeroflot|aeroflot russian airlines
CARRIER,Flight: Airlines,Aerogal,'2K',1949,aerogal
CARRIER,Flight: Airlines,Key Lime Air,KG,1950,key lime air
CARRIER,Flight: Airlines,Air Guyane Express,'3S',1951,air guyane express
CARRIER,Flight: Airlines,Aerolineas Argentinas,AR,1952,aerolineas argentinas|aerolíneas argentinas|argentine airlines
CARRIER,Flight: Airlines,Aerolineas MAS,N3,1953,aerolineas mas|aerolíneas mas
CARRIER,Flight: Airlines,Aerolineas Sosa,P4,1954,aerolineas sosa|aerolíneas sosa
CARRIER,Flight: Airlines,Aeromar,VW,1955,aeromar
CARRIER,Flight: Airlines,Aeromexico,AM,1956,aeromexico|aero mexico|aeroméxico
CARRIER,Flight: Airlines,Aeromexico Connect,'5D',1957,aeromexico connect|aeroméxico connect
CARRIER,Flight: Airlines,Aeropelican Air Services,OT,1958,aeropelican air services|aeropelican
CARRIER,Flight: Airlines,Aeropostal,VH,1959,aeropostal|aeropostal alas de venezuela
CARRIER,Flight: Airlines,Al-Naser Airlines,'6N',1960,al-naser airlines|al naser airlines
CARRIER,Flight: Airlines,AeroUnion,'6R',1961,aerounion|aero union
CARRIER,Flight: Airlines,Aerovias DAP,X8,1962,aerovias dap|aerovías dap|dap airlines
CARRIER,Flight: Airlines,Afric Aviation,L8,1963,afric aviation
CARRIER,Flight: Airlines,Air Niamey,AW,1964,air niamey
CARRIER,Flight: Airlines,African Express Airways,XU,1965,african express airways|african express
CARRIER,Flight: Airlines,Afriqiyah Airways,'8U',1966,afriqiyah airways|afriqiyah
CARRIER,Flight: Airlines,Aigle Azur,ZI,1967,aigle azur
CARRIER,Flight: Airlines,Kabo Air,N9,1968,kabo air
CARRIER,Flight: Airlines,Air Algerie,AH,1969,air algerie|air algérie
CARRIER,Flight: Airlines,Air Alps,A6,1970,air alps
CARRIER,Flight: Airlines,Air Arabia,G9,1971,air arabia|airarabia
CARRIER,Flight: Airlines,Air Arabia Egypt,E5,1972,air arabia egypt|airarabia egypt
CARRIER,Flight: Airlines,Air Arabia Maroc,'3O',1973,air arabia maroc|air arabia morocco|airarabia maroc
CARRIER,Flight: Airlines,Air Armenia,QN,1974,air armenia
CARRIER,Flight: Airlines,Air Astana,KC,1975,air astana
CARRIER,Flight: Airlines,Air Atlanta Icelandic,CC,1976,air atlanta icelandic|air atlanta iceland
CARRIER,Flight: Airlines,Air Austral,UU,1977,air austral
CARRIER,Flight: Airlines,Air Bashkortostan,ZU,1978,air bashkortostan
CARRIER,Flight: Airlines,Air Bishkek,KR,1979,air bishkek
CARRIER,Flight: Airlines,Air Bissau International,YL,1980,air bissau international
CARRIER,Flight: Airlines,Air Botswana,BP,1981,air botswana
CARRIER,Flight: Airlines,Air Burkina,'2J',1982,air burkina
CARRIER,Flight: Airlines,Ecuato Guineana de Aviacion,'8Y',1983,
CARRIER,Flight: Airlines,Air Busan,BX,1984,air busan
CARRIER,Flight: Airlines,Air Cairo,MC,1985,air cairo
CARRIER,Flight: Airlines,Air Caledonie,TY,1986,air caledonie|air calédonie
CARRIER,Flight: Airlines,Air Canada,AC,1987,air canada
CARRIER,Flight: Airlines,Air Caraibes Atlantique,TX,1988,air caraibes|air caraïbes|air caraibes atlantique
CARRIER,Flight: Airlines,Air Cargo Carriers,'2Q',1989,air cargo carriers
CARRIER,Flight: Airlines,Cargolux,CV,1990,cargolux|cargolux airlines
CARRIER,Flight: Airlines,Dalian Airlines,CA,1991,dalian airlines
CARRIER,Flight: Airlines,Air Class Lineas Aereas,QD,1992,air class|air class airlines|air class lineas aereas|air class líneas aéreas
CARRIER,Flight: Airlines,Aruba Airlines,AG,1993,aruba airlines
CARRIER,Flight: Airlines,Air Corsica,XK,1994,air corsica
CARRIER,Flight: Airlines,Air Costa,LB,1995,air costa
CARRIER,Flight: Airlines,Air Creebec,YN,1997,air creebec
CARRIER,Flight: Airlines,Air Do,HD,1998,air do|airdo|air do (japan)
CARRIER,Flight: Airlines,Lufthansa,LH,1999,lufthansa|lufthansa airlines
CARRIER,Flight: Airlines,Air Europa,UX,2000,air europa|aireuropa
CARRIER,Flight: Airlines,Air France,AF,2001,air france|airfrance
CARRIER,Flight: Airlines,Central Mountain Air,ZX,2002,central mountain air
CARRIER,Flight: Airlines,FlyCongo,EO,2003,flycongo|fly congo
CARRIER,Flight: Airlines,Air Greenland,GL,2004,air greenland|airgreenland
CARRIER,Flight: Airlines,Allegiant Air,G4,2005,allegiant|allegiant air|allegient air
CARRIER,Flight: Airlines,Taban Air,HH,2006,taban air
CARRIER,Flight: Airlines,LTA - Linea Turistica Aerotuy,LD,2007,linea turistica aerotuy
CARRIER,Flight: Airlines,Air Iceland,NY,2008,air iceland|air iceland connect|airiceland
CARRIER,Flight: Airlines,Air India,AI,2009,air india|airindia
CARRIER,Flight: Airlines,Air India Regional,CD,2010,air india regional
CARRIER,Flight: Airlines,Mexicana Link,I6,2011,mexicana link
CARRIER,Flight: Airlines,Air Inuit,'3H',2012,air inuit
CARRIER,Flight: Airlines,Caribbean Airlines,BW,2013,caribbean airlines
CARRIER,Flight: Airlines,Air Japan / ANA,NQ,2014,air japan
CARRIER,Flight: Airlines,Air KBZ,K7,2015,
CARRIER,Flight: Airlines,Air Kiribati,'4A',2016,air kiribati
CARRIER,Flight: Airlines,Air Koryo,JS,2017,air koryo
CARRIER,Flight: Airlines,Air Labrador,WJ,2018,air labrador
CARRIER,Flight: Airlines,PAWA Dominicana,'7Q',2019,
CARRIER,Flight: Airlines,Ruili Airlines,DR,2020,ruili airlines|ruili air
CARRIER,Flight: Airlines,Air Macau,NX,2021,air macau|air macao
CARRIER,Flight: Airlines,Air Madagascar,MD,2022,air madagascar
CARRIER,Flight: Airlines,Air Malawi,QM,2023,air malawi
CARRIER,Flight: Airlines,AirAsia India,I5,2024,airasia india|air asia india|airasiaindia
CARRIER,Flight: Airlines,KM Malta Airlines,KM,2025,malta airlines
CARRIER,Flight: Airlines,Mahfooz Aviation,M2,2026,mahfooz aviation
CARRIER,Flight: Airlines,Air Mandalay,'6T',2027,air mandalay
CARRIER,Flight: Airlines,Air Marshall Islands,CW,2028,air marshall islands|air marshall islands airline
CARRIER,Flight: Airlines,Hunnu Air,MR,2029,hunnu air|hunnu airlines
CARRIER,Flight: Airlines,Air Mauritius,MK,2030,air mauritius
CARRIER,Flight: Airlines,Trans Attico,ML,2031,trans attico
CARRIER,Flight: Airlines,Air Moldova,'9U',2032,air moldova
CARRIER,Flight: Airlines,Air Tahiti,VT,2033,air tahiti
CARRIER,Flight: Airlines,Air Namibia,SW,2034,air namibia
CARRIER,Flight: Airlines,Air New Zealand,NZ,2035,air new zealand|airnz
CARRIER,Flight: Airlines,Air Niugini,PX,2036,air niugini
CARRIER,Flight: Airlines,Air North - Yukons Airline,'4N',2037,air north|air north yukon|air north yukon's airline
CARRIER,Flight: Airlines,Air Nostrum (Iberia Regional),YW,2038,air nostrum|iberia regional|air nostrum iberia regional
CARRIER,Flight: Airlines,Alba Star,AP,2039,albastar|alba star
CARRIER,Flight: Airlines,Air Onix Airlines,OG,2040,air onix|air onix airlines
CARRIER,Flight: Airlines,Air Panama,'7P',2041,air panama|airpanama
CARRIER,Flight: Airlines,Air People International,'3D',2042,air people international
CARRIER,Flight: Airlines,Air Rarotonga,GZ,2043,air rarotonga
CARRIER,Flight: Airlines,Air Saint-Pierre,PJ,2044,air saint-pierre|air saint pierre
CARRIER,Flight: Airlines,Air Seychelles,HM,2045,air seychelles
CARRIER,Flight: Airlines,Air Sinai,'4D',2046,air sinai
CARRIER,Flight: Airlines,Yunnan Ying An Airlines,YI,2047,yunnan ying an airlines|ying an airlines
CARRIER,Flight: Airlines,Air Tahiti Nui,TN,2048,air tahiti nui|tahiti nui
CARRIER,Flight: Airlines,Air Tanzania,TC,2049,air tanzania
CARRIER,Flight: Airlines,Air Tindi,'8T',2050,air tindi
CARRIER,Flight: Airlines,Air Transport International - ATI,'8C',2051,air transport international|air transport intl
CARRIER,Flight: Airlines,Air Uganda,U7,2052,air uganda
CARRIER,Flight: Airlines,Air Urga,'3N',2053,air urga
CARRIER,Flight: Airlines,DHL Air,DO,2054,
CARRIER,Flight: Airlines,National Airways (NAC),NF,2055,national airways
CARRIER,Flight: Airlines,Med-View Airline,VL,2056,med-view airline|med view airline|medview airline
CARRIER,Flight: Airlines,Air Wisconsin / US Airways Express,ZW,2057,air wisconsin
CARRIER,Flight: Airlines,Air Zimbabwe,UM,2058,air zimbabwe
CARRIER,Flight: Airlines,Flair Airlines,F8,2059,flair airlines|flair air
CARRIER,Flight: Airlines,AirAsia,AK,2060,airasia|air asia|airasia (malaysia)
CARRIER,Flight: Airlines,AirAsia Philippines,PQ,2061,airasia philippines|air asia philippines|airasiaphilippines
CARRIER,Flight: Airlines,AirAsia X,D7,2062,airasia x|air asia x|airasiax
CARRIER,Flight: Airlines,AirBaltic,BT,2063,airbaltic|air baltic
CARRIER,Flight: Airlines,AirBerlin,AB,2064,air berlin|airberlin
CARRIER,Flight: Airlines,AirExplore,ED,2065,airexplore|air explore
CARRIER,Flight: Airlines,AirBridgeCargo,RU,2066,airbridgecargo|air bridge cargo
CARRIER,Flight: Airlines,Airbus Transport International,'4Y',2067,airbus transport international
CARRIER,Flight: Airlines,Aircalin,SB,2068,aircalin|air calin
CARRIER,Flight: Airlines,Air-India Express,IX,2069,air india express|air-india express|airindia express
CARRIER,Flight: Airlines,Airkenya Express,P2,2070,airkenya express|air kenya express|airkenya
CARRIER,Flight: Airlines,Felix Airways,FO,2071,felix airways
CARRIER,Flight: Airlines,Airlines PNG,CG,2072,airlinespng
CARRIER,Flight: Airlines,Avies,U3,2073,avies
CARRIER,Flight: Airlines,AirNorth Regional,TL,2074,airnorth regional|air north regional
CARRIER,Flight: Airlines,Puerto Rico Air Management,'2P',2075,puerto rico air management
CARRIER,Flight: Airlines,AirTran Airways,FL,2076,airtran|airtran airways|air tran
CARRIER,Flight: Airlines,Wasaya Airways,WG,2077,wasaya airways|wasaya air
CARRIER,Flight: Airlines,AJT Air International,E9,2078,
CARRIER,Flight: Airlines,AK Bars Aero,'2B',2079,ak bars aero
CARRIER,Flight: Airlines,Aklak Air,'6L',2080,aklak air
CARRIER,Flight: Airlines,Alania Airlines,'2D',2081,alania airlines
CARRIER,Flight: Airlines,Solar Cargo,AS,2082,solar cargo
CARRIER,Flight: Airlines,Alaska Horizon,QX,2083,horizon air|alaska horizon|alaska airlines horizon
CARRIER,Flight: Airlines,Jubba Airways,J5,2084,jubba airways
CARRIER,Flight: Airlines,JetStar,JQ,2085,jetstar|jet star
CARRIER,Flight: Airlines,Punto Azul,ZR,2086,punto azul
CARRIER,Flight: Airlines,Alidaunia,D4,2087,alidaunia
CARRIER,Flight: Airlines,Alitalia,AZ,2088,alitalia
CARRIER,Flight: Airlines,Alitalia CityLiner,CT,2089,alitalia cityliner
CARRIER,Flight: Airlines,Alliance Airlines,QQ,2090,alliance airlines
CARRIER,Flight: Airlines,Warbelows Air,'4W',2091,warbelows air|warbelow's air
CARRIER,Flight: Airlines,USA Jet Airlines,UJ,2092,
CARRIER,Flight: Airlines,Aloha Air Cargo,KH,2093,aloha air cargo|aloha cargo
CARRIER,Flight: Airlines,Alpine Air Express,'5A',2094,alpine air express|alpine air
CARRIER,Flight: Airlines,Kalitta Air,K4,2095,kalitta air
CARRIER,Flight: Airlines,Amaszonas,Z8,2096,amaszonas
CARRIER,Flight: Airlines,AMC Airlines,YJ,2097,
CARRIER,Flight: Airlines,American Airlines,AA,2098,american airlines|american air
CARRIER,Flight: Airlines,Amerijet International,M6,2099,amerijet|amerijet international
CARRIER,Flight: Airlines,Ameristar Air Cargo,'7Z',2100,ameristar air cargo|ameristar air
CARRIER,Flight: Airlines,ANA - All Nippon Airways,NH,2101,all nippon airways
CARRIER,Flight: Airlines,ANA Wings,EH,2102,
CARRIER,Flight: Airlines,Omni Air International,OY,2103,omni air international|omni air
CARRIER,Flight: Airlines,San Juan Airlines,'2G',2104,san juan airlines
CARRIER,Flight: Airlines,Angola Air Charter,'7X',2105,angola air charter
CARRIER,Flight: Airlines,Anguilla Air Services,Q3,2106,anguilla air services
CARRIER,Flight: Airlines,Antrak Air,O4,2107,antrak air
CARRIER,Flight: Airlines,Orbest Orizonia Airlines,IP,2108,orbest|orbest orizonia|orbest orizonia airlines
CARRIER,Flight: Airlines,Eastar Jet,ZE,2109,eastar jet|eastarjet
CARRIER,Flight: Airlines,Ariana Afghan Airlines,FG,2110,ariana afghan airlines|ariana afghan
CARRIER,Flight: Airlines,Swiftair,W3,2111,swiftair|swift air
CARRIER,Flight: Airlines,WXYZ fly Netherlands,OR,2112,
CARRIER,Flight: Airlines,Arkia Israeli Airlines,IZ,2113,arkia|arkia israeli airlines|arkia airlines
CARRIER,Flight: Airlines,ASERCA Airlines,R7,2114,aserca|aserca airlines
CARRIER,Flight: Airlines,Asia Atlantic Airlines,HB,2115,asia atlantic airlines|asia atlantic|asia atlantic air
CARRIER,Flight: Airlines,Golden Myanmar Airlines,Y5,2116,golden myanmar airlines|golden myanmar
CARRIER,Flight: Airlines,Asky Airlines,KP,2117,asky airlines
CARRIER,Flight: Airlines,Asian Express,KV,2118,asian express
CARRIER,Flight: Airlines,Asiana Airlines,OZ,2119,asiana|asiana airlines
CARRIER,Flight: Airlines,Kenn Borek Air,'4K',2120,kenn borek air
CARRIER,Flight: Airlines,Cielos Airlines,A2,2121,cielos airlines|cielos air
CARRIER,Flight: Airlines,Wright Air Service,'8V',2122,wright air|wright air service
CARRIER,Flight: Airlines,ATA Airlines,I3,2123,
CARRIER,Flight: Airlines,Athens Airways,ZF,2124,athens airways
CARRIER,Flight: Airlines,FlyEasy,EX,2125,flyeasy|fly easy
CARRIER,Flight: Airlines,Atlantic Airways,RC,2126,atlantic airways
CARRIER,Flight: Airlines,Avior Airlines,'9V',2127,avior airlines|avior
CARRIER,Flight: Airlines,Isles of Scilly Skybus,'5Y',2128,skybus|skybus airlines|isles of scilly skybus|scilly skybus
CARRIER,Flight: Airlines,Atlasjet Airlines,KK,2129,atlasjet|atlasjet airlines|atlasglobal|atlas global
CARRIER,Flight: Airlines,ATRAN Cargo Airlines,V8,2130,atran|atran cargo|atran cargo airlines
CARRIER,Flight: Airlines,Augsburg Airways,IQ,2131,augsburg airways
CARRIER,Flight: Airlines,Aurigny Air Services,GR,2132,aurigny|aurigny air services
CARRIER,Flight: Airlines,Austral Lineas Aereas,AU,2133,austral líneas aéreas|austral lineas aereas|austral airlines|austral
CARRIER,Flight: Airlines,Austrian,OS,2134,austrian airlines|austrian
CARRIER,Flight: Airlines,Promech Air,Z3,2135,promech air
CARRIER,Flight: Airlines,Passaredo Transportes Aereos,P3,2136,passaredo|passaredo transportes aéreos|passaredo transportes aereos
CARRIER,Flight: Airlines,Livingston,JN,2137,livingston|livingston airline
CARRIER,Flight: Airlines,Avia Traffic,YK,2138,avia traffic|aviatraffic|avia traffic company
CARRIER,Flight: Airlines,Avialeasing,EC,2139,avialeasing|avia leasing
CARRIER,Flight: Airlines,Avianca,AV,2140,avianca|avianca airlines
CARRIER,Flight: Airlines,Avianca Brazil,O6,2141,avianca brazil|avianca brasil
CARRIER,Flight: Airlines,Avianca Cargo,QT,2142,avianca cargo
CARRIER,Flight: Airlines,Aviastar,MV,2143,aviastar|aviastar airlines
CARRIER,Flight: Airlines,Perimeter Aviation,'4B',2144,perimeter aviation|perimeter airlines
CARRIER,Flight: Airlines,TAM Linhas Aereas,JJ,2145,
CARRIER,Flight: Airlines,SkyWest Airlines,OO,2146,skywest|skywest airlines
CARRIER,Flight: Airlines,Azerbaijan Airlines,J2,2147,azerbaijan airlines
CARRIER,Flight: Airlines,Azul,AD,2148,azul|azul airlines|azul linhas aéreas|azul linhas aereas
CARRIER,Flight: Airlines,B&H Airlines,JA,2149,b&h airlines|b and h airlines
CARRIER,Flight: Airlines,Jordan International Air Cargo,J4,2150,jordan international air cargo
CARRIER,Flight: Airlines,Bahamasair,UP,2151,bahamasair|bahamas air
CARRIER,Flight: Airlines,Bangkok Airways,PG,2152,bangkok airways
CARRIER,Flight: Airlines,Bankair,B4,2153,bankair|bank air
CARRIER,Flight: Airlines,Chanchangi Airlines,'5B',2154,chanchangi airlines|chanchangi air
CARRIER,Flight: Airlines,Interlink Airlines,ID,2155,interlink airlines|interlink air
CARRIER,Flight: Airlines,Bearskin Airlines,JV,2156,bearskin airlines|bearskin
CARRIER,Flight: Airlines,Bek Air,Z9,2157,bek air
CARRIER,Flight: Airlines,Belair,'4T',2158,belair|belair airlines|bel air (airline)
CARRIER,Flight: Airlines,Belavia Belarusian Airlines,B2,2159,belavia|belavia belarusian airlines|belavia airlines
CARRIER,Flight: Airlines,SF Airlines,O3,2160,
CARRIER,Flight: Airlines,Bemidji Airlines,CH,2161,bemidji airlines
CARRIER,Flight: Airlines,Easy Fly Express,'8E',2162,easy fly express|easyfly express|easy fly
CARRIER,Flight: Airlines,Berjaya Air,J8,2163,berjaya air
CARRIER,Flight: Airlines,Bhutan Airlines,B3,2164,bhutan airlines|bhutan airline
CARRIER,Flight: Airlines,Biman Banglasdesh Airlines,BG,2165,biman bangladesh airlines|biman banglasdesh airlines|biman
CARRIER,Flight: Airlines,NHT Linhas Aereas,NT,2166,
CARRIER,Flight: Airlines,Bismillah Airlines,'5Z',2167,bismillah airlines
CARRIER,Flight: Airlines,Blue Air,'0B',2168,blue air|blueair
CARRIER,Flight: Airlines,Bluebird Airways,BZ,2169,bluebird airways|blue bird airways
CARRIER,Flight: Airlines,Blue Panorama Airlines,BV,2170,blue panorama|blue panorama airlines
CARRIER,Flight: Airlines,Blue1,KF,2171,blue1|blue 1
CARRIER,Flight: Airlines,Bluebird Cargo,BF,2172,bluebird cargo|blue bird cargo
CARRIER,Flight: Airlines,bmi Regional,WW,2173,bmi regional
CARRIER,Flight: Airlines,Boliviana de Aviacion - BoA,OB,2174,boliviana de aviación|boliviana de aviacion|boa|boliviana de aviacion boa
CARRIER,Flight: Airlines,Nouvelair,BJ,2175,nouvelair|nouvelair tunisie|nouvelair tunisia
CARRIER,Flight: Airlines,Eritrean Airlines,B8,2176,eritrean airlines|eritrean air
CARRIER,Flight: Airlines,BQB Lineas Aereas,'5Q',2177,
CARRIER,Flight: Airlines,Braathens Regional,DC,2178,braathens regional|braathens regional airlines
CARRIER,Flight: Airlines,Thomas Cook Airlines Belgium,FQ,2179,thomas cook airlines belgium|thomas cook belgium
CARRIER,Flight: Airlines,British Airways,BA,2180,british airways|british air|brit airways
CARRIER,Flight: Airlines,Brussels Airlines,SN,2181,brussels airlines|brussels air
CARRIER,Flight: Airlines,Bural,U4,2182,bural
CARRIER,Flight: Airlines,Bukovyna Airlines,BQ,2183,bukovyna airlines|bukovina airlines
CARRIER,Flight: Airlines,Bulgaria Air,FB,2184,bulgaria air|bulgariaair
CARRIER,Flight: Airlines,Buraq Air,UZ,2185,buraq air|buraqair
CARRIER,Flight: Airlines,Gambia Bird,'3B',2186,gambia bird|gambiabird
CARRIER,Flight: Airlines,Business Air,'8B',2187,business air
CARRIER,Flight: Airlines,BVI Airways,XV,2188,british virgin islands airways
CARRIER,Flight: Airlines,CAA - Compagnie Africaine dAviation,BU,2189,compagnie africaine d'aviation|compagnie africaine daviation
CARRIER,Flight: Airlines,Nature Air,'5C',2190,nature air|natureair
CARRIER,Flight: Airlines,Camair,QC,2191,camair|camair-co|camair co
CARRIER,Flight: Airlines,Cambodia Angkor Air,K6,2192,cambodia angkor air|angkor air
CARRIER,Flight: Airlines,Cambodia Bayon Airlines,BD,2193,bayon airlines|cambodia bayon airlines|bayon air
CARRIER,Flight: Airlines,Canadian North,'5T',2194,canadian north|canadian north airlines
CARRIER,Flight: Airlines,Tropic Air,PM,2195,tropic air|tropicair
CARRIER,Flight: Airlines,CanJet Airlines,C6,2196,canjet|canjet airlines|can jet
CARRIER,Flight: Airlines,Cape Air,'9K',2197,cape air|capeair|cape air (airline)
CARRIER,Flight: Airlines,Deer Air,JD,2198,deer air
CARRIER,Flight: Airlines,Cardig Air Cargo,'8F',2199,cardig air cargo|cardig air
CARRIER,Flight: Airlines,La Costena,W8,2200,la costeña|la costena|la costena airlines
CARRIER,Flight: Airlines,Cronos Airlines,C8,2201,cronos airlines|cronos air
CARRIER,Flight: Airlines,Iran Airtour,B9,2202,iran airtour|iran airtour airlines
CARRIER,Flight: Airlines,Carpatair,V3,2203,carpatair
CARRIER,Flight: Airlines,Caspian Airlines,RV,2204,caspian airlines|caspian air
CARRIER,Flight: Airlines,Cathay Pacific,CX,2205,cathay pacific|cathay|cathay pacific airways
CARRIER,Flight: Airlines,Cayman Airways,KX,2206,cayman airways
CARRIER,Flight: Airlines,Cebu Pacific Air,'5J',2207,cebu pacific|cebu pacific air|cebupac
CARRIER,Flight: Airlines,Ceiba Intercontinental,C2,2208,ceiba intercontinental|ceiba
CARRIER,Flight: Airlines,Centurion Air Cargo,WE,2209,centurion air cargo|centurion cargo
CARRIER,Flight: Airlines,Chalair Aviation,CE,2210,chalair|chalair aviation
CARRIER,Flight: Airlines,LADE - Lineas Aereas Del Estado,'5U',2211,líneas aéreas del estado|lineas aereas del estado
CARRIER,Flight: Airlines,Cham Wings Airlines,'6Q',2212,cham wings|cham wings airlines
CARRIER,Flight: Airlines,Changan Airlines,'2Z',2213,changan airlines|chang'an airlines
CARRIER,Flight: Airlines,Chautauqua Airlines,RP,2214,chautauqua airlines
CARRIER,Flight: Airlines,Chengdu Airlines,EU,2215,chengdu airlines
CARRIER,Flight: Airlines,China Airlines,CI,2216,china airlines|china airline
CARRIER,Flight: Airlines,China Cargo Airlines,CK,2217,china cargo airlines|china cargo
CARRIER,Flight: Airlines,China Eastern Yunnan,MU,2218,china eastern|china eastern airlines|china eastern yunnan
CARRIER,Flight: Airlines,China Express Airlines,G5,2219,china express airlines|china express
CARRIER,Flight: Airlines,China Southern Airlines,CZ,2220,china southern|china southern airlines
CARRIER,Flight: Airlines,China United Airlines,KN,2221,china united|china united airlines
CARRIER,Flight: Airlines,Chongqing Airlines,'0Q',2222,chongqing airlines
CARRIER,Flight: Airlines,Citilink,QG,2223,citilink|citi link
CARRIER,Flight: Airlines,Semeyavia,E8,2224,semeyavia|semey avia
CARRIER,Flight: Airlines,CityJet,WX,2225,cityjet|city jet
CARRIER,Flight: Airlines,SA Alliance Air Express,ZM,2226,alliance air express
CARRIER,Flight: Airlines,Star Air,DQ,2227,star air|starair
CARRIER,Flight: Airlines,Cobham Aviation Services,NC,2228,cobham aviation services|cobham aviation
CARRIER,Flight: Airlines,Comair / Kulula,MN,2229,comair|kulula|kulula.com|comair kulula
CARRIER,Flight: Airlines,CommutAir / United Express,C5,2230,commutair|commutair united express|united express (commutair)
CARRIER,Flight: Airlines,Comores Aviation International,O5,2231,comores aviation international
CARRIER,Flight: Airlines,Compass Airlines,CP,2232,compass airlines|compass air
CARRIER,Flight: Airlines,Condor,DE,2233,condor|condor airlines|condor flugdienst
CARRIER,Flight: Airlines,SA Express,XZ,2234,south african express|south african express airways
CARRIER,Flight: Airlines,Conviasa,VO,2235,conviasa|conviasa airlines
CARRIER,Flight: Airlines,Copa Airlines,CM,2236,copa|copa airlines
CARRIER,Flight: Airlines,Copa Airlines Colombia,P5,2237,copa airlines colombia|copa colombia
CARRIER,Flight: Airlines,Corendon Airlines,XC,2238,corendon|corendon airlines
CARRIER,Flight: Airlines,Corsair International,SS,2239,corsair|corsair international
CARRIER,Flight: Airlines,Jeju Air,'7C',2240,jeju air|jejuair
CARRIER,Flight: Airlines,Croatia Airlines,OU,2241,croatia airlines
CARRIER,Flight: Airlines,Cruiser Linhas Aereas,J6,2242,cruiser linhas aéreas|cruiser linhas aereas|cruiser airlines
CARRIER,Flight: Airlines,CSA Czech Airlines,OK,2243,czech airlines
CARRIER,Flight: Airlines,Cubana de Aviacion,CU,2244,cubana|cubana de aviación|cubana de aviacion|cubana airlines
CARRIER,Flight: Airlines,Dana Air,'9J',2245,dana air|danaair
CARRIER,Flight: Airlines,Danish Air Transport - DAT,DX,2246,danish air transport
CARRIER,Flight: Airlines,Delta Air Lines,DL,2247,delta|delta air lines|delta airlines
CARRIER,Flight: Airlines,Denim Air,J7,2248,denim air|denimair
CARRIER,Flight: Airlines,DHL Aero Expreso,D5,2249,
CARRIER,Flight: Airlines,DHL de Guatemala,L3,2250,
CARRIER,Flight: Airlines,DHL Ecuador,'7T',2251,
CARRIER,Flight: Airlines,DHL International Aviation ME,ES,2252,
CARRIER,Flight: Airlines,Direktflyg,HS,2253,direktflyg|direkt flyg
CARRIER,Flight: Airlines,Dniproavia,Z6,2254,dniproavia|dnipro avia
CARRIER,Flight: Airlines,Donavia,D9,2255,donavia|don avia
CARRIER,Flight: Airlines,RACSA,R6,2256,racsa|racsa airlines
CARRIER,Flight: Airlines,DragonAir,KA,2257,dragonair|dragon air|cathay dragon
CARRIER,Flight: Airlines,Druk Air,KB,2258,druk air|royal bhutan airlines
CARRIER,Flight: Airlines,Eagle Air,H7,2259,
CARRIER,Flight: Airlines,Ernest Airlines,EG,2260,ernest airlines|ernest
CARRIER,Flight: Airlines,East Horizon Airlines,EA,2261,east horizon airlines
CARRIER,Flight: Airlines,Eastern Airways,T3,2262,eastern airways
CARRIER,Flight: Airlines,Qantas Airways,QF,2263,qantas|qantas airways
CARRIER,Flight: Airlines,Eastern SkyJets,EE,2264,eastern skyjets|eastern sky jets
CARRIER,Flight: Airlines,Far Eastern Air Transport,EF,2265,far eastern air transport|far eastern air
CARRIER,Flight: Airlines,EasyJet,U2,2266,easyjet|easy jet
CARRIER,Flight: Airlines,easyJet Switzerland,DS,2267,easyjet switzerland
CARRIER,Flight: Airlines,Edelweiss Air,WK,2269,edelweiss|edelweiss air
CARRIER,Flight: Airlines,Shenzhen Airlines,ZH,2270,shenzhen airlines
CARRIER,Flight: Airlines,EgyptAir Express,MS,2271,egyptair express
CARRIER,Flight: Airlines,El Al,LY,2272,el al|el al israel airlines|elal
CARRIER,Flight: Airlines,Emirates Airline,EK,2273,emirates|emirates airlines|emirates air|fly emirates
CARRIER,Flight: Airlines,Endeavor Air,'9E',2274,endeavor air|endeavor airlines
CARRIER,Flight: Airlines,Envoy Air,MQ,2275,envoy air|envoy airlines
CARRIER,Flight: Airlines,Estafeta Carga Aerea,E7,2276,estafeta carga aerea|estafeta cargo aerea
CARRIER,Flight: Airlines,Estonian Air,OV,2277,estonian air
CARRIER,Flight: Airlines,Ethiopian Airlines,ET,2278,ethiopian airlines|ethiopian air
CARRIER,Flight: Airlines,Etihad Airways,EY,2279,etihad|etihad airways|etihad air
CARRIER,Flight: Airlines,Volare Aircompany,F7,2280,volare aircompany|volare airlines
CARRIER,Flight: Airlines,Euroatlantic Airways,YU,2281,euroatlantic airways|euro atlantic airways
CARRIER,Flight: Airlines,EuroLOT,K2,2282,eurolot|euro lot
CARRIER,Flight: Airlines,Europe Airpost,'5O',2283,europe airpost
CARRIER,Flight: Airlines,European AirTransport,QY,2284,european air transport|european airtransport
CARRIER,Flight: Airlines,Eurowings,EW,2285,eurowings
CARRIER,Flight: Airlines,EVA Air,BR,2286,eva air
CARRIER,Flight: Airlines,K-Mile Air,'8K',2287,k-mile air|k mile air|kmile air
CARRIER,Flight: Airlines,Sun-Air of Scandinavia,EZ,2288,sun-air of scandinavia|sun air of scandinavia|sun-air scandinavia
CARRIER,Flight: Airlines,Jetstar Asia,'3K',2289,jetstar asia|jetstar asia airways
CARRIER,Flight: Airlines,Express Air,XN,2290,express air
CARRIER,Flight: Airlines,ExpressJet,XE,2291,expressjet|express jet|expressjet airlines
CARRIER,Flight: Airlines,SafariLink Aviation,F2,2292,safarilink|safarilink aviation
CARRIER,Flight: Airlines,Fars Air Qeshm,QE,2293,fars air qeshm|fars air qeshm airlines
CARRIER,Flight: Airlines,Sky King,F3,2294,sky king|skyking
CARRIER,Flight: Airlines,FastJet,FN,2295,fastjet|fast jet
CARRIER,Flight: Airlines,FedEx Express,FX,2296,fedex|fedex express|federal express
CARRIER,Flight: Airlines,Fiji Airways,FJ,2297,fiji airways|fiji air|air fiji
CARRIER,Flight: Airlines,Finnair,AY,2298,finnair
CARRIER,Flight: Airlines,Firefly,FY,2299,firefly|firefly airlines
CARRIER,Flight: Airlines,First Air,'7F',2300,first air
CARRIER,Flight: Airlines,Florida West International Airlines,RF,2301,florida west|florida west international airlines
CARRIER,Flight: Airlines,Fly540,'5H',2302,fly540|fly 540
CARRIER,Flight: Airlines,Fly540 Ghana,'5G',2303,fly540 ghana|fly 540 ghana
CARRIER,Flight: Airlines,FlyBe,BE,2304,flybe
CARRIER,Flight: Airlines,FlyBy Nordic,FC,2305,flyby nordic
CARRIER,Flight: Airlines,flyDubai,FZ,2306,flydubai|fly dubai
CARRIER,Flight: Airlines,Flyglinjen,TE,2307,flyglinjen
CARRIER,Flight: Airlines,FlyMontserrat,'5M',2308,flymontserrat|fly montserrat
CARRIER,Flight: Airlines,Flynas,XY,2309,flynas|fly nas
CARRIER,Flight: Airlines,Hamburg Airways,HK,2310,hamburg airways
CARRIER,Flight: Airlines,Freebird Airlines,FH,2311,freebird airlines|freebird air
CARRIER,Flight: Airlines,Freedom Air,FP,2312,freedom air
CARRIER,Flight: Airlines,Frontier Airlines,F9,2313,frontier|frontier airlines
CARRIER,Flight: Airlines,Fuji Dream Airlines,JH,2314,fuji dream airlines|fuji dream air
CARRIER,Flight: Airlines,Gabon Airlines Cargo,'6G',2315,gabon airlines cargo
CARRIER,Flight: Airlines,Garuda Indonesia Airways,GA,2316,garuda indonesia|garuda|garuda indonesia airways
CARRIER,Flight: Airlines,Gazpromavia Aviation,'4G',2317,gazpromavia|gazpromavia aviation
CARRIER,Flight: Airlines,Georgian Airways,A9,2318,georgian airways
CARRIER,Flight: Airlines,Germania,ST,2319,germania|germania airlines
CARRIER,Flight: Airlines,Germanwings,'4U',2320,germanwings|german wings
CARRIER,Flight: Airlines,Guinea Bissau Airlines,G6,2321,guinea bissau airlines|guinea-bissau airlines
CARRIER,Flight: Airlines,Star Flyer,'7G',2322,star flyer|starflyer
CARRIER,Flight: Airlines,Global Supply Systems,XH,2323,global supply systems
CARRIER,Flight: Airlines,Globus,GH,2324,globus airlines|globus
CARRIER,Flight: Airlines,Go Air,G8,2325,goair|go air|go air india
CARRIER,Flight: Airlines,Mesa Airlines,YV,2326,mesa airlines|mesa air
CARRIER,Flight: Airlines,KAPO,G7,2327,kapo airlines
CARRIER,Flight: Airlines,GOL Linhas Aereas Inteligentes,G3,2328,gol linhas aereas|gol airlines
CARRIER,Flight: Airlines,Gorkha Airlines,G1,2329,gorkha airlines
CARRIER,Flight: Airlines,Grand Canyon Airlines,YR,2330,grand canyon airlines
CARRIER,Flight: Airlines,Grand China Air,CN,2331,grand china air|grand china airlines
CARRIER,Flight: Airlines,Sky Gabon,GV,2332,sky gabon
CARRIER,Flight: Airlines,Great Lakes Airlines,ZK,2333,great lakes airlines|great lakes air
CARRIER,Flight: Airlines,Grozny Avia,ZG,2334,grozny avia|groznyavia
CARRIER,Flight: Airlines,Jazeera Airways,J9,2336,jazeera airways|jazeera air
CARRIER,Flight: Airlines,Gulf Air,GF,2337,gulf air
CARRIER,Flight: Airlines,Hainan Airlines,HU,2338,hainan airlines|hainan air
CARRIER,Flight: Airlines,Saga Airlines,H3,2339,saga airlines
CARRIER,Flight: Airlines,Hawaiian Airlines,HA,2340,hawaiian airlines|hawaiian air
CARRIER,Flight: Airlines,Hawkair Aviation Services,BH,2341,hawkair|hawkair aviation services
CARRIER,Flight: Airlines,Heavylift Cargo Airlines,HN,2342,heavylift cargo airlines|heavylift cargo
CARRIER,Flight: Airlines,Hebei Airlines,NS,2343,hebei airlines
CARRIER,Flight: Airlines,Heli Air Monaco,YO,2344,heli air monaco
CARRIER,Flight: Airlines,Helijet Airways,JB,2345,helijet|helijet airways
CARRIER,Flight: Airlines,Helitt Airlines,H9,2346,helitt airlines|helitt
CARRIER,Flight: Airlines,Hellenic Imperial Airways,HT,2347,hellenic imperial airways|hellenic imperial
CARRIER,Flight: Airlines,Helvetic Airways,'2L',2348,helvetic airways|helvetic air
CARRIER,Flight: Airlines,Hemus Air,DU,2349,hemus air
CARRIER,Flight: Airlines,Henan Airlines,VD,2350,henan airlines
CARRIER,Flight: Airlines,Hex Air,UD,2351,hex air
CARRIER,Flight: Airlines,Odessa Airlines,'5K',2352,odessa airlines
CARRIER,Flight: Airlines,Hong Kong Airlines,HX,2353,hong kong airlines|hongkong airlines
CARRIER,Flight: Airlines,Hong Kong Express Airways,UO,2354,hong kong express|hong kong express airways
CARRIER,Flight: Airlines,Juneyao Airlines,HO,2355,juneyao airlines|juneyao air
CARRIER,Flight: Airlines,IBC Airways,II,2356,
CARRIER,Flight: Airlines,Iberia,IB,2357,iberia|iberia airlines
CARRIER,Flight: Airlines,Iberia Express,I2,2358,iberia express
CARRIER,Flight: Airlines,Ibex Airlines,FW,2359,ibex airlines
CARRIER,Flight: Airlines,Icelandair,FI,2360,icelandair|iceland air
CARRIER,Flight: Airlines,IFL Group / Gulf & Caribbean Air,IF,2361,gulf & caribbean air|gulf and caribbean air
CARRIER,Flight: Airlines,I-Fly,H5,2362,i-fly|ifly|i fly
CARRIER,Flight: Airlines,IndiGo Airlines,'6E',2363,indigo|indigo airlines
CARRIER,Flight: Airlines,Paramount Airways,I7,2364,paramount airways
CARRIER,Flight: Airlines,Indonesia AirAsia,QZ,2365,indonesia airasia|indonesian airasia|airasia indonesia
CARRIER,Flight: Airlines,Insel Air,'7I',2366,insel air|inselair
CARRIER,Flight: Airlines,Inter Air Airlines,D6,2367,inter air|inter air airlines
CARRIER,Flight: Airlines,National Airways Cameroon,'9O',2368,national airways cameroon
CARRIER,Flight: Airlines,InterCaribbean Airways,JY,2369,intercaribbean airways|intercaribbean|inter caribbean airways
CARRIER,Flight: Airlines,Intercontinental Airways,'5W',2370,intercontinental airways
CARRIER,Flight: Airlines,Interjet,'4O',2371,interjet
CARRIER,Flight: Airlines,InterSky,'3L',2372,intersky|inter sky
CARRIER,Flight: Airlines,IrAero Airlines,RD,2373,iraero|iraero airlines|ir aero
CARRIER,Flight: Airlines,Iran Air,IR,2374,iran air
CARRIER,Flight: Airlines,Iran Aseman Airlines,EP,2375,iran aseman airlines|aseman airlines|iran aseman
CARRIER,Flight: Airlines,Iraqi Airways,IA,2376,iraqi airways|iraq airways
CARRIER,Flight: Airlines,Irtysh-Air,IH,2377,irtysh-air|irtysh air
CARRIER,Flight: Airlines,Island Air,WP,2378,island air
CARRIER,Flight: Airlines,Island Airlines,IS,2379,island airlines
CARRIER,Flight: Airlines,Islena Airlines,WC,2380,islena airlines|islena
CARRIER,Flight: Airlines,Israir,'6H',2381,israir|israir airlines
CARRIER,Flight: Airlines,Izair,'4I',2382,izair|iz air
CARRIER,Flight: Airlines,Izhavia,I8,2383,izhavia|izh avia
CARRIER,Flight: Airlines,J-Air,XM,2384,j-air|j air
CARRIER,Flight: Airlines,Japan Air Commuter,'3X',2385,japan air commuter
CARRIER,Flight: Airlines,Japan Airlines,JL,2386,japan airlines|japan air lines
CARRIER,Flight: Airlines,Japan Transocean Air,NU,2387,japan transocean air|japan transocean airlines
CARRIER,Flight: Airlines,South Supreme Airlines,JU,2388,south supreme airlines
CARRIER,Flight: Airlines,Jazz Air,QK,2389,jazz air|jazz aviation
CARRIER,Flight: Airlines,Jet Airways,'9W',2390,jet airways|jet airways india
CARRIER,Flight: Airlines,Jet Asia Airways,JF,2391,jet asia airways|jet asia
CARRIER,Flight: Airlines,Jet Aviation Business Jets,PP,2392,jet aviation|jet aviation business jets
CARRIER,Flight: Airlines,Jet Express Gabon,G2,2393,jet express gabon
CARRIER,Flight: Airlines,Jet2,LS,2394,jet2|jet2.com|jet 2
CARRIER,Flight: Airlines,Jet4You,'8J',2395,jet4you|jet 4 you
CARRIER,Flight: Airlines,JetAir,O2,2396,jetair|jet air
CARRIER,Flight: Airlines,Jetairfly / WXYZ,TB,2397,jetairfly|jet air fly|tuifly belgium
CARRIER,Flight: Airlines,JetBlue Airways,B6,2398,jetblue|jetblue airways|jet blue
CARRIER,Flight: Airlines,Jetclub,'0J',2399,jetclub|jet club
CARRIER,Flight: Airlines,JetKonnect,S2,2400,jetkonnect|jet konnect
CARRIER,Flight: Airlines,Red Wings Airlines,WZ,2401,red wings|red wings airlines
CARRIER,Flight: Airlines,JetStar Japan,GK,2402,jetstar japan
CARRIER,Flight: Airlines,JetStar Pacific,BL,2403,jetstar pacific|jetstar pacific airlines
CARRIER,Flight: Airlines,Jett8 Airlines,JX,2404,jett8|jett8 airlines|jett 8
CARRIER,Flight: Airlines,Jin Air,LJ,2405,jin air|jinair
CARRIER,Flight: Airlines,Jordan Aviation,R5,2406,jordan aviation
CARRIER,Flight: Airlines,Joy Air,JR,2407,joy air
CARRIER,Flight: Airlines,Kalitta Charters,K9,2408,kalitta charters|kalitta charter
CARRIER,Flight: Airlines,KalStar Aviation,KD,2409,kalstar aviation|kal star aviation
CARRIER,Flight: Airlines,Kam Air,RQ,2410,kam air|kamair
CARRIER,Flight: Airlines,Kaya Airlines,IK,2411,kaya airlines
CARRIER,Flight: Airlines,Kelowna Flightcraft,KW,2412,kelowna flightcraft
CARRIER,Flight: Airlines,Kenmore Air,M5,2413,kenmore air|kenmore air harbor
CARRIER,Flight: Airlines,Kenya Airways,KQ,2414,kenya airways|kenya air
CARRIER,Flight: Airlines,Kish Air,Y9,2415,kish air|kish airlines
CARRIER,Flight: Airlines,Kivalliq Air,FK,2416,kivalliq air
CARRIER,Flight: Airlines,KLM,KL,2417,royal dutch airlines
CARRIER,Flight: Airlines,KLM Cityhopper,WA,2418,cityhopper
CARRIER,Flight: Airlines,Korean Air,KE,2419,korean air|korean airlines
CARRIER,Flight: Airlines,Korongo Airlines,ZC,2420,korongo airlines|korongo
CARRIER,Flight: Airlines,Kunming Airlines,KY,2421,kunming airlines
CARRIER,Flight: Airlines,Kuwait Airways,KU,2422,kuwait airways|kuwait airlines
CARRIER,Flight: Airlines,Kygyzstan Aircompany,QH,2423,kyrgyzstan aircompany|kygyzstan aircompany
CARRIER,Flight: Airlines,La Compagnie,B0,2424,la compagnie|lacompagnie|la compagnie airline|la compagnie flights
CARRIER,Flight: Airlines,LAM Mozambique,TM,2425,
CARRIER,Flight: Airlines,LATAM Airlines,LA,2426,latam|latam airlines|latam flights|latam air
CARRIER,Flight: Airlines,LAN Argentina,'4M',2427,
CARRIER,Flight: Airlines,LAN Cargo,UC,2428,
CARRIER,Flight: Airlines,TAPO-Avia,'4C',2429,tapoavia
CARRIER,Flight: Airlines,LAN Ecuador,XL,2430,
CARRIER,Flight: Airlines,LAN Express,LU,2431,
CARRIER,Flight: Airlines,LAN Peru,LP,2432,
CARRIER,Flight: Airlines,Lanco,L7,2433,lanco|lanco airlines
CARRIER,Flight: Airlines,LASER Airlines,QL,2434,laser airlines|laser air
CARRIER,Flight: Airlines,Lao Airlines,QV,2435,lao airlines|lao airline|lao air
CARRIER,Flight: Airlines,Lao Central Airlines,LF,2436,lao central airlines|lao central|lao central airline
CARRIER,Flight: Airlines,Lauda Air,NG,2437,lauda air|laudaair|lauda airline
CARRIER,Flight: Airlines,LGW - Luftfahrtgesellschaft Walter,HE,2439,luftfahrtgesellschaft walter
CARRIER,Flight: Airlines,LIAT,LI,2440,
CARRIER,Flight: Airlines,Libyan Airlines,LN,2441,libyan airlines|libyan airline
CARRIER,Flight: Airlines,Lignes Aeriennes Congolaises - LAC,'4V',2442,lignes aeriennes congolaises|lignes aériennes congolaises
CARRIER,Flight: Airlines,Lina Congo,GC,2443,lina congo|lina congo airlines
CARRIER,Flight: Airlines,Lion Airlines,JT,2444,lion air|lion airlines|lion air indonesia
CARRIER,Flight: Airlines,Cobalt Air,CO,2445,cobalt air|cobalt|cobalt airline
CARRIER,Flight: Airlines,LOT Polish Airlines,LO,2446,
CARRIER,Flight: Airlines,Lucky Air,'8L',2447,lucky air|luckyair|lucky air flights
CARRIER,Flight: Airlines,Lufthansa Cityline,CL,2448,lufthansa cityline|cityline (lufthansa)
CARRIER,Flight: Airlines,Lugansk Airlines,LE,2449,lugansk airlines|lugansk airline
CARRIER,Flight: Airlines,Luxair,LG,2450,luxair|luxair flights|luxair airline
CARRIER,Flight: Airlines,Lynden Air Cargo,L2,2451,lynden air cargo|lynden air|lynden cargo
CARRIER,Flight: Airlines,Macair Jet,VM,2452,macair jet|macairjet|macair
CARRIER,Flight: Airlines,Mahan Air,W5,2453,mahan air|mahanair|mahan airline
CARRIER,Flight: Airlines,Malaysia Airlines,MH,2454,malaysia airlines|malaysian airlines|malaysia air
CARRIER,Flight: Airlines,Maldivian,Q2,2455,maldivian|maldivian airlines|maldivian air
CARRIER,Flight: Airlines,Malindo Air,OD,2456,malindo air|malindo|malindoair
CARRIER,Flight: Airlines,Malmo Aviation,TF,2457,malmo aviation|malmö aviation|malmo airline
CARRIER,Flight: Airlines,Mandarin Airlines,AE,2458,mandarin airlines|mandarin airline
CARRIER,Flight: Airlines,Mango,JE,2459,mango|mango airlines|mango air
CARRIER,Flight: Airlines,Mid Airlines,'7Y',2460,mid airlines|mid airline
CARRIER,Flight: Airlines,Mount Cook Airlines,NM,2461,mount cook airlines|mount cook airline|air new zealand mount cook
CARRIER,Flight: Airlines,Tropical Airways dHaiti,M7,2462,tropical airways dhaiti|tropical airways d'haiti|tropical airways haiti
CARRIER,Flight: Airlines,Martinair,MP,2463,martinair|martinair cargo|martin air
CARRIER,Flight: Airlines,Maya Island Air,MY,2464,maya island air|maya island air flights|maya island airline
CARRIER,Flight: Airlines,TbilAviaMsheni Airlines,L6,2465,tbilaviamsheni airlines|tbil avia msheni|tbilaviamsheni
CARRIER,Flight: Airlines,MaxAir,NR,2466,maxair|max air
CARRIER,Flight: Airlines,Mistral Air,'7M',2467,mistral air|mistralair|mistral airline
CARRIER,Flight: Airlines,Medavia,N5,2468,medavia|medavia airline
CARRIER,Flight: Airlines,Mega Maldives Airlines,LV,2469,mega maldives|mega maldives airlines|megamaldives
CARRIER,Flight: Airlines,Air Italy,IG,2470,air italy|airitaly
CARRIER,Flight: Airlines,Merpati Nusantara Airlines,MZ,2471,merpati|merpati nusantara|merpati nusantara airlines
CARRIER,Flight: Airlines,MetroJet,'7K',2472,metrojet|metro jet
CARRIER,Flight: Airlines,Miami Air International,LL,2473,miami air international|miami air|miamiair
CARRIER,Flight: Airlines,MIAT - Mongolian Airlines,OM,2474,
CARRIER,Flight: Airlines,Middle East Airlines - MEA,ME,2475,middle east airlines
CARRIER,Flight: Airlines,Midex Airlines,MG,2476,midex airlines|midex airline
CARRIER,Flight: Airlines,Midwest Airlines,YX,2477,midwest airlines|midwest airline
CARRIER,Flight: Airlines,Mihin Lanka,MJ,2478,mihin lanka|mihinlanka|mihin lanka airlines
CARRIER,Flight: Airlines,MNG Airlines,MB,2479,
CARRIER,Flight: Airlines,Mokulele Airlines,MW,2480,mokulele airlines|mokulele|mokulele airline
CARRIER,Flight: Airlines,Moldavian Airlines,'2M',2481,moldavian airlines|moldavian airline
CARRIER,Flight: Airlines,Monarch Airlines,ZB,2482,monarch|monarch airlines|monarch air
CARRIER,Flight: Airlines,Montenegro Airlines,YM,2483,montenegro airlines|montenegro airline
CARRIER,Flight: Airlines,Moskovia Airlines,'3R',2484,moskovia airlines|moskovia airline
CARRIER,Flight: Airlines,Motor Sich Airlines,M9,2485,motor sich|motor sich airlines|motor sich air
CARRIER,Flight: Airlines,MRK Airlines,'6V',2486,
CARRIER,Flight: Airlines,Myanmar Airways International - MAI,'8M',2487,myanmar airways international|myanmar airways intl
CARRIER,Flight: Airlines,Myanmar National Airways,UB,2488,myanmar national airways|myanmar national airline
CARRIER,Flight: Airlines,Tranwest Air,'9T',2489,tranwest air|tranwest
CARRIER,Flight: Airlines,Naft Airlines,NV,2490,naft airlines|naft airline
CARRIER,Flight: Airlines,TMA Cargo,T2,2491,
CARRIER,Flight: Airlines,Nasair,UE,2492,nasair|nasa air
CARRIER,Flight: Airlines,National Airlines,N8,2493,national airlines
CARRIER,Flight: Airlines,NAYSA,ZN,2494,naysa
CARRIER,Flight: Airlines,Neos,NO,2495,neos|neos air|neos airlines
CARRIER,Flight: Airlines,Nepal Airlines,RA,2496,nepal airlines|royal nepal airlines
CARRIER,Flight: Airlines,Neptune Air,N7,2497,neptune air|neptuneair
CARRIER,Flight: Airlines,New England Airlines,EJ,2498,new england airlines|new england airline
CARRIER,Flight: Airlines,Yuzmashavia,'2N',2499,yuzmashavia|yuzmash avia
CARRIER,Flight: Airlines,Niki,HG,2500,niki|fly niki
CARRIER,Flight: Airlines,Nile Air,NP,2501,nile air|nileair
CARRIER,Flight: Airlines,Nippon Cargo Airlines,KZ,2502,nippon cargo airlines|nippon cargo|nippon cargo air
CARRIER,Flight: Airlines,Nok Air,DD,2503,nok air|nokair|nok airline
CARRIER,Flight: Airlines,SGA Airlines,'5E',2504,
CARRIER,Flight: Airlines,Shaheen Air International,NL,2505,shaheen air|shaheen air international|shaheenair
CARRIER,Flight: Airlines,North Cariboo Air,'5N',2506,north cariboo air|north cariboo
CARRIER,Flight: Airlines,Nordic Global Airlines,NJ,2507,nordic global airlines|nordic global
CARRIER,Flight: Airlines,NordStar Airlines,Y7,2508,nordstar|nordstar airlines|nord star airlines|nord star
CARRIER,Flight: Airlines,Trans Air Benin,N4,2509,trans air benin|transair benin
CARRIER,Flight: Airlines,North Wright Airways,HW,2510,north wright airways|north wright
CARRIER,Flight: Airlines,Northern Air Cargo,D1,2511,northern air cargo|northern air cargo flights
CARRIER,Flight: Airlines,Northern Thurderbird Air,'4R',2512,
CARRIER,Flight: Airlines,Northwestern Air,J3,2513,northwestern air|northwestern air lease
CARRIER,Flight: Airlines,Norwegian,DY,2514,norwegian|norwegian air|norwegian air shuttle|norwegian airlines
CARRIER,Flight: Airlines,Nova Airways,O9,2515,nova airways|nova airways sudan
CARRIER,Flight: Airlines,Novair,'1I',2516,novair
CARRIER,Flight: Airlines,Novo Air,VQ,2517,novo air|novoair
CARRIER,Flight: Airlines,Okay Airlines,BK,2518,okay airways|okay airlines|okay air
CARRIER,Flight: Airlines,Olympic Air,OA,2519,olympic air|olympic airlines (olympic air)
CARRIER,Flight: Airlines,Oman Air,WY,2520,oman air|omanair
CARRIER,Flight: Airlines,PGA Express,OC,2521,
CARRIER,Flight: Airlines,Orenair,R2,2523,orenair|oren air
CARRIER,Flight: Airlines,Orient Thai Airlines,OX,2524,orient thai|orient thai airlines|orientthai
CARRIER,Flight: Airlines,Our Airline,ON,2525,our airline
CARRIER,Flight: Airlines,Overland Airways,OJ,2526,overland airways|overland air
CARRIER,Flight: Airlines,Trade Air,'8P',2527,trade air|tradeair
CARRIER,Flight: Airlines,Operated by Lauda,LW,2528,operated by lauda|lauda operated flight|flight operated by lauda
CARRIER,Flight: Airlines,PacificFlier.com,PI,2529,pacificflier|pacificflier.com|pacific flier
CARRIER,Flight: Airlines,Pakistan International Airlines,PK,2530,pakistan international airlines|pakistan airlines|pakistan intl airlines
CARRIER,Flight: Airlines,PAL Airlines,PB,2531,
CARRIER,Flight: Airlines,Primera Air,PF,2532,primera air|primeraair
CARRIER,Flight: Airlines,PAN Air (TNT),PV,2533,
CARRIER,Flight: Airlines,Payam Air,'2F',2534,payam air|payamair
CARRIER,Flight: Airlines,Peach,MM,2535,peach|peach aviation|peach air
CARRIER,Flight: Airlines,Pegasus Airlines,PC,2536,pegasus|pegasus airlines|pegasus air
CARRIER,Flight: Airlines,Royal Daisy Airlines,'6D',2537,royal daisy airlines|royal daisy
CARRIER,Flight: Airlines,PenAir,KS,2538,penair|pen air|penair flights
CARRIER,Flight: Airlines,Peoples Vienna Line,PE,2539,people's vienna line|peoples vienna line|people's|people's airline
CARRIER,Flight: Airlines,Peruvian Airlines,P9,2540,peruvian airlines|peruvian airline
CARRIER,Flight: Airlines,Petra Airlines,'9P',2541,petra airlines|petra airline
CARRIER,Flight: Airlines,Ukraine International Airlines,PS,2542,ukraine international airlines|ukraine intl airlines|ukraine international
CARRIER,Flight: Airlines,PGA - Portugalia Airlines,NI,2543,portugalia airlines|portugália airlines
CARRIER,Flight: Airlines,Philippine Airlines,PR,2544,philippine airlines|philippines airlines
CARRIER,Flight: Airlines,Satena,'9R',2545,satena|satena airlines|satena colombia
CARRIER,Flight: Airlines,US Airways,US,2546,u.s. airways
CARRIER,Flight: Airlines,Polet Airlines,PO,2547,polet airlines|polet airline
CARRIER,Flight: Airlines,Polynesian Airlines,PH,2548,polynesian airlines|polynesian airline
CARRIER,Flight: Airlines,Porter Airlines,PD,2549,porter|porter airlines|porter air
CARRIER,Flight: Airlines,Precision Air,PW,2550,precision air|precisionair
CARRIER,Flight: Airlines,Principal Airlines - PAL,'5P',2551,principal airlines
CARRIER,Flight: Airlines,Private Wings,'8W',2552,private wings|privatewings
CARRIER,Flight: Airlines,Privilege Style,P6,2553,privilege style|privilegestyle
CARRIER,Flight: Airlines,Proflight Zambia,P0,2554,proflight zambia|proflight|proflight airways
CARRIER,Flight: Airlines,Pullmantur Air,EB,2555,pullmantur air|pullmantur
CARRIER,Flight: Airlines,Qingdao Airlines,QW,2556,qingdao airlines|qingdao airline
CARRIER,Flight: Airlines,Ravn Alaska,'7H',2557,ravn alaska|ravn|ravnair
CARRIER,Flight: Airlines,Real Tonga,RT,2558,real tonga|realtonga
CARRIER,Flight: Airlines,Regent Airways,RX,2559,regent airways|regent air
CARRIER,Flight: Airlines,Royal Falcon Airlines,RL,2560,royal falcon|royal falcon airlines|royalfalcon
CARRIER,Flight: Airlines,Republic Airlines,RW,2561,republic airlines|republic airline
CARRIER,Flight: Airlines,Rex - Regional Express,ZL,2562,rex|regional express|rex airlines|regional express airlines
CARRIER,Flight: Airlines,Romavia,WQ,2563,romavia|romavia airline
CARRIER,Flight: Airlines,Rossiya Airlines,FV,2564,rossiya|rossiya airlines|rossiya air
CARRIER,Flight: Airlines,Rotana Jet,RG,2565,rotana jet|rotanajet
CARRIER,Flight: Airlines,Rovos Air,'6P',2566,rovos air|rovosair
CARRIER,Flight: Airlines,Royal Air Maroc,AT,2567,royal air maroc|royalairmaroc
CARRIER,Flight: Airlines,Royal Brunei Airlines,BI,2568,royal brunei|royal brunei airlines|royal brunei airways
CARRIER,Flight: Airlines,Royal Jordanian Airlines,RJ,2569,royal jordanian|royal jordanian airlines|royal jordanian air
CARRIER,Flight: Airlines,Royal Wings,RY,2570,royal wings|royal wings airlines
CARRIER,Flight: Airlines,Rus Aviation,R4,2571,rus aviation
CARRIER,Flight: Airlines,RusLine,'7R',2572,rusline|rus line
CARRIER,Flight: Airlines,Russian Sky,P7,2573,russian sky|russian sky airlines
CARRIER,Flight: Airlines,RwandAir,WB,2574,rwandair|rwand air|rwandaair
CARRIER,Flight: Airlines,Ryanair,FR,2575,ryanair|ryan air|ryanair flights
CARRIER,Flight: Airlines,S7 Airlines,S7,2576,s7 airlines|s7 airline
CARRIER,Flight: Airlines,South African Airways,SA,2577,south african airways|south african air|south african airlines
CARRIER,Flight: Airlines,Safair,FA,2578,safair|flysafair|fly safair
CARRIER,Flight: Airlines,Safi Airlines,'4Q',2579,safi airlines|safi airline
CARRIER,Flight: Airlines,Superior Aviation,SO,2580,superior aviation
CARRIER,Flight: Airlines,Samarkand Airways,C7,2581,samarkand airways|samarkand airline
CARRIER,Flight: Airlines,SANSA,RZ,2582,sansa|sansa airlines|sansa airline
CARRIER,Flight: Airlines,Saravia,'6W',2583,saravia|saravia airline
CARRIER,Flight: Airlines,Scandinavian Airlines - SAS,SK,2584,scandinavian airlines|scandinavian air|scandinavian airline
CARRIER,Flight: Airlines,SAT Airlines,HZ,2585,
CARRIER,Flight: Airlines,SATA Air Acores,SP,2586,
CARRIER,Flight: Airlines,SATA International,S4,2587,
CARRIER,Flight: Airlines,Saudia,SV,2588,saudia|saudia airlines|saudi arabian airlines|saudi airlines
CARRIER,Flight: Airlines,SBA Airlines,S3,2589,
CARRIER,Flight: Airlines,Scandinavian Air Link,'8N',2590,scandinavian air link|scandinavian airlink
CARRIER,Flight: Airlines,Scoot,TZ,2591,scoot|flyscoot|fly scoot
CARRIER,Flight: Airlines,ScotAirways,CB,2592,scotairways|scot airways
CARRIER,Flight: Airlines,Seaborne Airlines,BB,2593,seaborne airlines|seaborne|seaborne airline
CARRIER,Flight: Airlines,Senegal Airlines,DN,2594,senegal airlines|senegal airline
CARRIER,Flight: Airlines,Servant Air,'8D',2595,servant air
CARRIER,Flight: Airlines,Servicios Aereos Profesionales - SAP,'5S',2596,servicios aereos profesionales|servicios aéreos profesionales
CARRIER,Flight: Airlines,Severstal Air Company,D2,2597,severstal air company|severstal air|severstal airline
CARRIER,Flight: Airlines,Shandong Airlines,SC,2598,shandong airlines|shandong airline
CARRIER,Flight: Airlines,Shanghai Airlines,FM,2599,shanghai airlines|shanghai airline
CARRIER,Flight: Airlines,Sharp Airlines,SH,2600,sharp airlines|sharp airline
CARRIER,Flight: Airlines,Shovkoviy Shlyah Airlines,S8,2601,shovkoviy shlyah airlines|shovkoviy shlyah|silk way airlines ukraine
CARRIER,Flight: Airlines,Small Planet,S5,2602,small planet|small planet airlines
CARRIER,Flight: Airlines,Sichuan Airlines,'3U',2603,sichuan airlines|sichuan airline
CARRIER,Flight: Airlines,Blue Islands,SI,2604,blue islands|blue islands airline
CARRIER,Flight: Airlines,Silk Way Airlines,ZP,2605,silk way airlines|silkway airlines|silk way airline
CARRIER,Flight: Airlines,SilkAir,MI,2606,silkair|silk air
CARRIER,Flight: Airlines,Silver Airways,'3M',2607,silver airways
CARRIER,Flight: Airlines,Singapore Airlines,SQ,2608,singapore airlines|singapore air|singapore airline
CARRIER,Flight: Airlines,Vanilla Air,JW,2609,vanilla air|vanillaair
CARRIER,Flight: Airlines,Sky Airline,H2,2610,sky airline|sky airline chile|sky airlines chile
CARRIER,Flight: Airlines,Sky Bahamas,Q7,2611,sky bahamas|skybahamas
CARRIER,Flight: Airlines,Sky Express,GQ,2612,sky express|skyexpress|sky express airlines
CARRIER,Flight: Airlines,Sky Lease Cargo,GG,2613,sky lease cargo|skylease cargo
CARRIER,Flight: Airlines,Sky Regional / Air Canada Express,RS,2614,sky regional|sky regional airlines|air canada express (sky regional)|sky regional air canada express
CARRIER,Flight: Airlines,Sky Work Airlines,SX,2615,sky work airlines|skywork airlines|sky work
CARRIER,Flight: Airlines,Skymark Airlines,BC,2616,skymark airlines|skymark
CARRIER,Flight: Airlines,Skynet Asia Airways,'6J',2617,skynet asia airways|skynet asia
CARRIER,Flight: Airlines,Smart Aviation,M4,2618,smart aviation
CARRIER,Flight: Airlines,Travel Service Airlines,QS,2619,travel service airlines|travel service|travel service airline
CARRIER,Flight: Airlines,SmartLynx Airlines,'6Y',2620,smartlynx airlines|smart lynx airlines|smartlynx
CARRIER,Flight: Airlines,Sol Lineas Aereas,'8R',2621,sol lineas aereas|sol líneas aéreas|sol airlines|sol airline (argentina)
CARRIER,Flight: Airlines,Aer Lingus,IE,2622,aer lingus|aerlingus|aer lingus irish airlines
CARRIER,Flight: Airlines,Somon Air,'4J',2623,somon air|somonair
CARRIER,Flight: Airlines,South Airlines,YG,2624,south airlines|south airline
CARRIER,Flight: Airlines,Spring Airlines,'9S',2625,spring airlines|spring airline
CARRIER,Flight: Airlines,Southwest Airlines,WN,2626,southwest airlines|southwest|south west airlines|southwest airline
CARRIER,Flight: Airlines,SpiceJet,SG,2627,spicejet|spice jet
CARRIER,Flight: Airlines,Spirit Airlines,NK,2628,spirit airlines|spirit|spirit airline
CARRIER,Flight: Airlines,SriLankan Airlines,UL,2629,srilankan airlines|sri lankan airlines|srilankan|sri lanka airlines
CARRIER,Flight: Airlines,Sriwijaya Airlines,SJ,2630,sriwijaya airlines|sriwijaya|sriwijaya airline
CARRIER,Flight: Airlines,Star Air Aviation,'6S',2631,star air aviation|star air
CARRIER,Flight: Airlines,Star Peru,'2I',2632,star peru|star perú|star peru airlines
CARRIER,Flight: Airlines,Sudan Airways,SD,2633,sudan airways|sudan air|sudan airline
CARRIER,Flight: Airlines,Sun Air,'1V',2634,sun air|sun air airline
CARRIER,Flight: Airlines,Sun Country Airlines,SY,2635,sun country airlines|sun country|sun country airline
CARRIER,Flight: Airlines,Sun Express,XQ,2636,sun express|sunexpress|sun express airlines
CARRIER,Flight: Airlines,Sunshine Express,CQ,2637,sunshine express|sunshine express airline
CARRIER,Flight: Airlines,Surinam Airways - SLM,PY,2638,surinam airways|suriname airways|surinam airline
CARRIER,Flight: Airlines,Swiss International Air Lines,LX,2639,swiss international air lines|swiss|swiss air lines|swiss airlines
CARRIER,Flight: Airlines,British Midland Airlines,BM,2640,british midland|british midland airways|bmi
CARRIER,Flight: Airlines,Sylt Air,'7E',2641,sylt air|sylt air airline
CARRIER,Flight: Airlines,Syphax Airlines,FS,2642,syphax airlines|syphax airline
CARRIER,Flight: Airlines,Syrianair,RB,2643,syrianair|syrian air
CARRIER,Flight: Airlines,TAAG Angola Airlines,DT,2644,angola airlines
CARRIER,Flight: Airlines,Tara Air,TA,2645,tara air|taraair
CARRIER,Flight: Airlines,TACA Costa Rica,LR,2646,
CARRIER,Flight: Airlines,TACA Peru,T0,2647,
CARRIER,Flight: Airlines,TACV - Cabo Verde Airlines,VR,2648,cabo verde airlines|cabo verde air
CARRIER,Flight: Airlines,Tailwind Airlines,TI,2649,tailwind airlines|tailwind airline
CARRIER,Flight: Airlines,Tajik Air,'7J',2650,tajik air|tajikair
CARRIER,Flight: Airlines,TAM Airlines,PZ,2651,
CARRIER,Flight: Airlines,TAME Linea Aerea Del Ecuador,EQ,2652,
CARRIER,Flight: Airlines,Tandem Aero,TQ,2653,tandem aero
CARRIER,Flight: Airlines,TAP Portugal,TP,2654,
CARRIER,Flight: Airlines,TAROM,RO,2655,tarom|tarom romanian air transport
CARRIER,Flight: Airlines,Tasman Cargo Airlines,HJ,2656,tasman cargo airlines|tasman cargo
CARRIER,Flight: Airlines,Tassili Airlines,SF,2657,tassili airlines|tassili airline
CARRIER,Flight: Airlines,Tatarstan Air,U9,2658,tatarstan air|tatarstan airlines
CARRIER,Flight: Airlines,Thai AirAsia,FD,2659,thai airasia|thai air asia|airasia thailand
CARRIER,Flight: Airlines,Thai Airways International,TG,2660,thai airways|thai airways international|thai airline
CARRIER,Flight: Airlines,Thomas Cook Airlines Scandinavia,DK,2662,thomas cook airlines scandinavia|thomas cook scandinavia|thomas cook air scandinavia
CARRIER,Flight: Airlines,WXYZ - Sth Term,BY,2663,
CARRIER,Flight: Airlines,Tianjin Airlines,GS,2664,tianjin airlines|tianjin airline
CARRIER,Flight: Airlines,Tibet Airlines,TV,2665,tibet airlines|tibet airline
CARRIER,Flight: Airlines,Tunisavia,TT,2666,tunisavia
CARRIER,Flight: Airlines,Tiger Airways,TR,2667,tiger airways|tigerair|tiger air
CARRIER,Flight: Airlines,Titan Airways,ZT,2668,titan airways|titan airline
CARRIER,Flight: Airlines,TNT Airways,'3V',2669,
CARRIER,Flight: Airlines,Transavia France,TO,2670,transavia france|transavia (france)
CARRIER,Flight: Airlines,Toumai Air Tchad,'9D',2671,toumai air tchad|toumai air|toumai air chad
CARRIER,Flight: Airlines,Trans Air Congo,Q8,2672,trans air congo|transair congo
CARRIER,Flight: Airlines,Operated by Malta Air,AL,2673,malta air|operated by malta air|flight operated by malta air
CARRIER,Flight: Airlines,Trans States Airlines,AX,2674,trans states airlines|trans states|transstates airlines
CARRIER,Flight: Airlines,Transaero Airlines,UN,2675,transaero|transaero airlines
CARRIER,Flight: Airlines,TransAsia Airways,GE,2676,transasia airways|transasia|trans asia airways
CARRIER,Flight: Airlines,Transavia Airlines,HV,2677,transavia|transavia airlines
CARRIER,Flight: Airlines,Transcarga International Airways,T9,2678,transcarga international airways|transcarga
CARRIER,Flight: Airlines,Twin Jet,T7,2679,twin jet|twinjet
CARRIER,Flight: Airlines,Transmile Air Services,TH,2680,transmile air services|transmile air|transmile
CARRIER,Flight: Airlines,WXYZfly Nordic,'6B',2681,wxyzfly nordic
CARRIER,Flight: Airlines,Tulpar Air Service,'2T',2682,tulpar air service|tulpar air
CARRIER,Flight: Airlines,Tunisair,TU,2683,tunisair|tunis air
CARRIER,Flight: Airlines,Tunisair Express,UG,2684,tunisair express|tunis air express
CARRIER,Flight: Airlines,Turan Air,'3T',2685,turan air|turanair
CARRIER,Flight: Airlines,Turkish Airlines,TK,2686,turkish airlines|turkish air|turkish airline
CARRIER,Flight: Airlines,Turkmenistan Airlines,T5,2687,turkmenistan airlines|turkmenistan air|turkmen airline
CARRIER,Flight: Airlines,TWay Airlines,TW,2688,t'way air|tway airlines|t way airlines|t'way airlines
CARRIER,Flight: Airlines,ULS Airlines Cargo,GO,2689,
CARRIER,Flight: Airlines,UM Air,UF,2690,
CARRIER,Flight: Airlines,Uni Air,B7,2691,uni air|uniair
CARRIER,Flight: Airlines,United Airlines,UA,2692,united airlines|united|united air|united airline
CARRIER,Flight: Airlines,United Airways,'4H',2693,united airways|united airways airline
CARRIER,Flight: Airlines,Uni-Top Airlines,UW,2694,uni-top airlines|uni top airlines|unitop airlines
CARRIER,Flight: Airlines,UPS Airlines,'5X',2695,
CARRIER,Flight: Airlines,Ural Airlines,U6,2696,ural airlines|ural airline
CARRIER,Flight: Airlines,Urumqi Air,UQ,2697,urumqi air|urumqi airline
CARRIER,Flight: Airlines,US-Bangla Airlines,BS,2698,usbangla airlines
CARRIER,Flight: Airlines,UTair Aviation,UT,2699,utair|utair aviation
CARRIER,Flight: Airlines,UTair-Express,UR,2700,utair-express|utair express
CARRIER,Flight: Airlines,UTair-Ukraine,QU,2701,utair-ukraine|utair ukraine
CARRIER,Flight: Airlines,Uzbekistan Airways,HY,2702,uzbekistan airways|uzbek airways|uzbekistan airline
CARRIER,Flight: Airlines,Valuair,VF,2703,valuair|valu air
CARRIER,Flight: Airlines,Vensecar International,K1,2704,vensecar international|vensecar
CARRIER,Flight: Airlines,Vieques Air Link,V4,2705,vieques air link|vieques airlink|vieques air link airline
CARRIER,Flight: Airlines,Vietjet Air,VJ,2706,vietjet air|vietjet|viet jet air
CARRIER,Flight: Airlines,Vietnam Air Service - VASCO,'0V',2707,vasco|vietnam air service|vietnam air service (vasco)
CARRIER,Flight: Airlines,Vietnam Airlines,VN,2708,vietnam airlines|vietnam airline|vietnam air
CARRIER,Flight: Airlines,Virgin America,VX,2709,virgin america|virgin america airline
CARRIER,Flight: Airlines,Virgin Atlantic Airways,VS,2710,virgin atlantic|virgin atlantic airways|virgin atlantic airline
CARRIER,Flight: Airlines,Virgin Samoa,VA,2711,virgin samoa
CARRIER,Flight: Airlines,Virgin Australia Airlines (NZ),DJ,2712,virgin australia|virgin australia airlines
CARRIER,Flight: Airlines,Vision Airlines,V2,2713,vision airlines|vision airline
CARRIER,Flight: Airlines,Vistara,UK,2714,vistara|tata vistara
CARRIER,Flight: Airlines,VivaAeroBus,VB,2715,vivaaerobus|viva aerobus
CARRIER,Flight: Airlines,Vladivostok Air,XF,2716,vladivostok air|vladivostok airlines
CARRIER,Flight: Airlines,VLM Airlines,VG,2717,
CARRIER,Flight: Airlines,Volaris,Y4,2718,volaris|volaris airlines
CARRIER,Flight: Airlines,Volga-Dnepr Airlines,VI,2719,volga-dnepr airlines|volga dnepr airlines|volga-dnepr
CARRIER,Flight: Airlines,Voyager Airlines,V6,2721,voyager airlines|voyager airline
CARRIER,Flight: Airlines,Vueling Airlines,VY,2722,vueling|vueling airlines
CARRIER,Flight: Airlines,WaltAir,XW,2723,waltair|walt air
CARRIER,Flight: Airlines,WDL Aviation,WL,2724,
CARRIER,Flight: Airlines,Welcome Air,'2W',2725,welcome air|welcomeair
CARRIER,Flight: Airlines,West Afrfican Link,'1W',2726,west african link|west afrfican link
CARRIER,Flight: Airlines,West Atlantic Sweden,PT,2727,west atlantic sweden|west atlantic|west atlantic airline
CARRIER,Flight: Airlines,West China Airlines,PN,2728,west china airlines|west china air
CARRIER,Flight: Airlines,West Coast Air,'8O',2729,west coast air
CARRIER,Flight: Airlines,Westair Benin,WH,2730,westair benin|west air benin
CARRIER,Flight: Airlines,WestJet Airlines,WS,2731,westjet|westjet airlines|west jet
CARRIER,Flight: Airlines,WestJet Encore,WR,2732,westjet encore|west jet encore
CARRIER,Flight: Airlines,White Airways,WI,2733,white airways|white air
CARRIER,Flight: Airlines,White Eagle Aviation,W2,2734,white eagle aviation|white eagle
CARRIER,Flight: Airlines,Wideroe,WF,2735,wideroe|widerøe|wideroe airlines|wideroe air
CARRIER,Flight: Airlines,Wimbi Dira Airways,'9C',2736,wimbi dira airways|wimbi dira air
CARRIER,Flight: Airlines,Winair,WM,2737,winair|win air
CARRIER,Flight: Airlines,Wind Rose Aviation,'7W',2738,wind rose aviation|windrose aviation|wind rose air|windrose airlines
CARRIER,Flight: Airlines,Wings Air,IW,2739,wings air|wingsair
CARRIER,Flight: Airlines,Wings of Lebanon,L4,2740,wings of lebanon
CARRIER,Flight: Airlines,Wizz Air Ukraine,WU,2742,wizz air ukraine|wizzair ukraine|wizz ukraine
CARRIER,Flight: Airlines,Xiamen Airlines,MF,2743,xiamen airlines|xiamen air|xiamenair
CARRIER,Flight: Airlines,XL Airways France,SE,2744,
CARRIER,Flight: Airlines,Xtra Airways,XP,2745,xtra airways|xtra air
CARRIER,Flight: Airlines,Yakutia Airlines,R3,2746,yakutia airlines|yakutia air|yakutia
CARRIER,Flight: Airlines,Yamal Airlines,YC,2747,yamal airlines|yamal air
CARRIER,Flight: Airlines,Yangon Airways,YH,2748,yangon airways|yangon air
CARRIER,Flight: Airlines,Yangtse River Express,Y8,2749,yangtse river express|yangtze river express
CARRIER,Flight: Airlines,Yemenia,IY,2750,yemenia|yemenia airways|yemenia yemen airways|yemen airways
CARRIER,Flight: Airlines,Yeti Airlines,YA,2751,yeti airlines|yeti air
CARRIER,Flight: Airlines,Zagros Airlines,ZV,2752,zagros airlines|zagros air
CARRIER,Flight: Airlines,ZagrosJet,Z4,2753,zagrosjet|zagros jet
CARRIER,Flight: Airlines,Zambia Skyways,K8,2754,zambia skyways|zambia sky ways
CARRIER,Flight: Airlines,Zhejiang Loong Airlines,GJ,2755,zhejiang loong airlines|loong air|zhejiang loong air
CARRIER,Flight: Airlines,ZimexAviation,C4,2756,zimex aviation|zimexaviation|zimex air
CARRIER,Flight: Airlines,Norse Atlantic Airways,Z0,2757,norse atlantic airways|norse atlantic|norse airways|norse
CARRIER,Flight: Airlines,British Airways Euroflyer,AO,2758,british airways euroflyer|euroflyer
CARRIER,Flight: Airlines,Operated by Buzz,RR,2759,operated by buzz|buzz airline|buzz airways|buzz air
CARRIER,Flight: Airlines,Operated by Ryanair UK,RK,2760,
CARRIER,Flight: Airlines,BA CityFlyer,CJ,2761,british airways cityflyer|cityflyer
CARRIER,Flight: Airlines,ASL Airlines,ABR,2763,
CARRIER,Flight: Airlines,Balkan Air Holidays,BGH,2765,balkan air holidays|balkan air
CARRIER,Flight: Airlines,Jet Air Fly,JAF,2767,jet air fly|jetairfly|jet airfly
CARRIER,Flight: Airlines,Onur Air,OHY,2768,onur air|onurair
CARRIER,Flight: Airlines,Thomas Cook,TCX,2769,thomas cook airlines|thomas cook air|thomas cook
CARRIER,Flight: Airlines,Volotea,VOE,2770,volotea|volotea airlines
CARRIER,Flight: Airlines,WXYZfly,X3,2771,wxyzfly
CARRIER,Flight: Airlines,WXYZ Airways,TOM,2772,
CARRIER,Flight: Airlines,Qatar Airways,QR,2773,qatar airways|qatar air|qatar
CARRIER,Flight: Airlines,Air Transat,TS,2774,air transat|transat|airtransat
CARRIER,Flight: Airlines,Loganair,LM,2776,loganair|logan air
CARRIER,Flight: Airlines,Corendon Airlines Europe,XR,2779,corendon airlines europe|corendon europe|corendon airlines (europe)
DEPARTURETIMEBACK,Flight: Departure Time (back),Morning - 06:00-11:59,A,2780,morning return flight|return in the morning|morning flight back|fly back in the morning|06:00-11:59 return
DEPARTURETIMEBACK,Flight: Departure Time (back),Afternoon - 12:00-17:59,B,2781,afternoon return flight|return in the afternoon|afternoon flight back|fly back in the afternoon|12:00-17:59 return
DEPARTURETIMEBACK,Flight: Departure Time (back),Evening - 18:00-20:59,C,2782,evening return flight|return in the evening|evening flight back|fly back in the evening|18:00-20:59 return
DEPARTURETIMEBACK,Flight: Departure Time (back),Night - 21:00-05:59,D,2783,night return flight|return at night|late return flight|overnight return flight|21:00-05:59 return
DEPARTURETIMEOUT,Flight: Departure Time (out),Morning - 06:00-11:59,A,2784,morning outbound flight|depart in the morning|morning flight out|fly out in the morning|06:00-11:59 outbound
DEPARTURETIMEOUT,Flight: Departure Time (out),Afternoon - 12:00-17:59,B,2785,afternoon outbound flight|depart in the afternoon|afternoon flight out|fly out in the afternoon|12:00-17:59 outbound
DEPARTURETIMEOUT,Flight: Departure Time (out),Evening - 18:00-20:59,C,2786,evening outbound flight|depart in the evening|evening flight out|fly out in the evening|18:00-20:59 outbound
DEPARTURETIMEOUT,Flight: Departure Time (out),Night - 21:00-05:59,D,2787,night outbound flight|depart at night|late outbound flight|overnight outbound flight|21:00-05:59 outbound
FLIGHTSTOPS,Flight: Stops,Direct Flights,direct,2788,direct flights|nonstop flights|non-stop flights|no stops|no stopover|without layovers|straight through flight
FREECHILDPLACES,Free Child Place,Free Child Places,dc,2789,free child places|free child place|kids go free|child goes free|free kids places|free child seat
HOLIDAYTYPE,Holiday Type: Holiday Type,Cities',CITY,2790,city break|city breaks|cities holiday|city holiday|city trip|weekend city break
HOLIDAYTYPE,Holiday Type: Holiday Type,Beach',BEACH,2791,beach holiday|beach holidays|seaside holiday|coastal holiday|beach break
HOLIDAYTYPE,Holiday Type: Holiday Type,Lakes & Mountains',LAKES,2792,lakes and mountains|lakes & mountains|mountain and lake holiday|lake holiday|mountain holiday|alpine holiday
BESTFOR,Holiday Type: Best For,Adults Only,P00057,2793,adults only|adult only|18+ only|no kids|no children|adults-only hotel
BESTFOR,Holiday Type: Best For,Award winners,P00056,2794,award winning|award winners|award-winning hotels|award winning hotels|prize-winning hotel
BESTFOR,Holiday Type: Best For,Beachfront,P00051,2795,beachfront|on the beach|beach front|frontline beach|beachfront hotel|right on the beach
BESTFOR,Holiday Type: Best For,Contemporary style,P00054,2796,contemporary style|modern style|modern hotel|contemporary hotel|modern design
BESTFOR,Holiday Type: Best For,Families,P00052,2797,family friendly|for families|family hotel|kids friendly|child friendly|family resort
BESTFOR,Holiday Type: Best For,Local flavour,P00059,2798,local flavour|local flavor|authentic|traditional|local experience|local character
BESTFOR,Holiday Type: Best For,Luxury,P00050,2799,luxury|luxury hotel|upmarket|high-end|premium hotel
BESTFOR,Holiday Type: Best For,Nightlife,P00058,2800,nightlife|good nightlife|party area|clubbing|bars and clubs|lively nightlife
BESTFOR,Holiday Type: Best For,Spa and Relaxation,P00053,2801,spa|spa break|spa and relaxation|relaxing holiday|wellness|spa hotel
BESTFOR,Holiday Type: Best For,Sports and Activities,P00060,2802,sports and activities|active holiday|activities|sporty holiday|sports facilities
BESTFOR,Holiday Type: Best For,Weddings,P00055,2803,weddings|wedding venue|wedding hotel|get married abroad|destination wedding
BESTFOR,Holiday Type: Best For,Walking,P00072,2804,walking holiday|hiking holiday|walking breaks|hiking|trekking
BESTFOR,Holiday Type: Best For,Lakeside Resort,P00073,2805,lakeside resort|lakefront resort|on the lake|by the lake|lakeside hotel
BESTFOR,Holiday Type: Best For,Green & Fair Hotels,ACCGRF,2806,green & fair|green and fair hotels|eco friendly hotel|eco-friendly hotel|sustainable hotel|environmentally friendly hotel
BESTFOR,Holiday Type: Best For,WXYZ Kids Club,ACCTKC,2807,wxyz kids club|kids club|children's club|kids' club|hotel kids club
BESTFOR,Holiday Type: Best For,All Inclusive Beach,P00068,2808,all inclusive beach|all-inclusive beach|all inclusive on the beach|beachfront all inclusive|ai beach
CONCEPTS,Holiday Type: Holidays by WXYZ,City Breaks,P00071,2809,city breaks|city break|short city break|weekend city break
CONCEPTS,Holiday Type: Holidays by WXYZ,Splashworld,FCU119,2817,splashworld|splash world
CONCEPTS,Holiday Type: Holidays by WXYZ,Lapland Explorer,P00LEX,2822,lapland explorer
CONCEPTS,Holiday Type: Holidays by WXYZ,Classic Lapland,P00CLP,2826,classic lapland
CONCEPTS,Holiday Type: Holidays by WXYZ,Platinum,PLT,2828,platinum|platinum collection|platinum holidays
CONCEPTS,Holiday Type: Holidays by WXYZ,Lakes & Mountains,LAM,2829,lakes & mountains|lakes and mountains
CONCEPTS,Holiday Type: Holidays by WXYZ,A la Carte,ALC,2830,a la carte|à la carte|a-la-carte
CONCEPTS,Holiday Type: Holidays by WXYZ,WXYZ Blue,BLU,2831,wxyz blue
CONCEPTS,Holiday Type: Holidays by WXYZ,Scene Holidays,SCE,2832,scene holidays|scene
CONCEPTS,Holiday Type: Holidays by WXYZ,WXYZ Suneo,FSO,2833,wxyz suneo|suneo
CONCEPTS,Holiday Type: Holidays by WXYZ,SplashWorld Holidays,FSP,2834,splashworld holidays|splash world holidays|splashworld
CONCEPTS,Holiday Type: Holidays by WXYZ,Lakes & Mountains platinum,PRM,2835,lakes & mountains platinum|lakes and mountains platinum
CONCEPTS,Holiday Type: Holidays by WXYZ,WXYZ Magic Life,FMA,2836,wxyz magic life|magic life
CONCEPTS,Holiday Type: Holidays by WXYZ,SENSATORI BY WXYZ BLUE,SEN,2837,sensatori by wxyz blue|sensatori
CONCEPTS,Holiday Type: Holidays by WXYZ,Holiday Villages,FHV,2838,holiday villages|holiday village
CONCEPTS,Holiday Type: Holidays by WXYZ,Small & Friendly,SnF,2839,small & friendly|small and friendly|small friendly hotels|small hotel
CONCEPTS,Holiday Type: Holidays by WXYZ,Gold,GLD,2840,gold|gold collection|gold holidays
CONCEPTS,Holiday Type: Holidays by WXYZ,Family Resorts,FAM,2841,family resorts|family resort
CONCEPTS,Holiday Type: Holidays by WXYZ,Couples,COU,2842,couples|couples holiday|romantic getaway|romantic break
CONCEPTS,Holiday Type: Holidays by WXYZ,Villas Collection,TVP,2843,villas collection|villa collection|villas
CONCEPTS,Holiday Type: Holidays by WXYZ,Simply,SIM,2844,simply|simply holidays
CONCEPTS,Holiday Type: Holidays by WXYZ,Skytours,SKY,2845,skytours|sky tours
CONCEPTS,Holiday Type: Holidays by WXYZ,Sensatori Menus,DB14AE7845FDE320,2847,sensatori menus|sensatori dining menus
CONCEPTS,Holiday Type: Holidays by WXYZ,All Inclusive Drinks,'42F26D71A415D9F2',2848,all inclusive drinks|all-inclusive drinks|drinks included|free drinks|ai drinks
CONCEPTS,Holiday Type: Holidays by WXYZ,Tours,TOU,2849,tours|guided tours|excursions
CONCEPTS,Holiday Type: Holidays by WXYZ,Lapland Day Trips,'22359026D06EA3FE',2850,lapland day trips|day trips to lapland|lapland excursions
CONCEPTS,Holiday Type: Holidays by WXYZ,First Choice Kids Club,FHV_Z05,2851,first choice kids club|kids club
CONCEPTS,Holiday Type: Holidays by WXYZ,WXYZ Handpicked,HPD,2852,wxyz handpicked|handpicked hotels|hand-picked hotels
CONCEPTS,Holiday Type: Holidays by WXYZ,Academies,FHV_Z02,2853,academies|kids academies|sports academies
CONCEPTS,Holiday Type: Holidays by WXYZ,Pool towels,PTOW,2854,pool towels|towels provided|pool towel service
CONCEPTS,Holiday Type: Holidays by WXYZ,Free Wi-Fi,WIFI,2855,free wifi|free wi-fi|complimentary wifi|wifi included|free wireless internet
CONCEPTS,Holiday Type: Holidays by WXYZ,HV Creche,TWI,2856,hv creche|creche|crèche|nursery|baby creche
CONCEPTS,Holiday Type: Holidays by WXYZ,HV Club,SUP,2858,hv club|holiday village club
CONCEPTS,Holiday Type: Holidays by WXYZ,HV Crew,MEG,2859,hv crew
CONCEPTS,Holiday Type: Holidays by WXYZ,escape!,ESC,2860,escape!|escape holidays|escape
CONCEPTS,Holiday Type: Holidays by WXYZ,Kids’ Clubs,'16311C6D23FDD2F6',2861,kids clubs|kids' clubs|children's clubs|kids club
CONCEPTS,Holiday Type: Holidays by WXYZ,Peace Of Mind,PEACEOM,2862,peace of mind|peace-of-mind
CONCEPTS,Holiday Type: Holidays by WXYZ,Tots,'305098E8EA2DCBF3',2863,tots|toddlers|for toddlers
CONCEPTS,Holiday Type: Holidays by WXYZ,Team,'17B4785C0D0F900B',2864,team
CONCEPTS,Holiday Type: Holidays by WXYZ,Tribe,FE4B7594A5AC5A8C,2865,tribe
CONCEPTS,Holiday Type: Holidays by WXYZ,Crèches,AFC,2866,creches|crèches|crèche|nursery|day nursery
CONCEPTS,Holiday Type: Holidays by WXYZ,The Slide Guide,'4C921428CE0EFF85',2867,the slide guide|slide guide
CONCEPTS,Holiday Type: Holidays by WXYZ,Multi-Lane Slides,MultiLane,2868,multi-lane slides|multi lane slides|multi lane waterslides
CONCEPTS,Holiday Type: Holidays by WXYZ,Wave Pool,WavePool,2869,wave pool|waves pool
CONCEPTS,Holiday Type: Holidays by WXYZ,Tube Slides,TubeSlide,2870,tube slides|tube waterslides|enclosed slides
CONCEPTS,Holiday Type: Holidays by WXYZ,Speed Slides,SpeedSlide,2871,speed slides|fast slides
CONCEPTS,Holiday Type: Holidays by WXYZ,Body Slides,BodySlide,2872,body slides|open slides
CONCEPTS,Holiday Type: Holidays by WXYZ,Lazy River,LazyRiver,2873,lazy river|lazy river ride
CONCEPTS,Holiday Type: Holidays by WXYZ,Kids Slides,KidsSlide,2874,kids slides|children's slides|kids waterslides
CONCEPTS,Holiday Type: Holidays by WXYZ,Bowl Slides,BowlSlide,2875,bowl slides|bowl waterslides
CONCEPTS,Holiday Type: Holidays by WXYZ,Sidewinders & Boomerangos,Sidewinders,2876,sidewinders|boomerango slides|boomerang slides|sidewinder slides
CONCEPTS,Holiday Type: Holidays by WXYZ,Rapids,Rapids,2877,rapids|river rapids
CONCEPTS,Holiday Type: Holidays by WXYZ,Why book with us?,'34C2890FD41811F0',2879,
CONCEPTS,Holiday Type: Holidays by WXYZ,Planning Your Wedding Abroad,'8556B8FA017A2A58',2880,planning a wedding abroad|plan wedding abroad|planning your wedding abroad
CONCEPTS,Holiday Type: Holidays by WXYZ,Types Of Wedding,A71222F8A3D53C20,2881,types of wedding|wedding types
CONCEPTS,Holiday Type: Holidays by WXYZ,CELEBRATION OF VOWS,'821D4A8C619F7CE6',2882,celebration of vows|vow renewal|renewal of vows
CONCEPTS,Holiday Type: Holidays by WXYZ,Over To You,F4F75CCF0D5C67F5,2883,
CONCEPTS,Holiday Type: Holidays by WXYZ,10 Top Tips For Marrying Abroad,A950FA6770017F1E,2884,tips for marrying abroad|top tips for marrying abroad
CONCEPTS,Holiday Type: Holidays by WXYZ,WEDDING DESTINATIONS,F2C66A055DB3B673,2885,wedding destinations|destination wedding locations
CONCEPTS,Holiday Type: Holidays by WXYZ,Our Exclusive Partners,F8E9BC5C399F6B8D,2886,exclusive partners|our exclusive partners
CONCEPTS,Holiday Type: Holidays by WXYZ,Football Academy,SFAF,2887,football academy|soccer academy
CONCEPTS,Holiday Type: Holidays by WXYZ,Swim Academy,AFSF,2888,swim academy|swimming academy
CONCEPTS,Holiday Type: Holidays by WXYZ,Stage Academy,BMMPIFBO,2889,stage academy|performing arts academy|drama academy
CONCEPTS,Holiday Type: Holidays by WXYZ,Rookie Lifeguard Academy,E0685754F5D065B4,2890,rookie lifeguard academy|junior lifeguard academy|lifeguard academy
CONCEPTS,Holiday Type: Holidays by WXYZ,Parent & Toddler,D3B6CABF5DAFB5D3,2891,parent and toddler|parent & toddler|parents and toddlers
CONCEPTS,Holiday Type: Holidays by WXYZ,Lapland,LAP,2896,lapland|lapland holidays|trip to lapland
CONCEPTS,Holiday Type: Holidays by WXYZ,Santas Wonderland,SWL,2898,santa's wonderland|santas wonderland
CONCEPTS,Holiday Type: Holidays by WXYZ,Island Cruises,P00IEC,2900,island cruises|island cruise
CONCEPTS,Holiday Type: Holidays by WXYZ,Florida,THFLO,2902,florida|florida holidays|florida trip
CONCEPTS,Holiday Type: Holidays by WXYZ,Faraway Shores,THFAS,2903,faraway shores
CONCEPTS,Holiday Type: Holidays by WXYZ,Summer Sun,FCSUM,2904,summer sun|summer holidays|summer getaway
CONCEPTS,Holiday Type: Holidays by WXYZ,Collections,C5BF6EFC216C6DB2,2905,collections
CONCEPTS,Holiday Type: Holidays by WXYZ,Best For...,'3B7E0217BD2AB133',2906,
CONCEPTS,Holiday Type: Holidays by WXYZ,See the sea,'8B7F6C02A7A5D677',2907,see the sea
CONCEPTS,Holiday Type: Holidays by WXYZ,Upgrade your stay,FC662EFCA83A3920,2908,upgrade your stay|room upgrade|upgrade my stay
CONCEPTS,Holiday Type: Holidays by WXYZ,Gourmet Dining,DBA57E88751A1B1D,2909,gourmet dining|fine dining|gourmet food
CONCEPTS,Holiday Type: Holidays by WXYZ,Pools,'8310A43DD7A3926C',2910,pool|swimming pool|hotel with pool|pool access|pool on site
CONCEPTS,Holiday Type: Holidays by WXYZ,Infinity Pools,'5CA9DE1A0B45CB6C',2911,infinity pool|infinity pools|infinity edge pool|vanishing edge pool|infinity swimming pool
CONCEPTS,Holiday Type: Holidays by WXYZ,FOR KIDS,F55D5B8B9481A253,2912,for kids|kid friendly|kids friendly|child friendly|children friendly|family friendly for kids
CONCEPTS,Holiday Type: Holidays by WXYZ,Captain T,'8AF8855505AD2440',2913,
CONCEPTS,Holiday Type: Holidays by WXYZ,Teens,A319F57F6F8E344B,2914,for teens|teen friendly|teenagers|teen facilities|teen club
CONCEPTS,Holiday Type: Holidays by WXYZ,Family Rooms,'69F85D636E393084',2915,family room|family rooms|family-sized room|large family room|room for family|family accommodation
CONCEPTS,Holiday Type: Holidays by WXYZ,Childrens Menus,'43816E706C37283A',2916,children's menu|kids menu|childrens menu|kids meals|child-friendly menu
CONCEPTS,Holiday Type: Holidays by WXYZ,The Caribbean,FCA9155146EACC8F,2917,caribbean|the caribbean|caribbean islands|caribbean holiday|caribbean vacation
CONCEPTS,Holiday Type: Holidays by WXYZ,3 Great Things About The Caribbean...,CBA3F9945DCF677D,2920,caribbean highlights|why the caribbean|caribbean top things|best of the caribbean
CONCEPTS,Holiday Type: Holidays by WXYZ,Top up your tan on a white-sand beach,CA3C0A594C761495,2921,white sand beach|white-sand beach|tanning on the beach|sunbathing on white sand|beach tan
CONCEPTS,Holiday Type: Holidays by WXYZ,Dance at an authentic reggae bar,'0D5CEFF74FF25B93',2922,reggae bar|authentic reggae bar|reggae night|dance to reggae|reggae club
CONCEPTS,Holiday Type: Holidays by WXYZ,Pick a path through the rainforest,AA056BB599ADE599,2923,rainforest hike|rainforest trekking|jungle walk|rainforest trail|rainforest walk
CONCEPTS,Holiday Type: Holidays by WXYZ,The Art Of Singing,CTAS,2924,singing lessons|singing class|vocal lessons|learn to sing|singing workshop
CONCEPTS,Holiday Type: Holidays by WXYZ,The Art Of Chocolate Making,CTACM,2925,chocolate making|chocolate-making class|chocolate workshop|make chocolate|chocolate making lesson
CONCEPTS,Holiday Type: Holidays by WXYZ,Sip rum cocktails at a beachfront bar,B749130A7F1783D2,2926,beachfront bar|beach bar cocktails|rum cocktails|rum punch on the beach|cocktails by the beach
CONCEPTS,Holiday Type: Holidays by WXYZ,Explore the islands’ lush landscapes,'492D6571F162BB97',2927,lush landscapes|island scenery|scenic island exploration|nature exploration|explore the islands
CONCEPTS,Holiday Type: Holidays by WXYZ,When To Go,AA2AA8930D1BF855,2928,best time to go|when to go|best time to visit|when should i go|when to travel
CONCEPTS,Holiday Type: Holidays by WXYZ,Nursery,'5F6EDC62735A8293',2929,nursery|hotel nursery|baby nursery|nursery facilities|nursery service
CONCEPTS,Holiday Type: Holidays by WXYZ,State-of-the-art Rooms,F16AC7BD9EF80193,2930,state-of-the-art rooms|modern rooms|high-tech rooms|contemporary rooms|newly refurbished rooms
CONCEPTS,Holiday Type: Holidays by WXYZ,Whats On,E878A6294937BF95,2932,what's on|whats on|events|what's happening|things on
CONCEPTS,Holiday Type: Holidays by WXYZ,Designed with Families in Mind,'535DDF1668D71CC9',2933,designed for families|family-focused|family friendly design|built for families
CONCEPTS,Holiday Type: Holidays by WXYZ,For Little Ones,'21D03618C9899CE6',2935,for little ones|for toddlers|for babies|toddler friendly|baby friendly
CONCEPTS,Holiday Type: Holidays by WXYZ,10 Reasons to Choose Couples,BE2F04490D654FB0,2936,couples reasons|why choose couples|couples benefits|couples guide
CONCEPTS,Holiday Type: Holidays by WXYZ,Holidays Tailored for Two,'365F898B27A39698',2937,holidays for two|couples holiday|romantic getaway|trip for two|couples vacation
CONCEPTS,Holiday Type: Holidays by WXYZ,10 Reasons to Choose Family Resorts,EF523CA8F1779E12,2938,family resort reasons|why choose family resorts|family resort benefits|family resorts guide
CONCEPTS,Holiday Type: Holidays by WXYZ,Your Questions Answered,'737B144A3FAB43CE',2939,your questions answered|questions answered|help and answers|common questions
CONCEPTS,Holiday Type: Holidays by WXYZ,10 Reasons To Choose Weddings by WXYZ,C750379B7591A322,2940,why choose weddings|wedding reasons|weddings by wxyz reasons|wedding benefits
CONCEPTS,Holiday Type: Holidays by WXYZ,Planning Your Destination Wedding,'93DD105365C5E65E',2941,plan a destination wedding|destination wedding planning|planning a wedding abroad|wedding abroad planning
CONCEPTS,Holiday Type: Holidays by WXYZ,Which Wedding?,'8EA9F67834FA395F',2942,which wedding|choose a wedding type|what wedding is right|wedding options
CONCEPTS,Holiday Type: Holidays by WXYZ,The More The Merrier,'3A90BA0E8DBEA151',2943,group wedding|big wedding group|bring guests|wedding with friends and family
CONCEPTS,Holiday Type: Holidays by WXYZ,Happy Ever After by WXYZ,'7B9C2A8F4ED1E705',2944,happy ever after|honeymoon and wedding|wedding happily ever after
CONCEPTS,Holiday Type: Holidays by WXYZ,10 Tips for Marrying Abroad,DD530E028736EADA,2946,tips for marrying abroad|marry abroad tips|getting married abroad tips|destination wedding tips
CONCEPTS,Holiday Type: Holidays by WXYZ,Platinum villas,B2DF8A366AF3973B,2950,platinum villa|platinum villas|premium villas|luxury villas|top-tier villas
CONCEPTS,Holiday Type: Holidays by WXYZ,Retreat villas,'32DA0911096A6081',2951,retreat villa|retreat villas|secluded villa|peaceful villa|quiet villa retreat
CONCEPTS,Holiday Type: Holidays by WXYZ,Family-friendly villas,'43BC70574361C5AE',2952,family-friendly villa|family friendly villas|villas for families|kid-friendly villa|child-friendly villa
CONCEPTS,Holiday Type: Holidays by WXYZ,Villa resorts,A8CEB6565727C4FA,2953,villa resort|villa resorts|resort villas|holiday villa resort
CONCEPTS,Holiday Type: Holidays by WXYZ,Robinson,ROB,2954,robinson|robinson club|robinson holidays
CONCEPTS,Holiday Type: Holidays by WXYZ,Hayes & Jarvis,'40924BA41DA82185',2955,hayes and jarvis|hayes & jarvis|hayes jarvis
CONCEPTS,Holiday Type: Holidays by WXYZ,SCENE,NRG,2956,scene|wxyz scene|party holidays|nightlife holidays
CONCEPTS,Holiday Type: Holidays by WXYZ,10 Reasons To Choose Scene,BD128AC953FFB253,2957,why choose scene|scene reasons|scene benefits
CONCEPTS,Holiday Type: Holidays by WXYZ,Offers,'8413D5EC89718585',2959,offers|deals|holiday deals|special offers|discounts
CONCEPTS,Holiday Type: Holidays by WXYZ,Days and nights out,'62EDFE179FB21098',2960,days and nights out|day and night out|things to do day and night|daytime and nightlife
CONCEPTS,Holiday Type: Holidays by WXYZ,Our service,'646224DFB334372F',2961,our service|customer service|service quality|support service
CONCEPTS,Holiday Type: Holidays by WXYZ,Contact Us,E4948891255DEBFC,2962,contact us|get in touch|call us|email us|contact
CONCEPTS,Holiday Type: Holidays by WXYZ,People like you,'72C2DA8BAE0D4396',2963,people like you|travellers like you|customers like you|similar travellers
CONCEPTS,Holiday Type: Holidays by WXYZ,Sensimar/Couples,SMR,2964,sensimar|sensimar couples|adults-only couples|couples only
CONCEPTS,Holiday Type: Holidays by WXYZ,WXYZ BLUE FOR FAMILIES,VIL,2965,wxyz blue for families|wxyz blue families|blue for families|family blue
CONCEPTS,Holiday Type: Holidays by WXYZ,10 REASONS TO CHOOSE WXYZ BLUE FOR TWO,'1DE56F30DE66F6EB',2966,why choose wxyz blue for two|blue for two reasons|wxyz blue for two benefits
CONCEPTS,Holiday Type: Holidays by WXYZ,Holidays Tailored for Adults,D7748FB450963C7A,2967,adults only|adults-only holidays|adult only holiday|holidays for adults|adult-focused
CONCEPTS,Holiday Type: Holidays by WXYZ,WXYZ BLUE FOR TWO,SSR,2969,wxyz blue for two|wxyz blue couples|blue for two|blue for couples
CONCEPTS,Holiday Type: Holidays by WXYZ,Lapland Adventure,LAD,2970,lapland adventure|lapland trip|lapland holiday|lapland experience
CONCEPTS,Holiday Type: Holidays by WXYZ,Northern Lights and Golden Circle Tour,NLT,2971,northern lights tour|golden circle tour|northern lights and golden circle|iceland northern lights tour
CONCEPTS,Holiday Type: Holidays by WXYZ,SPORTS LOVERS PARADISE,'5275984AF37E700038189D90EB4CFF21',2973,sports lovers|sports holiday|sporty resort|sports facilities|active holiday
CONCEPTS,Holiday Type: Holidays by WXYZ,WELLFIT,'8AAA5C4D2AFABC2A5A43ED5367C6AFFB',2974,wellfit|fitness holiday|gym and fitness|workout holiday|fitness resort
CONCEPTS,Holiday Type: Holidays by WXYZ,WELLBEING,'84CEA7034D0A72616B19A0E7B3A7872E',2977,wellbeing|well-being|wellness|wellness holiday|relaxation and wellness
CONCEPTS,Holiday Type: Holidays by WXYZ,FROM DAY TO NIGHT,'0F4F12DDA6BBCC1E5FC283B15696B81F',2978,from day to night|day to night|all day and night|daytime to nightlife
CONCEPTS,Holiday Type: Holidays by WXYZ,COMFY ACCOMMODATION,'8E05DE15FC19F2ACC8C773F37A4FD6D3',2979,comfy accommodation|comfortable accommodation|cosy accommodation|comfortable rooms|comfy rooms
CONCEPTS,Holiday Type: Holidays by WXYZ,CHILDCARE,'5EA71EF94DE47B2F62B617BF82426FEA',2981,childcare|child care|kids childcare|babysitting|kids club childcare
CONCEPTS,Holiday Type: Holidays by WXYZ,ENTERTAINMENT,DACCE93C244A2E148F5C8323E097F151,2982,entertainment|live entertainment|shows|evening shows|hotel entertainment
CONCEPTS,Holiday Type: Holidays by WXYZ,AUTHENTIC CUISINE,F51AB305A457BB936CF708AF0D1420BE,2984,authentic cuisine|local cuisine|traditional food|authentic local food|local restaurants
CONCEPTS,Holiday Type: Holidays by WXYZ,ACTIVITIES,F5D84671F110AF186120CB240296FDFC,2985,activities|things to do|on-site activities|resort activities|holiday activities
CONCEPTS,Holiday Type: Holidays by WXYZ,WELL-CONNECTED,ECC65B87A836A64FA288118927FDA694,2986,well-connected|good transport links|easy to get around|close to transport|central location
CONCEPTS,Holiday Type: Holidays by WXYZ,Arctic Adventurer,ARA,2987,arctic adventure|arctic adventurer|arctic trip|arctic holiday
CONCEPTS,Holiday Type: Holidays by WXYZ,WXYZ Tours,TTR,2988,wxyz tours|guided tours|tour package|escorted tour|multi-centre tour
CONCEPTS,Holiday Type: Holidays by WXYZ,Where in the world,'5F9092C03903A010ED6FC92A0E092AB3',2989,where in the world|where to go|where should i go|destination ideas
CONCEPTS,Holiday Type: Holidays by WXYZ,24/7 support,D4F49154F26FC9D1A941AC4F48DEF4A6,2990,24/7 support|24 hour support|24-7 support|round the clock support|support anytime
CONCEPTS,Holiday Type: Holidays by WXYZ,Out and about,B6589CC29C567A2DA31C6E6C38E2D2C4,2991,out and about|exploring|things to do nearby|get out and about
CONCEPTS,Holiday Type: Holidays by WXYZ,Group getaways,'40C1BEF2B6486B71A76B23593EE36E6E',2992,group getaway|group getaways|group holiday|holiday with friends|group trip
CONCEPTS,Holiday Type: Holidays by WXYZ,Location,E41B9EDDDACAE349A10EC0DB838D2CD8,2993,location|where it is|area|setting|hotel location
CONCEPTS,Holiday Type: Holidays by WXYZ,ROOMS,F2A1C60994D37DC2516ED0DB4F541840,2995,rooms|room types|accommodation|guest rooms
CONCEPTS,Holiday Type: Holidays by WXYZ,HOTELS,'79452B4638715149C069E05B847DCF84',3000,hotels|places to stay|hotel options|hotel selection
CONCEPTS,Holiday Type: Holidays by WXYZ,SERVICE,'1D531E9B99DD83010A14068DBD08E6E3',3001,service|hotel service|customer service|staff service
CONCEPTS,Holiday Type: Holidays by WXYZ,QUALITY MARK,AF5C7CF4ECD5E7EB84FD7635AA5A2135,3002,quality mark|quality badge|quality assured|quality certified
CONCEPTS,Holiday Type: Holidays by WXYZ,LUXURY TOUCHES,AE347DB0E0242C2CE23A03DD78C6B8CB,3003,luxury touches|luxury extras|luxury details|premium touches
CONCEPTS,Holiday Type: Holidays by WXYZ,LOCATIONS,'3DFE7168B36CC29211631ACAADA87CF8',3004,locations|destinations|places|where to go
CONCEPTS,Holiday Type: Holidays by WXYZ,SCENE - IRE,'6EE7F18C84B18660CD558A22EB66B9C5',3006,scene ireland|scene - ire|scene (ireland)
CONCEPTS,Holiday Type: Holidays by WXYZ,WHERE TO STAY,'9460B4E0487D5907153ED29BBF2B571D',3007,where to stay|places to stay|best places to stay|accommodation options
CONCEPTS,Holiday Type: Holidays by WXYZ,EXPERT REPS,'5D682D6DA18FA57D1CDC84DDD69B5AC9',3008,expert reps|holiday reps|resort reps|in-destination reps
CONCEPTS,Holiday Type: Holidays by WXYZ,EASY EXCURSIONS,F4A5B844FBD303E185531B330EC87542,3009,easy excursions|simple excursions|easy day trips|organised excursions
CONCEPTS,Holiday Type: Holidays by WXYZ,GOLD - IRE,'254B969F3E75B77CB389CF4F823DD5F9',3010,gold ireland|gold - ire|wxyz gold ireland
CONCEPTS,Holiday Type: Holidays by WXYZ,Dining,F6AC0461DEB618EE3440A29F97DA8BBE,3012,dining|restaurants|places to eat|food options
CONCEPTS,Holiday Type: Holidays by WXYZ,EXPERT SERVICE,BD7533F249B36CFCB9246A855100DC2F,3015,expert service|excellent service|top service|high-quality service
CONCEPTS,Holiday Type: Holidays by WXYZ,WXYZ MAGIC LIFE - FC,D1FE8B328473686515DC17BE82C436D9,3016,wxyz magic life|magic life fc|magic life - fc
CONCEPTS,Holiday Type: Holidays by WXYZ,Weddings by WXYZ,WEDTH,3017,weddings by wxyz|wxyz weddings|destination weddings by wxyz
CONCEPTS,Holiday Type: Holidays by WXYZ,Weddings by First Choice,WEDFC,3018,weddings by first choice|first choice weddings|first choice destination weddings
CONCEPTS,Holiday Type: Holidays by WXYZ,PLATINUM - IRE,'4939E4D01B4D93ACBCDE11F75BEC3C76',3019,platinum ireland|platinum - ire|wxyz platinum ireland
CONCEPTS,Holiday Type: Holidays by WXYZ,HIGH STANDARDS,'3264A1E867F86B677B3F6874B7107378',3020,high standards|high standard|top quality|premium quality
CONCEPTS,Holiday Type: Holidays by WXYZ,THE FINER THINGS,A2A229EF4A8F388096AC3DF552F8D327,3021,the finer things|luxury|upmarket|premium experience
CONCEPTS,Holiday Type: Holidays by WXYZ,Around The World,'739FFDEE30A7DB1CC68463B4832C276B',3022,around the world|world tour|multi-country trip|round the world
CONCEPTS,Holiday Type: Holidays by WXYZ,The best waterparks,D03E99C7472A9481B2F83B83815BF257,3023,best waterparks|top waterparks|waterpark holidays|hotels with waterparks
CONCEPTS,Holiday Type: Holidays by WXYZ,Make a splash,'779C048B47D77172D7A0D6E7289EEF26',3024,make a splash|water fun|splash park|splash pool
CONCEPTS,Holiday Type: Holidays by WXYZ,Kids clubs,'436F1A408F0260DC79F30C555813A2B5',3025,kids club|kids clubs|children's club|childrens club|kids activities club
CONCEPTS,Holiday Type: Holidays by WXYZ,FOOD AND DRINK,A81888FAA8E2E693505724A64709AD3F,3028,food and drink|food & drink|meals and drinks|dining and drinks
CONCEPTS,Holiday Type: Holidays by WXYZ,SOMETHING FOR EVERYONE,'1537C17773A29B8B33F976F6371AEB24',3029,something for everyone|for everyone|all ages|suits everyone
CONCEPTS,Holiday Type: Holidays by WXYZ,Daytime Activities,'9AF844C4317D9F747BBD9A80B92E86DF',3030,daytime activities|day activities|things to do in the day|daytime entertainment
CONCEPTS,Holiday Type: Holidays by WXYZ,Evening Entertainment,DDE9C07FFA8CC029FEFE59A0658D1B3B,3031,evening entertainment|night entertainment|evening shows|night-time entertainment
CONCEPTS,Holiday Type: Holidays by WXYZ,HV Clubs,'0EDABC9233CCD9A2DA6524B14AD77509',3032,hv clubs
CONCEPTS,Holiday Type: Holidays by WXYZ,For Adults,'949DA4DEDEFBE9956A30F676E0D4099D',3034,for adults|adults only|adult only|adults-only|grown ups only
CONCEPTS,Holiday Type: Holidays by WXYZ,RIU,RIU,3036,riu|riu hotels|riu resort
CONCEPTS,Holiday Type: Holidays by WXYZ,Crystal Ski Holidays,CRY,3037,crystal ski|crystal ski holidays|crystal ski holiday|ski holiday with crystal
CONCEPTS,Holiday Type: Holidays by WXYZ,EXPERT PLANNING,'3F8592238EA3AB962C7A0F5AFD45129A',3038,expert planning|holiday planning help|trip planning|planned for you
CONCEPTS,Holiday Type: Holidays by WXYZ,FAQS,B2B7F67846F5CCF72A0900BA04D05E6A,3039,faqs|faq|frequently asked questions|common questions
CONCEPTS,Holiday Type: Holidays by WXYZ,SPECIAL TOUCHES,'791071FE80B3EE43679E07660C64E235',3040,special touches|little extras|extra touches|special details
CONCEPTS,Holiday Type: Holidays by WXYZ,Q&A,CA6BB5BB8E65C07BC37205F7CDA382AE,3043,q&a|questions and answers|q and a
CONCEPTS,Holiday Type: Holidays by WXYZ,Special extras,'0C0D98FA333B4D23932302DAE00E9C0B',3044,special extras|extras|added extras|bonus extras
CONCEPTS,Holiday Type: Holidays by WXYZ,Top places to get married abroad,'59AFD8EA3A675E4AFB54AE3ACF0AEEB1',3045,best places to get married abroad|top destinations to get married|where to get married abroad|best destination wedding locations
CONCEPTS,Holiday Type: Holidays by WXYZ,Top tips,'181B64FD51E1B6AB1F361858D4439706',3046,top tips|best tips|travel tips|helpful tips
CONCEPTS,Holiday Type: Holidays by WXYZ,Wedding types,A458A4DBAC9AB02ECFF614499F724296,3047,wedding types|types of weddings|wedding styles|wedding options
CONCEPTS,Holiday Type: Holidays by WXYZ,DAYTIMES,FD3D8DF3E87BE824C46C390A46A8CEDD,3049,daytimes|daytime|during the day
CONCEPTS,Holiday Type: Holidays by WXYZ,AFTER DARK,CCA1D9B9796AB684F24D9801CB20BAAF,3050,after dark|at night|nightlife|evenings
CONCEPTS,Holiday Type: Holidays by WXYZ,FOR ALL,CE6CF6567536A52CB20FAE891CCFAA92,3053,for all|for everyone|all ages|suitable for all
CONCEPTS,Holiday Type: Holidays by WXYZ,FOR TWO,'20AE1606FAADC9B4FB944B119F89112B',3054,for two|couples|couples only|holiday for two|romantic for two
CONCEPTS,Holiday Type: Holidays by WXYZ,FOR FAMILIES,'05CFC21B28743C3E9BFDA68DB767F79E',3055,for families|family friendly|family-friendly|family holiday|good for families
CONCEPTS,Holiday Type: Holidays by WXYZ,Lapland SnowClub,LSN,3056,lapland snowclub|lapland snow club|snowclub lapland
CONCEPTS,Holiday Type: Holidays by WXYZ,Crystal Finest,FNE,3057,crystal finest|crystal ski finest|finest by crystal
CONCEPTS,Holiday Type: Holidays by WXYZ,HIGHLY RATED PLACES TO STAY,'0429841A9956F5BC6BF93751B53C3C62',3058,highly rated places to stay|top rated hotels|best rated accommodation|highly rated hotels
CONCEPTS,Holiday Type: Holidays by WXYZ,FIRST-RATE FACILITIES,CB6EC79B20A6BE7DCD81274BB39B77B6,3059,first-rate facilities|excellent facilities|top facilities|great facilities
CONCEPTS,Holiday Type: Holidays by WXYZ,ENDLESS ENTERTAINMENT,'8FDF4FB27382C8CD174F34776C3BA609',3060,endless entertainment|non-stop entertainment|lots of entertainment|entertainment all day
CONCEPTS,Holiday Type: Holidays by WXYZ,KIDS LOVE ROBINSON,'44BAF35456C61CF7D48F5E5CC20407FD',3061,kids love robinson|robinson for kids|robinson kid friendly
CONCEPTS,Holiday Type: Holidays by WXYZ,SUSTAINABILITY,'753706A48EDDD8B95FDA57A687D1CD51',3062,sustainability|sustainable travel|eco friendly|eco-friendly|green hotel
CONCEPTS,Holiday Type: Holidays by WXYZ,Family activities,'45C28690327AB76FB565F123C9D7222E',3063,family activities|activities for families|things to do with kids|family fun
CONCEPTS,Holiday Type: Holidays by WXYZ,SENSATORI,'2F70D48C6DD30CA4EB5F5167848FA8E9',3064,sensatori|wxyz sensatori|sensatori resort
CONCEPTS,Holiday Type: Holidays by WXYZ,ROSTER OF ROOMS,F40B96198359078A6A16E20223F3D988,3065,roster of rooms|room list|room options|room selection
CONCEPTS,Holiday Type: Holidays by WXYZ,Summit Collection,SCT,3066,summit collection|wxyz summit collection|summit hotels
PRICEPP,Price Per Person,"A numerical value that corresponds max price, e.g. 303956.34",max,3067,max price|maximum price|price max|up to price|max pp
PRICEPP,Price Per Person,"A numerical value that corresponds min price, e.g. 256.68",min,3068,min price|minimum price|price min|from price|min pp
WXYZRATING,WXYZ Rating,1 and over,1,3069,1+ rating|1 and up|at least 1|minimum 1
WXYZRATING,WXYZ Rating,2 and over,2,3070,2+ rating|2 and up|at least 2|minimum 2
WXYZRATING,WXYZ Rating,3 and over,3,3071,3+ rating|3 and up|at least 3|minimum 3
WXYZRATING,WXYZ Rating,4 and over,4,3072,4+ rating|4 and up|at least 4|minimum 4
WXYZRATING,WXYZ Rating,5 and over,5,3073,5+ rating|5 and up|at least 5|minimum 5
DEPARTUREAIRPORTS,Departure Points,Agadir,AGA,3074,agadir|agadir airport
DEPARTUREAIRPORTS,Departure Points,V. C. Bird International,ANU,3075,v c bird international airport|v. c. bird international|antigua airport|st john's antigua airport
DEPARTUREAIRPORTS,Departure Points,Adnan Menderes,ADB,3076,adnan menderes airport|izmir adnan menderes airport|izmir airport
DEPARTUREAIRPORTS,Departure Points,Malaga Costa del Sol,AGP,3077,malaga airport|málaga airport|malaga costa del sol airport|costa del sol airport
DEPARTUREAIRPORTS,Departure Points,Aberdeen,ABZ,3078,aberdeen airport|aberdeen
DEPARTUREAIRPORTS,Departure Points,Alicante,ALC,3079,alicante airport|alicante
DEPARTUREAIRPORTS,Departure Points,Lanzarote,ACE,3080,lanzarote airport|arrecife airport|lanzarote
DEPARTUREAIRPORTS,Departure Points,Aspen,ASE,3081,aspen airport|aspen
DEPARTUREAIRPORTS,Departure Points,Queen Alia International,AMM,3082,queen alia international airport|amman airport|queen alia airport
DEPARTUREAIRPORTS,Departure Points,Aqaba,AQJ,3083,aqaba airport|aqaba
DEPARTUREAIRPORTS,Departure Points,Athens International,ATH,3084,athens airport|athens international airport|eleftherios venizelos airport
DEPARTUREAIRPORTS,Departure Points,Queen Beatrix International,AUA,3085,queen beatrix international airport|aruba airport|queen beatrix airport
DEPARTUREAIRPORTS,Departure Points,Abu Dhabi International,AUH,3086,abu dhabi airport|abu dhabi international airport
DEPARTUREAIRPORTS,Departure Points,Amsterdam,AMS,3087,amsterdam airport|schiphol airport|amsterdam schiphol
DEPARTUREAIRPORTS,Departure Points,Hartsfield-Jackson Atlanta,ATL,3088,atlanta airport|hartsfield-jackson atlanta international airport|hartsfield-jackson airport
DEPARTUREAIRPORTS,Departure Points,Stockholm,ARN,3089,stockholm airport|stockholm arlanda airport|arlanda airport
DEPARTUREAIRPORTS,Departure Points,Antalya,AYT,3090,antalya airport|antalya
DEPARTUREAIRPORTS,Departure Points,Barcelona,BCN,3091,barcelona airport|barcelona el prat airport|el prat airport
DEPARTUREAIRPORTS,Departure Points,Brindisi Salento,BDS,3092,brindisi airport|brindisi salento airport|salento airport
DEPARTUREAIRPORTS,Departure Points,Belfast International,BFS,3093,belfast international airport|belfast intl airport|belfast international|belfast aldergrove airport|aldergrove airport
DEPARTUREAIRPORTS,Departure Points,Berlin Brandenburg,BER,3094,berlin brandenburg airport|berlin brandenburg|berlin airport brandenburg
DEPARTUREAIRPORTS,Departure Points,Birmingham,BHX,3095,birmingham airport|birmingham international airport|birmingham intl airport
DEPARTUREAIRPORTS,Departure Points,Bergen Flesland,BGO,3096,bergen airport|bergen flesland airport|bergen flesland|flesland airport
DEPARTUREAIRPORTS,Departure Points,Barbados,BGI,3097,barbados airport|barbados international airport|bridgetown airport|grantley adams international airport|grantley adams airport
DEPARTUREAIRPORTS,Departure Points,Milan Bergamo,BGY,3098,milan bergamo airport|bergamo airport|milan bergamo|bergamo orio al serio airport|orio al serio airport
DEPARTUREAIRPORTS,Departure Points,Belfast City,BHD,3099,belfast city airport|george best belfast city airport|belfast city|george best airport
DEPARTUREAIRPORTS,Departure Points,Bologna,BLQ,3100,bologna airport|bologna guglielmo marconi airport|guglielmo marconi airport|bologna marconi airport
DEPARTUREAIRPORTS,Departure Points,Bordeaux Merignac,BOD,3101,bordeaux airport|bordeaux merignac airport|bordeaux mérignac airport|merignac airport
DEPARTUREAIRPORTS,Departure Points,Bourgas,BOJ,3102,burgas airport|bourgas airport|burgas bulgaria airport
DEPARTUREAIRPORTS,Departure Points,Nashville,BNA,3103,nashville airport|nashville international airport
DEPARTUREAIRPORTS,Departure Points,Boston Logan International,BOS,3104,boston logan airport|logan airport|boston logan international airport|boston airport
DEPARTUREAIRPORTS,Departure Points,Biarritz,BIQ,3105,biarritz airport|biarritz pays basque airport|biarritz airport france
DEPARTUREAIRPORTS,Departure Points,Bangkok International,BKK,3106,bangkok airport|bangkok international airport|suvarnabhumi airport|bangkok suvarnabhumi airport
DEPARTUREAIRPORTS,Departure Points,Bournemouth,BOH,3107,bournemouth airport
DEPARTUREAIRPORTS,Departure Points,Milas Bodrum,BJV,3108,bodrum airport|milas bodrum airport|bodrum milas airport|milas–bodrum airport
DEPARTUREAIRPORTS,Departure Points,Bilbao,BIO,3109,bilbao airport|bilbao spain airport
DEPARTUREAIRPORTS,Departure Points,Banjul International Airport,BJL,3110,banjul airport|banjul international airport|banjul gambia airport
DEPARTUREAIRPORTS,Departure Points,Brussels,BRU,3111,brussels airport|brussels international airport|brussels zaventem airport|zaventem airport
DEPARTUREAIRPORTS,Departure Points,Bristol,BRS,3112,bristol airport
DEPARTUREAIRPORTS,Departure Points,Basel Mulhouse Freiburg,BSL,3113,euroairport basel mulhouse freiburg|basel mulhouse airport|basel airport|mulhouse airport|euroairport
DEPARTUREAIRPORTS,Departure Points,Budapest,BUD,3114,budapest airport|budapest ferenc liszt airport|ferenc liszt international airport
DEPARTUREAIRPORTS,Departure Points,Boa Vista,BVC,3115,boa vista airport|boa vista cape verde airport
DEPARTUREAIRPORTS,Departure Points,Cagliari Elmas,CAG,3116,cagliari airport|cagliari elmas airport|elmas airport|cagliari sardinia airport
DEPARTUREAIRPORTS,Departure Points,Paris Beauvais,BVA,3117,paris beauvais airport|beauvais airport|beauvais tille airport|paris beauvais
DEPARTUREAIRPORTS,Departure Points,Cologne Bonn,CGN,3118,cologne bonn airport|cologne airport|bonn airport|köln bonn airport
DEPARTUREAIRPORTS,Departure Points,Cairo International,CAI,3119,cairo airport|cairo international airport
DEPARTUREAIRPORTS,Departure Points,Corfu,CFU,3120,corfu airport|kerkyra airport|corfu greece airport
DEPARTUREAIRPORTS,Departure Points,Paris Charles de Gaulle,CDG,3121,charles de gaulle airport|paris charles de gaulle airport|roissy airport
DEPARTUREAIRPORTS,Departure Points,Rome Ciampino,CIA,3122,rome ciampino airport|ciampino airport|rome ciampino
DEPARTUREAIRPORTS,Departure Points,Chambéry,CMF,3123,chambery airport|chambéry airport|chambéry savoie airport|chambery savoie airport
DEPARTUREAIRPORTS,Departure Points,Colombo International,CMB,3124,colombo airport|colombo international airport|bandaranaike international airport|colombo bandaranaike airport
DEPARTUREAIRPORTS,Departure Points,Casablanca Mohammed V,CMN,3125,casablanca airport|mohammed v international airport|casablanca mohammed v airport
DEPARTUREAIRPORTS,Departure Points,Crete Chania,CHQ,3126,chania airport|crete chania airport|chania crete airport
DEPARTUREAIRPORTS,Departure Points,Cape Town International,CPT,3127,cape town airport|cape town international airport
DEPARTUREAIRPORTS,Departure Points,Copenhagen,CPH,3128,copenhagen airport|copenhagen kastrup airport|kastrup airport
DEPARTUREAIRPORTS,Departure Points,Brussels South Charleroi,CRL,3129,charleroi airport|brussels south charleroi airport|brussels charleroi airport
DEPARTUREAIRPORTS,Departure Points,Sicily Catania,CTA,3130,catania airport|catania sicily airport|catania fontanarossa airport|fontanarossa airport
DEPARTUREAIRPORTS,Departure Points,New Chitose,CTS,3131,new chitose airport|sapporo new chitose airport|new chitose
DEPARTUREAIRPORTS,Departure Points,Curacao International,CUR,3132,curacao airport|curaçao international airport|curacao international airport|hato international airport
DEPARTUREAIRPORTS,Departure Points,Cancun,CUN,3133,cancun airport|cancún airport|cancun international airport|cancún international airport
DEPARTUREAIRPORTS,Departure Points,Cardiff,CWL,3134,cardiff airport|cardiff wales airport
DEPARTUREAIRPORTS,Departure Points,Dubrovnik,DBV,3135,dubrovnik airport|dubrovnik croatia airport
DEPARTUREAIRPORTS,Departure Points,Blaise Diagne International,DSS,3136,blaise diagne international airport|dakar blaise diagne airport|dakar airport|diass airport
DEPARTUREAIRPORTS,Departure Points,Djerba Island,DJE,3137,djerba airport|djerba island airport|djerba tunisia airport
DEPARTUREAIRPORTS,Departure Points,Dalaman,DLM,3138,dalaman airport|dalaman turkey airport
DEPARTUREAIRPORTS,Departure Points,Dublin,DUB,3139,dublin airport|dublin ireland airport
DEPARTUREAIRPORTS,Departure Points,Indira Gandhi,DEL,3140,indira gandhi international airport|delhi airport|new delhi airport|delhi indira gandhi airport
DEPARTUREAIRPORTS,Departure Points,Ngurah Rai International,DPS,3141,bali airport|denpasar airport|ngurah rai international airport|denpasar ngurah rai airport
DEPARTUREAIRPORTS,Departure Points,Dusseldorf,DUS,3142,dusseldorf airport|düsseldorf airport|dusseldorf international airport
DEPARTUREAIRPORTS,Departure Points,Hamad International,DOH,3143,hamad international airport|doha airport|doha hamad airport
DEPARTUREAIRPORTS,Departure Points,Denver International,DEN,3144,denver airport|denver international airport
DEPARTUREAIRPORTS,Departure Points,Dubai International,DXB,3145,dubai international airport|dubai airport|dubai intl airport
DEPARTUREAIRPORTS,Departure Points,Kefalonia,EFL,3146,kefalonia airport|kefallonia airport|cephalonia airport|kefalonia greece airport
DEPARTUREAIRPORTS,Departure Points,Essaouira Mogador,ESU,3147,essaouira airport|essaouira mogador airport|mogador airport
DEPARTUREAIRPORTS,Departure Points,Dubai Al Maktoum,DWC,3148,al maktoum international airport|dubai al maktoum airport|dubai world central airport
DEPARTUREAIRPORTS,Departure Points,San Sebastian,EAS,3149,san sebastian airport|san sebastián airport|donostia airport|san sebastian spain airport
DEPARTUREAIRPORTS,Departure Points,Edinburgh,EDI,3150,edinburgh airport|edinburgh scotland airport
DEPARTUREAIRPORTS,Departure Points,East Midlands,EMA,3151,east midlands airport|nottingham east midlands airport|east mids airport
DEPARTUREAIRPORTS,Departure Points,Faro,FAO,3152,faro airport|faro portugal airport
DEPARTUREAIRPORTS,Departure Points,Newark Liberty International,EWR,3153,newark airport|newark liberty airport|newark liberty international airport
DEPARTUREAIRPORTS,Departure Points,Rome,FCO,3154,rome fiumicino airport|fiumicino airport|leonardo da vinci airport|rome leonardo da vinci airport
DEPARTUREAIRPORTS,Departure Points,Exeter,EXT,3155,exeter airport
DEPARTUREAIRPORTS,Departure Points,Fuerteventura,FUE,3156,fuerteventura airport|fuerteventura island airport
DEPARTUREAIRPORTS,Departure Points,Fes Saiss,FEZ,3157,fes airport|fez airport|fes saiss airport|fez saiss airport
DEPARTUREAIRPORTS,Departure Points,Genoa,GOA,3158,genoa airport|genova airport|genoa cristoforo colombo airport
DEPARTUREAIRPORTS,Departure Points,Manohar International Airport,GOX,3159,manohar international airport|goa manohar airport|mopa airport|goa mopa airport
DEPARTUREAIRPORTS,Departure Points,Frankfurt,FRA,3160,frankfurt airport|frankfurt am main airport|frankfurt international airport
DEPARTUREAIRPORTS,Departure Points,Madeira,FNC,3161,madeira airport|funchal airport|madeira funchal airport|cristiano ronaldo airport
DEPARTUREAIRPORTS,Departure Points,Florence,FLR,3162,florence airport|firenze airport|florence peretola airport|peretola airport
DEPARTUREAIRPORTS,Departure Points,Maurice Bishop,GND,3163,maurice bishop international airport|grenada airport|st george's grenada airport|maurice bishop airport
DEPARTUREAIRPORTS,Departure Points,Gdansk Lech Walesa,GDN,3164,gdansk airport|gdańsk airport|lech walesa airport|gdansk lech walesa airport
DEPARTUREAIRPORTS,Departure Points,Girona Costa Brava,GRO,3165,girona airport|girona costa brava airport|costa brava airport|girona barcelona airport
DEPARTUREAIRPORTS,Departure Points,Glasgow,GLA,3166,glasgow airport|glasgow scotland airport
DEPARTUREAIRPORTS,Departure Points,Rio de Janeiro,GIG,3167,rio de janeiro airport|galeao airport|galeão airport|rio galeao airport
DEPARTUREAIRPORTS,Departure Points,Gibraltar,GIB,3168,gibraltar airport|gibraltar international airport
DEPARTUREAIRPORTS,Departure Points,Geneva,GVA,3169,geneva airport|geneva cointrin airport|cointrin airport
DEPARTUREAIRPORTS,Departure Points,Hamburg,HAM,3170,hamburg airport|hamburg germany airport
DEPARTUREAIRPORTS,Departure Points,Crete Heraklion,HER,3171,heraklion airport|heraklion crete airport|crete heraklion airport
DEPARTUREAIRPORTS,Departure Points,Helsinki,HEL,3172,helsinki airport|helsinki vantaa airport|vantaa airport
DEPARTUREAIRPORTS,Departure Points,Granada,GRX,3173,granada airport|granada spain airport
DEPARTUREAIRPORTS,Departure Points,Humberside,HUY,3174,humberside airport
DEPARTUREAIRPORTS,Departure Points,Washington Dulles International,IAD,3175,washington dulles airport|dulles airport|washington dulles international airport
DEPARTUREAIRPORTS,Departure Points,Phuket,HKT,3176,phuket airport|phuket international airport
DEPARTUREAIRPORTS,Departure Points,Tokya Haneda,HND,3177,tokyo haneda airport|haneda airport|tokyo international airport
DEPARTUREAIRPORTS,Departure Points,Hurghada,HRG,3178,hurghada airport|hurghada international airport
DEPARTUREAIRPORTS,Departure Points,Innsbruck,INN,3179,innsbruck airport|innsbruck austria airport
DEPARTUREAIRPORTS,Departure Points,Inverness,INV,3180,inverness airport|inverness scotland airport
DEPARTUREAIRPORTS,Departure Points,Ibiza,IBZ,3181,ibiza airport|ibiza island airport
DEPARTUREAIRPORTS,Departure Points,Istanbul,IST,3182,istanbul airport|istanbul international airport
DEPARTUREAIRPORTS,Departure Points,Jersey,JER,3183,jersey airport|jersey channel islands airport
DEPARTUREAIRPORTS,Departure Points,Ivalo,IVL,3184,ivalo airport|ivalo finland airport
DEPARTUREAIRPORTS,Departure Points,John F. Kennedy International,JFK,3185,john f kennedy airport|john f. kennedy international airport
DEPARTUREAIRPORTS,Departure Points,Mykonos,JMK,3186,mykonos airport|mykonos greece airport
DEPARTUREAIRPORTS,Departure Points,OR Tambo International,JNB,3187,o. r. tambo airport|johannesburg airport
DEPARTUREAIRPORTS,Departure Points,Kajaani,KAJ,3188,kajaani airport|kajaani finland airport
DEPARTUREAIRPORTS,Departure Points,Santorini,JTR,3189,santorini airport|thira airport|santorini thira airport
DEPARTUREAIRPORTS,Departure Points,Skiathos,JSI,3190,skiathos airport|skiathos greece airport
DEPARTUREAIRPORTS,Departure Points,Kuusamo,KAO,3191,kuusamo airport|kuusamo finland airport
DEPARTUREAIRPORTS,Departure Points,Kos,KGS,3192,kos airport|kos greece airport
DEPARTUREAIRPORTS,Departure Points,Keflavik International,KEF,3193,keflavik airport|keflavik international airport|reykjavik keflavik airport|iceland keflavik airport
DEPARTUREAIRPORTS,Departure Points,Kalamata International,KLX,3194,kalamata airport|kalamata international airport|kalamata greece airport
DEPARTUREAIRPORTS,Departure Points,Kuala Lumpur International,KUL,3195,kuala lumpur airport|kuala lumpur international airport
DEPARTUREAIRPORTS,Departure Points,Kittila,KTT,3196,kittila airport|kittilä airport|kittila finland airport
DEPARTUREAIRPORTS,Departure Points,Krakow John Paul II International,KRK,3197,krakow airport|kraków airport|krakow balice airport|balice airport
DEPARTUREAIRPORTS,Departure Points,McCarran International,LAS,3198,las vegas airport|mccarran international airport|mccarran airport
DEPARTUREAIRPORTS,Departure Points,Los Angeles International,LAX,3199,los angeles international airport|los angeles airport
DEPARTUREAIRPORTS,Departure Points,Kavala,KVA,3200,kavala airport|kavala greece airport
DEPARTUREAIRPORTS,Departure Points,Leeds Bradford,LBA,3201,leeds bradford airport|leeds airport|bradford airport|leeds/bradford airport
DEPARTUREAIRPORTS,Departure Points,Almeria,LEI,3202,almeria airport|almería airport|almeria spain airport
DEPARTUREAIRPORTS,Departure Points,London City,LCY,3203,london city airport|london city
DEPARTUREAIRPORTS,Departure Points,Larnaca,LCA,3204,larnaca airport|larnaca cyprus airport
DEPARTUREAIRPORTS,Departure Points,A Coruna,LCG,3205,a coruna airport|a coruña airport|la coruna airport|la coruña airport
DEPARTUREAIRPORTS,Departure Points,London Heathrow,LHR,3206,heathrow airport|london heathrow airport|london heathrow
DEPARTUREAIRPORTS,Departure Points,Jorge Chavez International,LIM,3207,lima airport|jorge chavez international airport|jorge chávez international airport|lima jorge chavez airport
DEPARTUREAIRPORTS,Departure Points,London Gatwick,LGW,3208,gatwick airport|london gatwick airport|london gatwick
DEPARTUREAIRPORTS,Departure Points,Lombok International,LOP,3209,lombok airport|lombok international airport|praya lombok airport
DEPARTUREAIRPORTS,Departure Points,Lisbon,LIS,3210,lisbon airport|lisbon humberto delgado airport|humberto delgado airport
DEPARTUREAIRPORTS,Departure Points,Liberia,LIR,3211,liberia costa rica airport|liberia airport|daniel oduber airport|guanacaste airport
DEPARTUREAIRPORTS,Departure Points,Ljubljana,LJU,3212,ljubljana airport|ljubljana joze pucnik airport|jože pučnik airport
DEPARTUREAIRPORTS,Departure Points,Milan Linate,LIN,3213,milan linate airport|linate airport|milan city airport
DEPARTUREAIRPORTS,Departure Points,London Luton,LTN,3214,luton airport|london luton airport|london luton
DEPARTUREAIRPORTS,Departure Points,Liverpool John Lennon,LPL,3215,liverpool airport|liverpool john lennon airport|john lennon airport liverpool
DEPARTUREAIRPORTS,Departure Points,La Romana,LRM,3216,la romana airport|la romana dominican republic airport
DEPARTUREAIRPORTS,Departure Points,Gran Canaria,LPA,3217,gran canaria airport|las palmas airport|las palmas gran canaria airport
DEPARTUREAIRPORTS,Departure Points,Lyon Saint Exupery,LYS,3218,lyon airport|lyon saint exupery airport|lyon saint-exupéry airport|saint exupery airport
DEPARTUREAIRPORTS,Departure Points,Luxor,LXR,3219,luxor airport|luxor international airport
DEPARTUREAIRPORTS,Departure Points,Luxembourg,LUX,3220,luxembourg airport|luxembourg findel airport|findel airport
DEPARTUREAIRPORTS,Departure Points,Manchester,MAN,3221,manchester airport
DEPARTUREAIRPORTS,Departure Points,Menorca,MAH,3222,menorca airport|mahon airport|mahón airport|menorca island airport
DEPARTUREAIRPORTS,Departure Points,Madrid-Barajas,MAD,3223,madrid airport|madrid barajas airport|adolfo suarez madrid barajas airport|madrid–barajas airport
DEPARTUREAIRPORTS,Departure Points,Muscat International,MCT,3224,muscat airport|muscat international airport
DEPARTUREAIRPORTS,Departure Points,Mombasa,MBA,3225,mombasa airport|mombasa kenya airport|moi international airport
DEPARTUREAIRPORTS,Departure Points,Montego Bay,MBJ,3226,montego bay airport|sangster international airport|montego bay jamaica airport
DEPARTUREAIRPORTS,Departure Points,Orlando International,MCO,3227,orlando airport|orlando international airport
DEPARTUREAIRPORTS,Departure Points,Mexico City International,MEX,3228,mexico city airport|mexico city international airport|benito juarez international airport|mexico city benito juarez airport
DEPARTUREAIRPORTS,Departure Points,Melbourne Orlando International,MLB,3229,melbourne orlando international airport|melbourne florida airport
DEPARTUREAIRPORTS,Departure Points,Malta,MLA,3230,malta airport|malta international airport|luqa airport
DEPARTUREAIRPORTS,Departure Points,Miami International,MIA,3231,miami airport|miami international airport
DEPARTUREAIRPORTS,Departure Points,Teesside International,MME,3232,teesside airport|teesside international airport|durham tees valley airport|tees valley airport
DEPARTUREAIRPORTS,Departure Points,Male,MLE,3233,male airport|malé airport|velana international airport|maldives airport
DEPARTUREAIRPORTS,Departure Points,Montpellier Mediterranee,MPL,3234,montpellier airport|montpellier mediterranee airport|montpellier méditerranée airport
DEPARTUREAIRPORTS,Departure Points,Mauritius,MRU,3235,mauritius airport|sir seewoosagur ramgoolam international airport|mauritius international airport
DEPARTUREAIRPORTS,Departure Points,Naples,NAP,3236,naples airport|napoli airport|naples capodichino airport|capodichino airport
DEPARTUREAIRPORTS,Departure Points,Marseille Provence,MRS,3237,marseille airport|marseille provence airport|marignane airport
DEPARTUREAIRPORTS,Departure Points,Munich,MUC,3238,munich airport|münchen airport|munich franz josef strauss airport
DEPARTUREAIRPORTS,Departure Points,Milan Malpensa,MXP,3239,milan malpensa airport|malpensa airport
DEPARTUREAIRPORTS,Departure Points,Louis Armstrong New Orleans International,MSY,3240,new orleans airport|louis armstrong new orleans international airport|louis armstrong airport|new orleans international airport
DEPARTUREAIRPORTS,Departure Points,Nassau International,NAS,3241,nassau airport|nassau international airport|lynden pindling international airport
DEPARTUREAIRPORTS,Departure Points,Jomo Kenyatta International,NBO,3242,nairobi airport|jomo kenyatta international airport|nairobi jomo kenyatta airport
DEPARTUREAIRPORTS,Departure Points,Enfidha Hammamet,NBE,3243,enfidha|enfidha airport|enfidha hammamet airport|hammamet enfidha airport|enfidha-hammamet
DEPARTUREAIRPORTS,Departure Points,Norwich,NWI,3244,norwich|norwich airport
DEPARTUREAIRPORTS,Departure Points,Ireland West,NOC,3245,ireland west|ireland west airport|knock airport|ireland west knock airport|knock
DEPARTUREAIRPORTS,Departure Points,Nuremberg,NUE,3246,nuremberg|nuremberg airport|nuernberg airport|nurnberg airport
DEPARTUREAIRPORTS,Departure Points,Nice Cote DAzur,NCE,3247,nice|nice airport|nice côte d'azur|nice cote d azur|cote d azur airport
DEPARTUREAIRPORTS,Departure Points,Tokyo Narita,NRT,3248,narita|narita airport|tokyo narita|tokyo narita airport
DEPARTUREAIRPORTS,Departure Points,OHare International,ORD,3249,o'hare|ohare|o'hare airport|chicago o'hare|chicago ohare airport
DEPARTUREAIRPORTS,Departure Points,Newcastle,NCL,3250,newcastle|newcastle airport|newcastle upon tyne airport
DEPARTUREAIRPORTS,Departure Points,Porto,OPO,3251,porto|porto airport|porto portugal airport
DEPARTUREAIRPORTS,Departure Points,Ohrid St Paul The Apostle,OHD,3252,ohrid|ohrid airport|st paul the apostle airport|ohrid st paul the apostle
DEPARTUREAIRPORTS,Departure Points,Olbia,OLB,3253,olbia|olbia airport|olbia costa smeralda|costa smeralda airport
DEPARTUREAIRPORTS,Departure Points,Oslo,OSL,3254,oslo|oslo airport|oslo gardermoen|gardermoen airport
DEPARTUREAIRPORTS,Departure Points,Perugia,PEG,3255,perugia|perugia airport|perugia san francesco d'assisi|san francesco d'assisi airport
DEPARTUREAIRPORTS,Departure Points,Prague,PRG,3256,prague|prague airport|václav havel airport prague|vaclav havel airport
DEPARTUREAIRPORTS,Departure Points,Pisa,PSA,3257,pisa|pisa airport|galileo galilei airport|pisa galileo galilei
DEPARTUREAIRPORTS,Departure Points,Paphos,PFO,3258,paphos|paphos airport
DEPARTUREAIRPORTS,Departure Points,Bucharest,OTP,3259,bucharest|bucharest airport|otopeni airport|bucharest otopeni
DEPARTUREAIRPORTS,Departure Points,Palma de Mallorca,PMI,3260,palma de mallorca|palma mallorca|palma airport|mallorca palma airport
DEPARTUREAIRPORTS,Departure Points,Cork,ORK,3261,cork|cork airport
DEPARTUREAIRPORTS,Departure Points,Palermo,PMO,3262,palermo|palermo airport|falcone borsellino airport|palermo falcone borsellino
DEPARTUREAIRPORTS,Departure Points,Praslin Island,PRI,3263,praslin|praslin island|praslin airport
DEPARTUREAIRPORTS,Departure Points,Beijing Capital International,PEK,3264,beijing capital|beijing capital airport|beijing airport (capital)|beijing capital international
DEPARTUREAIRPORTS,Departure Points,Paris Orly,ORY,3265,paris orly|orly|orly airport|paris orly airport
DEPARTUREAIRPORTS,Departure Points,Preveza Lefkas,PVK,3266,preveza|preveza airport|lefkas airport|preveza lefkada|preveza aktion
DEPARTUREAIRPORTS,Departure Points,Punta Cana,PUJ,3267,punta cana|punta cana airport
DEPARTUREAIRPORTS,Departure Points,Rabat Sale,RBA,3268,rabat|rabat airport|rabat-salé|rabat sale airport|sale airport (rabat)
DEPARTUREAIRPORTS,Departure Points,Marrakech,RAK,3269,marrakech|marrakesh|marrakech airport|marrakesh airport
DEPARTUREAIRPORTS,Departure Points,Puerto Vallarta,PVR,3270,puerto vallarta|puerto vallarta airport
DEPARTUREAIRPORTS,Departure Points,Reus,REU,3271,reus|reus airport|reus (costa dorada) airport
DEPARTUREAIRPORTS,Departure Points,Pula,PUY,3272,pula|pula airport
DEPARTUREAIRPORTS,Departure Points,Ras Al Khaimah International,RKT,3273,ras al khaimah|ras al khaimah airport|ras al khaimah international
DEPARTUREAIRPORTS,Departure Points,Riga International,RIX,3274,riga|riga airport|riga international
DEPARTUREAIRPORTS,Departure Points,Rijeka,RJK,3275,rijeka|rijeka airport
DEPARTUREAIRPORTS,Departure Points,Rhodes,RHO,3276,rhodes|rhodes airport
DEPARTUREAIRPORTS,Departure Points,Marsa Alam,RMF,3277,marsa alam|marsa alam airport|marsa alam intl airport
DEPARTUREAIRPORTS,Departure Points,Rovaniemi,RVN,3278,rovaniemi|rovaniemi airport
DEPARTUREAIRPORTS,Departure Points,Santiago-Rosalia,SCQ,3279,santiago de compostela|santiago airport|santiago de compostela airport
DEPARTUREAIRPORTS,Departure Points,Murcia International,RMU,3280,murcia|murcia airport|murcia international|murcia corvera|corvera airport
DEPARTUREAIRPORTS,Departure Points,Salen Trysil,SCR,3281,sälen|salen|sälen trysil|salen trysil airport|scandinavian mountains airport
DEPARTUREAIRPORTS,Departure Points,Seattle-Tacoma International,SEA,3282,seattle-tacoma|seattle tacoma airport|seatac|seatac airport|seattle airport
DEPARTUREAIRPORTS,Departure Points,Las America International,SDQ,3283,las américas|las americas airport|santo domingo airport|santo domingo las americas
DEPARTUREAIRPORTS,Departure Points,London Southend,SEN,3284,london southend|southend airport|london southend airport
DEPARTUREAIRPORTS,Departure Points,San Francisco International,SFO,3285,san francisco|san francisco airport|san francisco international
DEPARTUREAIRPORTS,Departure Points,Seychelles International,SEZ,3286,seychelles international|seychelles airport|mahé airport|mahe airport
DEPARTUREAIRPORTS,Departure Points,Tan Son Nhat International,SGN,3287,tan son nhat|tan son nhat airport|ho chi minh city airport|saigon airport
DEPARTUREAIRPORTS,Departure Points,Juan Santamaria,SJO,3288,juan santamaría|juan santamaria airport|san jose costa rica airport|san josé (costa rica) airport
DEPARTUREAIRPORTS,Departure Points,Thessaloniki,SKG,3289,thessaloniki|thessaloniki airport|salonika|salonika airport
DEPARTUREAIRPORTS,Departure Points,Sal,SID,3290,sal|sal island|sal airport|sal cape verde
DEPARTUREAIRPORTS,Departure Points,Sofia,SOF,3291,sofia|sofia airport
DEPARTUREAIRPORTS,Departure Points,Samos,SMI,3292,samos|samos airport
DEPARTUREAIRPORTS,Departure Points,La Palma,SPC,3293,la palma|la palma airport|santa cruz de la palma airport
DEPARTUREAIRPORTS,Departure Points,Singapore Changi,SIN,3294,changi|changi airport|singapore changi|singapore airport (changi)
DEPARTUREAIRPORTS,Departure Points,Sharm El Sheikh,SSH,3295,sharm el sheikh|sharm el-sheikh|sharm airport|sharm el sheikh airport
DEPARTUREAIRPORTS,Departure Points,Split,SPU,3296,split|split airport
DEPARTUREAIRPORTS,Departure Points,Southampton,SOU,3297,southampton|southampton airport
DEPARTUREAIRPORTS,Departure Points,Stuttgart,STR,3298,stuttgart|stuttgart airport
DEPARTUREAIRPORTS,Departure Points,Shannon,SNN,3299,shannon|shannon airport
DEPARTUREAIRPORTS,Departure Points,London Stansted,STN,3300,london stansted|stansted|stansted airport|london stansted airport
DEPARTUREAIRPORTS,Departure Points,Lamezia Terme,SUF,3301,lamezia terme|lamezia|lamezia terme airport
DEPARTUREAIRPORTS,Departure Points,Seville,SVQ,3302,seville|sevilla|seville airport|sevilla airport
DEPARTUREAIRPORTS,Departure Points,Strasbourg,SXB,3303,strasbourg|strasbourg airport
DEPARTUREAIRPORTS,Departure Points,Arthur Napoleon Raymond Robinson International,TAB,3304,tobago airport|tobago|crown point airport
DEPARTUREAIRPORTS,Departure Points,Taba,TCP,3305,taba|taba airport
DEPARTUREAIRPORTS,Departure Points,Tenerife South,TFS,3306,tenerife south|tenerife south airport|tenerife sur|reina sofia airport
DEPARTUREAIRPORTS,Departure Points,Tivat,TIV,3307,tivat|tivat airport
DEPARTUREAIRPORTS,Departure Points,Salzburg,SZG,3308,salzburg|salzburg airport|w. a. mozart airport|mozart airport salzburg
DEPARTUREAIRPORTS,Departure Points,Tirana International,TIA,3309,tirana|tirana airport|tirana international|mother teresa airport
DEPARTUREAIRPORTS,Departure Points,Tallinn,TLL,3310,tallinn|tallinn airport
DEPARTUREAIRPORTS,Departure Points,Toulouse-Blagnac,TLS,3311,toulouse|toulouse airport|toulouse blagnac|blagnac airport
DEPARTUREAIRPORTS,Departure Points,Tromso,TOS,3312,tromsø|tromso|tromso airport|tromsø airport
DEPARTUREAIRPORTS,Departure Points,Treviso,TSF,3313,treviso|treviso airport|venice treviso airport
DEPARTUREAIRPORTS,Departure Points,Tangier Ibn Battouta,TNG,3314,tangier|tangier airport|tangier ibn battouta|ibn battouta airport
DEPARTUREAIRPORTS,Departure Points,Turin,TRN,3315,turin|turin airport|torino|torino airport
DEPARTUREAIRPORTS,Departure Points,Hewanorra International,UVF,3316,hewanorra|hewanorra airport|st lucia hewanorra|saint lucia hewanorra airport
DEPARTUREAIRPORTS,Departure Points,Varna,VAR,3317,varna|varna airport
DEPARTUREAIRPORTS,Departure Points,Vilnius International,VNO,3318,vilnius|vilnius airport|vilnius international
DEPARTUREAIRPORTS,Departure Points,Venice,VCE,3319,venice|venice airport|venice marco polo|marco polo airport
DEPARTUREAIRPORTS,Departure Points,Vienna,VIE,3320,vienna|vienna airport|vienna international
DEPARTUREAIRPORTS,Departure Points,Valencia,VLC,3321,valencia|valencia airport
DEPARTUREAIRPORTS,Departure Points,Verona,VRN,3322,verona|verona airport|verona villafranca|villafranca airport
DEPARTUREAIRPORTS,Departure Points,Samui International,USM,3323,koh samui|ko samui|samui airport|koh samui airport
DEPARTUREAIRPORTS,Departure Points,Warsaw Choprin,WAW,3324,warsaw|warsaw airport|warsaw chopin|chopin airport
DEPARTUREAIRPORTS,Departure Points,Halifax Stanfield International,YHZ,3325,halifax|halifax airport|halifax stanfield|stanfield airport halifax
DEPARTUREAIRPORTS,Departure Points,Montreal,YUL,3326,montreal|montréal|montreal airport|montréal airport|trudeau airport
DEPARTUREAIRPORTS,Departure Points,Jerez,XRY,3327,jerez|jerez airport|jerez de la frontera|jerez de la frontera airport
DEPARTUREAIRPORTS,Departure Points,Vancouver International,YVR,3328,vancouver|vancouver airport|vancouver international
DEPARTUREAIRPORTS,Departure Points,Toronto Pearson International,YYZ,3329,toronto pearson|pearson airport|toronto airport (pearson)|toronto pearson international
DEPARTUREAIRPORTS,Departure Points,Zagreb Franjo Tudman,ZAG,3330,zagreb|zagreb airport|franjo tuđman airport|franjo tudman airport
DEPARTUREAIRPORTS,Departure Points,Calgary International,YYC,3331,calgary|calgary airport|calgary international
DEPARTUREAIRPORTS,Departure Points,Abeid Amani Karume International,ZNZ,3332,zanzibar|zanzibar airport|abeid amani karume|zanzibar international
DEPARTUREAIRPORTS,Departure Points,Zurich,ZRH,3333,zurich|zürich|zurich airport|zürich airport
DEPARTUREAIRPORTS,Departure Points,Zante,ZTH,3334,zante|zakynthos|zante airport|zakynthos airport
DEPARTUREAIRPORTS,Departure Points,Sharjah Intl. Airport,SHJ,3335,sharjah|sharjah airport|sharjah international
DEPARTUREAIRPORTS,Departure Points,Fujairah Intl. Airport,FJR,3336,fujairah|fujairah airport|fujairah international
DEPARTUREAIRPORTS,Departure Points,Jardines del Rey Apt,CCC,3337,jardines del rey|jardines del rey airport|cayo coco airport|cayo coco
DEPARTUREAIRPORTS,Departure Points,Juan G. Gomez Airport,VRA,3338,juan g. gómez|juan g gomez airport|varadero airport|varadero
DEPARTUREAIRPORTS,Departure Points,Frank Pais Airport,HOG,3339,frank país airport|frank pais airport|holguin airport|holguín airport|holguin
DEPARTUREAIRPORTS,Departure Points,Jose Marti Airport,HVA,3340,
DEPARTUREAIRPORTS,Departure Points,Abel S.Maria Airport,SNU,3341,abel santamaría airport|abel santamaria airport|santa clara cuba airport|santa clara airport (cuba)
DEPARTUREAIRPORTS,Departure Points,El Catey Airport,AZS,3342,el catey|el catey airport|samaná airport|samana airport
DEPARTUREAIRPORTS,Departure Points,La Union Airport,POP,3343,puerto plata airport|puerto plata|gregorio luperón airport|gregorio luperon airport
DEPARTUREAIRPORTS,Departure Points,Dabolim Airport,GOI,3344,dabolim|dabolim airport|goa airport|goa dabolim airport
DEPARTUREAIRPORTS,Departure Points,Cozumel Intl Airport,CZM,3345,cozumel|cozumel airport|cozumel international
DEPARTUREAIRPORTS,Departure Points,Lambert-St Louis,STL,3346,st louis lambert|lambert st louis airport|st louis airport|lambert airport
DEPARTUREAIRPORTS,Departure Points,Mississipp Airport,JAN,3347,jackson mississippi airport|jackson airport (mississippi)
DEPARTUREAIRPORTS,Departure Points,Minneapolis Airport,MSP,3348,minneapolis airport|minneapolis–saint paul airport|minneapolis st paul airport
DEPARTUREAIRPORTS,Departure Points,Detroit Airport,DTW,3349,detroit airport|detroit metro airport|detroit metropolitan airport
DEPARTUREAIRPORTS,Departure Points,Baltimore Washington Airport,BWI,3350,baltimore airport|baltimore washington airport|baltimore-washington airport
DEPARTUREAIRPORTS,Departure Points,Bangor International,BGR,3351,bangor airport|bangor international airport|bangor maine airport
DEPARTUREAIRPORTS,Departure Points,Alburquerque International,ABQ,3352,albuquerque airport|albuquerque international airport|albuquerque
DEPARTUREAIRPORTS,Departure Points,New Hampshire Airport,MHT,3353,manchester new hampshire airport
DEPARTUREAIRPORTS,Departure Points,Reno/Tahoe International Airport,RNO,3354,reno airport|reno tahoe airport|reno/tahoe airport
DEPARTUREAIRPORTS,Departure Points,Appley Airfield,OMA,3355,
DEPARTUREAIRPORTS,Departure Points,Montana Airport,BIL,3356,billings airport|billings montana airport|billings
DEPARTUREAIRPORTS,Departure Points,Standiford Field,SDF,3357,louisville airport|louisville international airport|standiford field airport|louisville standiford field
DEPARTUREAIRPORTS,Departure Points,Wyoming Airport,JAC,3358,jackson hole airport|jackson hole|jackson wyoming airport
DEPARTUREAIRPORTS,Departure Points,General Mitchell,MKE,3359,milwaukee airport|general mitchell airport|milwaukee general mitchell
DEPARTUREAIRPORTS,Departure Points,West Virgina Airport,CRW,3360,charleston west virginia airport|yeager airport
DEPARTUREAIRPORTS,Departure Points,Tampa International,TPA,3361,tampa airport|tampa international airport|tampa international
DEPARTUREAIRPORTS,Departure Points,Southwest Florida,RSW,3362,southwest florida airport|fort myers airport|fort myers southwest florida airport
DEPARTUREAIRPORTS,Departure Points,Fort Lauderdale International,FLL,3363,fort lauderdale airport|fort lauderdale international airport|ft lauderdale airport
DEPARTUREAIRPORTS,Departure Points,Harford Bradley International,BDL,3364,hartford bradley airport|bradley international airport|hartford airport (bradley)
DEPARTUREAIRPORTS,Departure Points,San Jose Airport,SJC,3365,san jose california airport|san jose airport (california)
DEPARTUREAIRPORTS,Departure Points,San Diego Airport,SAN,3366,san diego airport|san diego international airport|lindbergh field
DEPARTUREAIRPORTS,Departure Points,Sacramento Airport,SMF,3367,sacramento airport|sacramento international airport
DEPARTUREAIRPORTS,Departure Points,Arkansas Airport,LIT,3368,little rock airport|little rock arkansas airport|little rock
DEPARTUREAIRPORTS,Departure Points,Phoenix Airport,PHX,3369,phoenix airport|phoenix sky harbor|sky harbor airport
DEPARTUREAIRPORTS,Departure Points,Birmingham Shuttlesworth Airport,BHM,3370,birmingham alabama airport|birmingham shuttlesworth airport
DEPARTUREAIRPORTS,Departure Points,Anchorage Airport,ANC,3371,anchorage airport|anchorage international airport|ted stevens anchorage airport
DEPARTUREAIRPORTS,Departure Points,Orlando Sanford Airport,SFB,3372,orlando sanford|sanford airport|orlando sanford airport
DEPARTUREAIRPORTS,Departure Points,Washington Airport,GEG,3373,spokane airport|spokane washington airport|spokane international airport
DEPARTUREAIRPORTS,Departure Points,Virginia Airport,ORF,3374,norfolk airport|norfolk virginia airport|norfolk international airport
DEPARTUREAIRPORTS,Departure Points,Richmond Airport,RIC,3375,richmond airport|richmond virginia airport|richmond international airport
DEPARTUREAIRPORTS,Departure Points,Vermont Airport,BTV,3376,burlington vermont airport|burlington airport (vermont)
DEPARTUREAIRPORTS,Departure Points,Salt Lake City Airport,SLC,3377,salt lake city airport|salt lake airport
DEPARTUREAIRPORTS,Departure Points,San Antonio Airport,SAT,3378,san antonio airport|san antonio international airport
DEPARTUREAIRPORTS,Departure Points,Houston Airport,IAH,3379,houston airport (intercontinental)|houston george bush airport|george bush intercontinental
DEPARTUREAIRPORTS,Departure Points,Iowa Airport,BRL,3380,
DEPARTUREAIRPORTS,Departure Points,Indianapolis International,IND,3381,indianapolis airport|indianapolis international airport|indy airport
DEPARTUREAIRPORTS,Departure Points,Chicago Airport,MDW,3382,chicago midway|midway airport|chicago midway airport
DEPARTUREAIRPORTS,Departure Points,Fort Worth International,DFW,3383,dallas fort worth airport|dallas–fort worth airport
DEPARTUREAIRPORTS,Departure Points,Texas Airport,AUS,3384,austin airport|austin texas airport|austin bergstrom|austin-bergstrom airport
DEPARTUREAIRPORTS,Departure Points,Memphis International,MEM,3385,memphis airport|memphis international airport
DEPARTUREAIRPORTS,Departure Points,South Dakota Airport,RAP,3386,rapid city airport|rapid city south dakota airport|rapid city regional airport
DEPARTUREAIRPORTS,Departure Points,South Carolina,CHS,3387,charleston south carolina airport
DEPARTUREAIRPORTS,Departure Points,Theodore Francis,PVD,3388,providence airport|providence rhode island airport|t. f. green airport
DEPARTUREAIRPORTS,Departure Points,Philadelphia International,PHL,3389,philadelphia airport|philadelphia international airport|philly airport
DEPARTUREAIRPORTS,Departure Points,Pittsburg International Airport,PIT,3390,pittsburgh airport|pittsburgh international airport
DEPARTUREAIRPORTS,Departure Points,Portland International Airport,PDX,3391,portland oregon airport|portland international airport (oregon)
DEPARTUREAIRPORTS,Departure Points,Tulsa International,TUL,3392,tulsa airport|tulsa international airport
DEPARTUREAIRPORTS,Departure Points,Hopkins International,CLE,3393,cleveland hopkins|cleveland hopkins airport|hopkins international airport|cleveland airport|depart from cleveland
DEPARTUREAIRPORTS,Departure Points,Port Columbus International,CMH,3394,port columbus|port columbus airport|columbus airport|columbus ohio airport|depart from columbus
DEPARTUREAIRPORTS,Departure Points,Cincinnati International Airport,CVG,3395,cincinnati airport|cincinnati/northern kentucky airport|cincinnati northern kentucky airport|depart from cincinnati
DEPARTUREAIRPORTS,Departure Points,North Dakota Airport,BIS,3396,
DEPARTUREAIRPORTS,Departure Points,North Carolina,RDU,3397,raleigh-durham airport|raleigh durham airport|depart from raleigh|depart from durham
DEPARTUREAIRPORTS,Departure Points,North Carolina Airport,CLT,3398,charlotte airport|charlotte douglas|charlotte douglas airport|depart from charlotte
DEPARTUREAIRPORTS,Departure Points,New York Airport,LGA,3399,laguardia airport|new york laguardia|la guardia airport|depart from laguardia
DEPARTUREAIRPORTS,Departure Points,Boise Airport,BOI,3400,boise airport|boise airport idaho|depart from boise
DEPARTUREAIRPORTS,Departure Points,Hawaii Island Airport,ITO,3401,hilo airport|hilo international airport|depart from hilo|big island hilo airport
DEPARTUREAIRPORTS,Departure Points,Hawaii Airport,OGG,3403,maui airport|kahului airport|kahului airport maui|depart from maui|depart from kahului
DEPARTUREAIRPORTS,Departure Points,Kauai Island,LIH,3405,kauai airport|lihue airport|lihue airport kauai|depart from kauai|depart from lihue
DEPARTUREAIRPORTS,Departure Points,Honolulu International,HNL,3406,honolulu airport|honolulu international airport|daniel k. inouye international airport|depart from honolulu
DEPARTUREAIRPORTS,Departure Points,Friedrichshafen Airport,FDH,3407,friedrichshafen airport|bodensee airport|lake constance airport|depart from friedrichshafen
DEPARTUREAIRPORTS,Departure Points,Buenos Aires Airport,EZE,3408,buenos aires airport|ezeiza airport|ministro pistarini international airport|depart from buenos aires ezeiza
DEPARTUREAIRPORTS,Departure Points,Grand Bahama International,FPO,3409,grand bahama airport|freeport bahamas airport|grand bahama international airport|depart from freeport bahamas
DEPARTUREAIRPORTS,Departure Points,Krabi Airport,KBV,3410,krabi airport|depart from krabi
DEPARTUREAIRPORTS,Departure Points,Hua Hin Apt,HHQ,3411,hua hin airport|hua hin airport thailand|depart from hua hin
DEPARTUREAIRPORTS,Departure Points,Phu Quoc Island Airport,PQC,3412,phu quoc airport|phu quoc island airport|depart from phu quoc
DEPARTUREAIRPORTS,Departure Points,Hanoi Noi Bai Intl,HAN,3413,noi bai airport|hanoi noi bai airport|noi bai international airport|depart from hanoi
DEPARTUREAIRPORTS,Departure Points,Wick Airport,WIC,3414,wick airport|depart from wick
DEPARTUREAIRPORTS,Departure Points,Whalsay Airport,WHS,3415,whalsay airport|depart from whalsay
DEPARTUREAIRPORTS,Departure Points,Westray Airport,WRY,3416,westray airport|depart from westray
DEPARTUREAIRPORTS,Departure Points,Tiree Airport,TRE,3417,tiree airport|depart from tiree
DEPARTUREAIRPORTS,Departure Points,Stronoway Airport,SYY,3418,stornoway airport|depart from stornoway
DEPARTUREAIRPORTS,Departure Points,Stronsay Airport,SOY,3419,stronsay airport|depart from stronsay
DEPARTUREAIRPORTS,Departure Points,Oban North Connel Airport,OBN,3420,oban airport|north connel airport|oban north connel airport|depart from oban
DEPARTUREAIRPORTS,Departure Points,Papa Westray Airport,PPW,3421,papa westray airport|depart from papa westray
DEPARTUREAIRPORTS,Departure Points,North Ronaldsay Airport,NRL,3422,north ronaldsay airport|depart from north ronaldsay
DEPARTUREAIRPORTS,Departure Points,Newquay Cornwall Airport,NQY,3423,newquay airport|cornwall airport|newquay cornwall airport|depart from newquay
DEPARTUREAIRPORTS,Departure Points,Sanday Airport,NDY,3424,sanday airport|depart from sanday
DEPARTUREAIRPORTS,Departure Points,Manston Kent International Apt,MSE,3425,manston airport|kent international airport|manston kent airport|depart from manston
DEPARTUREAIRPORTS,Departure Points,Lydd London Ashford Airport,LYX,3426,lydd airport|london ashford airport|lydd london ashford airport|depart from lydd
DEPARTUREAIRPORTS,Departure Points,Tingwall Apt,LWK,3427,tingwall airport|lerwick tingwall airport|depart from tingwall
DEPARTUREAIRPORTS,Departure Points,Sumburgh Apt,LSI,3428,sumburgh airport|shetland sumburgh airport|depart from sumburgh
DEPARTUREAIRPORTS,Departure Points,Lands End St Just Airport,LEQ,3429,land's end airport|lands end airport|st just airport|depart from land's end
DEPARTUREAIRPORTS,Departure Points,RAF Marham,KNF,3430,marham air base
DEPARTUREAIRPORTS,Departure Points,St Marys Apt,ISC,3431,st mary's airport|st marys airport|isles of scilly airport|depart from st mary's
DEPARTUREAIRPORTS,Departure Points,Coventry Airport,COV,3432,coventry airport|depart from coventry
DEPARTUREAIRPORTS,Departure Points,Colonsay Airport,CSA,3433,colonsay airport|depart from colonsay
DEPARTUREAIRPORTS,Departure Points,Coll Airport,COL,3434,coll airport|isle of coll airport|depart from coll
DEPARTUREAIRPORTS,Departure Points,Kirkwall Airport,KOI,3435,kirkwall airport|orkney kirkwall airport|depart from kirkwall
DEPARTUREAIRPORTS,Departure Points,Islay Airport,ILY,3436,islay airport|isle of islay airport|depart from islay
DEPARTUREAIRPORTS,Departure Points,Gloucestershire Airport,GLO,3437,gloucestershire airport|gloucester airport|cheltenham airport|gloucester cheltenham airport|depart from gloucestershire
DEPARTUREAIRPORTS,Departure Points,Eday Airport,EOI,3438,eday airport|depart from eday
DEPARTUREAIRPORTS,Departure Points,Dundee Airport,DND,3439,dundee airport|depart from dundee
DEPARTUREAIRPORTS,Departure Points,Benbecula Airport,BEB,3440,benbecula airport|depart from benbecula
DEPARTUREAIRPORTS,Departure Points,Cambridge Airport,CBG,3441,cambridge airport|depart from cambridge
DEPARTUREAIRPORTS,Departure Points,Campbeltown Airport,CAL,3442,campbeltown airport|depart from campbeltown
DEPARTUREAIRPORTS,Departure Points,Barra Airport,BRR,3443,barra airport|isle of barra airport|depart from barra
DEPARTUREAIRPORTS,Departure Points,Glasgow Prestwick Airport,PIK,3444,prestwick airport|glasgow prestwick airport|depart from prestwick
DEPARTUREAIRPORTS,Departure Points,Ronaldsway Airport,IOM,3445,ronaldsway airport|isle of man airport|douglas isle of man airport|depart from isle of man
DEPARTUREAIRPORTS,Departure Points,Guernsey Airport,GCI,3446,guernsey airport|depart from guernsey
DEPARTUREAIRPORTS,Departure Points,Blackpool Airport,BLK,3447,blackpool airport|depart from blackpool
DEPARTUREAIRPORTS,Departure Points,City Of Derry Airport,LDY,3448,city of derry airport|derry airport|londonderry airport|depart from derry
DEPARTUREAIRPORTS,Departure Points,Doncaster Robin Hood Airport,DSA,3449,doncaster airport|robin hood airport|doncaster sheffield airport|depart from doncaster
DEPARTUREAIRPORTS,Departure Points,Nelson Mandela Airport,RAI,3450,nelson mandela airport|praia airport|depart from praia
DEPARTUREAIRPORTS,Departure Points,Agostinho Neto Apt,NTO,3451,agostinho neto airport|depart from agostinho neto
DEPARTUREAIRPORTS,Departure Points,Sao Pedro Airport,VXE,3452,sao pedro airport|são pedro airport|depart from sao pedro
DEPARTUREAIRPORTS,Departure Points,Sao Filipe Airport,SFL,3453,sao filipe airport|são filipe airport|depart from sao filipe
DEPARTUREAIRPORTS,Departure Points,Aswan Airport,ASW,3454,aswan airport|depart from aswan
DEPARTUREAIRPORTS,Departure Points,Oulu Airport,OUL,3455,oulu airport|depart from oulu
DEPARTUREAIRPORTS,Departure Points,Enontekio Airport,ENF,3456,enontekio airport|enontekiö airport|depart from enontekio
DEPARTUREAIRPORTS,Departure Points,Omiros Airport,JKH,3457,
DEPARTUREAIRPORTS,Departure Points,Araxos Airport,GPA,3458,araxos airport|patras araxos airport|depart from araxos
DEPARTUREAIRPORTS,Departure Points,Odysseas Elytis Airport,MJT,3459,odysseas elytis airport|mytilene airport|lesvos airport|mytilini airport|depart from mytilene
DEPARTUREAIRPORTS,Departure Points,Fertilia Airport,AHO,3460,fertilia airport|alghero airport|alghero fertilia airport|depart from alghero
DEPARTUREAIRPORTS,Departure Points,Porto Santo Island Airport,PXO,3461,porto santo airport|porto santo island airport|depart from porto santo
DEPARTUREAIRPORTS,Departure Points,Billund Airport,BLL,3462,billund airport|depart from billund
DEPARTUREAIRPORTS,Departure Points,Ajaccio N.Bonaparte Apt,AJA,3463,ajaccio airport|napoleon bonaparte airport|ajaccio napoleon bonaparte airport|depart from ajaccio
DEPARTUREAIRPORTS,Departure Points,Kerry Airport,KIR,3464,kerry airport|farranfore airport|kerry airport ireland|depart from kerry
DEPARTUREAIRPORTS,Departure Points,Kallax Airport,LLA,3465,kallax airport|lulea airport|luleå airport|depart from lulea
DEPARTUREAIRPORTS,Departure Points,Exmouth Gulf,EXM,3466,exmouth airport|exmouth gulf airport|depart from exmouth
DEPARTUREAIRPORTS,Departure Points,Carnarvon,CVQ,3467,carnarvon airport|depart from carnarvon
DEPARTUREAIRPORTS,Departure Points,Broome,BME,3468,broome airport|depart from broome
DEPARTUREAIRPORTS,Departure Points,Darwin International,DRW,3469,darwin airport|darwin international airport|depart from darwin
DEPARTUREAIRPORTS,Departure Points,Alice Springs,ASP,3470,alice springs airport|depart from alice springs
DEPARTUREAIRPORTS,Departure Points,Hobart International,HBA,3471,hobart airport|hobart international airport|depart from hobart
DEPARTUREAIRPORTS,Departure Points,Canberra International,CBR,3472,canberra airport|canberra international airport|depart from canberra
DEPARTUREAIRPORTS,Departure Points,Melbourne Airport,MEL,3473,melbourne airport|tullamarine airport|melbourne tullamarine airport|depart from melbourne
DEPARTUREAIRPORTS,Departure Points,Sydney Airport,SYD,3474,sydney airport|sydney kingsford smith airport|kingsford smith airport|depart from sydney
DEPARTUREAIRPORTS,Departure Points,Adelaide International,ADL,3475,adelaide airport|adelaide international airport|depart from adelaide
DEPARTUREAIRPORTS,Departure Points,Kalgoorlie,KGI,3476,kalgoorlie airport|depart from kalgoorlie
DEPARTUREAIRPORTS,Departure Points,Perth,PER,3477,perth airport|perth airport australia|depart from perth
DEPARTUREAIRPORTS,Departure Points,Cairns,CNS,3478,cairns airport|depart from cairns
DEPARTUREAIRPORTS,Departure Points,Brisbane,BNE,3479,brisbane airport|depart from brisbane
DEPARTUREAIRPORTS,Departure Points,Test Airport,XXX,3480,test airport|dummy airport
DEPARTUREAIRPORTS,Departure Points,Aalborg,AAL,3481,aalborg airport|depart from aalborg
DEPARTUREAIRPORTS,Departure Points,Bari,BRI,3482,bari airport|depart from bari
DEPARTUREAIRPORTS,Departure Points,Goeteborg / Landvetter,GOT,3483,gothenburg airport|göteborg landvetter airport|landvetter airport|depart from gothenburg
DEPARTUREAIRPORTS,Departure Points,Melilla,MLN,3484,melilla airport|depart from melilla
DEPARTUREAIRPORTS,Departure Points,Oslo / Moss Rygge,RYG,3485,moss airport rygge|rygge airport|oslo rygge|depart from moss
DEPARTUREAIRPORTS,Departure Points,Stavanger,SVG,3486,stavanger airport|depart from stavanger
DEPARTUREAIRPORTS,Departure Points,Teneriffa Nord,TFN,3487,tenerife north airport|tenerife norte airport|tenerife north|depart from tenerife north
DEPARTUREAIRPORTS,Departure Points,Tel Aviv / Ben Gurion Intl,TLV,3488,ben gurion airport|tel aviv ben gurion airport|ben gurion international airport|depart from tel aviv
DEPARTUREAIRPORTS,Departure Points,Trondheim,TRD,3489,trondheim airport|depart from trondheim
DEPARTUREAIRPORTS,Departure Points,Oslo / Sandefjord Torp,TRF,3490,sandefjord torp airport|torp airport|oslo torp|depart from torp
DEPARTUREAIRPORTS,Departure Points,Berlin-Tegel,TXL,3491,berlin tegel|berlin tegel airport|tegel airport|depart from berlin tegel
DEPARTUREAIRPORTS,Departure Points,Moskau Domodedovo,DME,3492,moscow domodedovo|domodedovo airport|moscow domodedovo airport|depart from domodedovo
DEPARTUREAIRPORTS,Departure Points,Oviedo Asturias,OVD,3493,asturias airport|oviedo airport|oviedo asturias airport|depart from asturias
DEPARTUREAIRPORTS,Departure Points,Chengdu / Shuangliu Intl Airport,CTU,3494,chengdu shuangliu airport|shuangliu international airport|depart from chengdu shuangliu|depart from chengdu
DEPARTUREAIRPORTS,Departure Points,Shanghai / Pudong Int Airport,PVG,3495,shanghai pudong airport|pudong international airport|depart from shanghai pudong|depart from shanghai
DEPARTUREAIRPORTS,Departure Points,Murcia / San Javier Airport,MJV,3496,murcia san javier airport|san javier airport|depart from murcia san javier
DEPARTUREAIRPORTS,Departure Points,Corsica / Bastia Poretta Airport,BIA,3497,bastia airport|bastia poretta airport|depart from bastia|corsica bastia airport
DEPARTUREAIRPORTS,Departure Points,Corsica / Figari Sud Corse Airport,FSC,3498,figari airport|figari sud corse airport|south corsica airport|depart from figari
DEPARTUREAIRPORTS,Departure Points,Sion Airport,SIR,3499,sion airport|depart from sion
DEPARTUREAIRPORTS,Departure Points,Hong Kong International Airport,HKG,3500,hong kong airport|hong kong international airport|chek lap kok airport|depart from hong kong
DEPARTUREAIRPORTS,Departure Points,Oakland International Airport,OAK,3501,oakland airport|oakland international airport|depart from oakland
DEPARTUREAIRPORTS,Departure Points,St. Johns International Airport,YYT,3502,st john's airport|st. john's airport|st johns airport newfoundland|depart from st john's
DEPARTUREAIRPORTS,Departure Points,King Khalid International Airport,RUH,3503,king khalid airport|king khalid international airport|riyadh airport|depart from riyadh
DEPARTUREAIRPORTS,Departure Points,Chennai International Airport,MAA,3504,chennai airport|chennai international airport|madras airport|depart from chennai
DEPARTUREAIRPORTS,Departure Points,Chhatrapati Shivaji International Airport,BOM,3505,mumbai airport|chhatrapati shivaji airport|chhatrapati shivaji international airport|depart from mumbai
DEPARTUREAIRPORTS,Departure Points,Bahrain International Airport,BAH,3506,bahrain airport|bahrain international airport|manama airport|depart from bahrain
DEPARTUREAIRPORTS,Departure Points,Ottawa Macdonald–Cartier International Airport,YOW,3507,ottawa airport|ottawa macdonald-cartier airport|macdonald-cartier international airport|depart from ottawa
ACCOMMODATIONTYPE,Holiday type: Accommodation type,Hotel',HOTEL,3508,hotel|stay in a hotel|hotel accommodation|book a hotel
ACCOMMODATIONTYPE,Holiday type: Accommodation type,Villa',VILLA,3509,villa|holiday villa|private villa|rent a villa|villa accommodation
HOLIDAYDEPARTUREDATE,Dates & duration: Dates,e.g. '2025-09-19,e.g. '2025-09-19,3510,
DURATIONS ,Dates & duration: Durations,1,1,3511,
DURATIONS ,Dates & duration: Durations,2,2,3512,
DURATIONS ,Dates & duration: Durations,3,3,3513,
DURATIONS ,Dates & duration: Durations,4,4,3514,
DURATIONS ,Dates & duration: Durations,5,5,3515,
DURATIONS ,Dates & duration: Durations,6,6,3516,
DURATIONS ,Dates & duration: Durations,7,7,3517,
DURATIONS ,Dates & duration: Durations,8,8,3518,
DURATIONS ,Dates & duration: Durations,9,9,3519,
DURATIONS ,Dates & duration: Durations,10,10,3520,
DURATIONS ,Dates & duration: Durations,11,11,3521,
DURATIONS ,Dates & duration: Durations,12,12,3522,
DURATIONS ,Dates & duration: Durations,13,13,3523,
DURATIONS ,Dates & duration: Durations,14,14,3524,
DURATIONS ,Dates & duration: Durations,15,15,3525,
DURATIONS ,Dates & duration: Durations,16,16,3526,
DURATIONS ,Dates & duration: Durations,17,17,3527,
DURATIONS ,Dates & duration: Durations,18,18,3528,
DURATIONS ,Dates & duration: Durations,19,19,3529,
DURATIONS ,Dates & duration: Durations,20,20,3530,
DURATIONS ,Dates & duration: Durations,21,21,3531,
DURATIONS ,Dates & duration: Durations,22,22,3532,
DURATIONS ,Dates & duration: Durations,23,23,3533,
DURATIONS ,Dates & duration: Durations,24,24,3534,
DURATIONS ,Dates & duration: Durations,25,25,3535,
DURATIONS ,Dates & duration: Durations,26,26,3536,
DURATIONS ,Dates & duration: Durations,27,27,3537,
DURATIONS ,Dates & duration: Durations,28,28,3538,
DURATIONS ,Dates & duration: Durations,29,29,3539,
DURATIONS ,Dates & duration: Durations,30+,30+,3540,
TRIPRATING,Rating: tripadvisor,1 and over,1,3541,tripadvisor 1+|1 star and up|at least 1 star|1+ rating
TRIPRATING,Rating: tripadvisor,2 and over,2,3542,tripadvisor 2+|2 stars and up|at least 2 stars|2+ rating
TRIPRATING,Rating: tripadvisor,3 and over,3,3543,tripadvisor 3+|3 stars and up|at least 3 stars|3+ rating
TRIPRATING,Rating: tripadvisor,4 and over,4,3544,tripadvisor 4+|4 stars and up|at least 4 stars|4+ rating
TRIPRATING,Rating: tripadvisor,5 and over,5,3545,5 stars|five stars|5-star|5 star rating|rated 5|tripadvisor 5|tripadvisor 5 stars|5/5|top rated (5)|perfect 5 rating
