filterId,filterName,optionId,optionName
F1,Accessibility,O1,Accessibility
F2,Boards,O2,24-hour All Inclusive
F2,Boards,O3,All Inclusive
F2,Boards,O4,As Brochured
F2,Boards,O5,As per Itinerary
F2,Boards,O6,Bed & Breakfast
F2,Boards,O7,Catered Chalet
F2,Boards,O8,Full Board
F2,Boards,O9,Full Board Plus
F2,Boards,O10,Gourmet Inclusive
F2,Boards,O11,Half Board
F2,Boards,O12,Half Board Plus
F2,Boards,O13,Premium All Inclusive
F2,Boards,O14,Room Only
F2,Boards,O15,Self Catering
F2,Boards,O16,Self Catering Plus
F2,Boards,O17,Ultra Inclusive
F3,Customer Rating,O18,1 and over
F3,Customer Rating,O19,2 and over
F3,Customer Rating,O20,3 and over
F3,Customer Rating,O21,4 and over
F3,Customer Rating,O22,5 and over
F4,Destination,O23,A Coruna
F4,Destination,O24,Abu Dhabi
F4,Destination,O25,Acharavi
F4,Destination,O26,Achensee
F4,Destination,O27,Achladies Bay
F4,Destination,O28,Acireale
F4,Destination,O29,Acoteias
F4,Destination,O30,Afandou
F4,Destination,O31,Afitos
F4,Destination,O32,Africa
F4,Destination,O33,Agadir
F4,Destination,O34,Agadir and Taghazout
F4,Destination,O35,Agaete
F4,Destination,O36,Aghia Marina
F4,Destination,O37,Aghia Paraskevi
F4,Destination,O38,Aghia Pelagia
F4,Destination,O39,Aghios Georgios North
F4,Destination,O40,Aghios Georgios South
F4,Destination,O41,Aghios Gordios
F4,Destination,O42,Aghios Ioannis
F4,Destination,O43,Aghios Ioannis (Corfu)
F4,Destination,O44,Aghios Nikolaos
F4,Destination,O45,Aghios Sostis
F4,Destination,O46,Agia Efimia
F4,Destination,O47,Agia Varvara
F4,Destination,O48,Agioi Apostoloi
F4,Destination,O49,Agios Dimitrios
F4,Destination,O50,Agios Fokas
F4,Destination,O51,Agios Ioannis
F4,Destination,O52,Agios Ioannis Peristeron
F4,Destination,O53,Agios Stefanos
F4,Destination,O54,Agkisaras
F4,Destination,O55,Agua Amarga
F4,Destination,O56,Aguadulce
F4,Destination,O57,Ahungalla
F4,Destination,O58,Aix-en-Provence
F4,Destination,O59,Ajaccio
F4,Destination,O60,Ajman
F4,Destination,O61,Akbuk
F4,Destination,O62,Akrotiri
F4,Destination,O63,Akumal
F4,Destination,O64,Akyarlar
F4,Destination,O65,Alacati
F4,Destination,O66,Alaminos
F4,Destination,O67,Alanya
F4,Destination,O68,Alaro
F4,Destination,O69,Albania
F4,Destination,O70,Albir
F4,Destination,O71,Albufeira
F4,Destination,O72,Alcamo
F4,Destination,O73,Alcantarilha
F4,Destination,O74,Alcudia
F4,Destination,O75,Algeciras
F4,Destination,O76,Alghero
F4,Destination,O77,Alghero Area
F4,Destination,O78,Alicante
F4,Destination,O79,Aljezur
F4,Destination,O80,Almancil
F4,Destination,O81,Almeria
F4,Destination,O82,Almerimar
F4,Destination,O83,Almyrida
F4,Destination,O84,Alonissos
F4,Destination,O85,Alpbach
F4,Destination,O86,Alpe dHuez
F4,Destination,O87,Alte
F4,Destination,O88,Altea
F4,Destination,O89,Altinkum
F4,Destination,O90,Alvor
F4,Destination,O91,Alykanas
F4,Destination,O92,Alykes
F4,Destination,O93,Alykes Potamos
F4,Destination,O94,Amadores
F4,Destination,O95,Amalfi
F4,Destination,O96,Amalfi Coast
F4,Destination,O97,Amathus Bay
F4,Destination,O98,Amoudara
F4,Destination,O99,Amoudi
F4,Destination,O100,Amsterdam
F4,Destination,O101,Analipsi
F4,Destination,O102,Ancona
F4,Destination,O103,Andalucia
F4,Destination,O104,Andorra
F4,Destination,O105,Anissaras
F4,Destination,O106,Ano Mera
F4,Destination,O107,Anse La Raie
F4,Destination,O108,Antalya
F4,Destination,O109,Antalya area
F4,Destination,O110,Antigua
F4,Destination,O111,Antigua East
F4,Destination,O112,Antigua West
F4,Destination,O113,Antwerp
F4,Destination,O114,Aphrodite Hills
F4,Destination,O115,Arbatax
F4,Destination,O116,Archangelos
F4,Destination,O117,Arctic Lakeland
F4,Destination,O118,Arenal
F4,Destination,O119,Arenal den Castell
F4,Destination,O120,Arezzo
F4,Destination,O121,Argassi
F4,Destination,O122,Argostoli
F4,Destination,O123,Arguineguin
F4,Destination,O124,Ariany
F4,Destination,O125,Arilas
F4,Destination,O126,Arinsal
F4,Destination,O127,Armacao de Pera
F4,Destination,O128,Arnhem
F4,Destination,O129,Arona
F4,Destination,O130,Arossim Beach
F4,Destination,O131,Arpora
F4,Destination,O132,Arrecife
F4,Destination,O133,Aruba
F4,Destination,O134,Arucas
F4,Destination,O135,Aschaffenburg
F4,Destination,O136,Ascona
F4,Destination,O137,Aselinos
F4,Destination,O138,Asia
F4,Destination,O139,Aspen Snowmass
F4,Destination,O140,Assisi
F4,Destination,O141,Aswan
F4,Destination,O142,Athens
F4,Destination,O143,Atlantic Coast
F4,Destination,O144,Auris En Oisans
F4,Destination,O145,Austria
F4,Destination,O146,Avignon
F4,Destination,O147,Avola
F4,Destination,O148,Avoriaz
F4,Destination,O149,Avsallar
F4,Destination,O150,Ayia Napa
F4,Destination,O151,Azores
F4,Destination,O152,Bad Gastein
F4,Destination,O153,Bad Hofgastein
F4,Destination,O154,Baga
F4,Destination,O155,Bahamas
F4,Destination,O156,Bahia Feliz
F4,Destination,O157,Baia Sardinia
F4,Destination,O158,Bain Boeuf
F4,Destination,O159,Balaclava
F4,Destination,O160,Balaia
F4,Destination,O161,Balatonfüred
F4,Destination,O162,Balearic Islands
F4,Destination,O163,Bali
F4,Destination,O164,Bali Beach
F4,Destination,O165,Balito Beach
F4,Destination,O166,Bamberg
F4,Destination,O167,Bambolim
F4,Destination,O168,Bamburi
F4,Destination,O169,Banff
F4,Destination,O170,Bang Tao
F4,Destination,O171,Bangkok
F4,Destination,O172,Bansko
F4,Destination,O173,Baqueira-Beret
F4,Destination,O174,Barbados
F4,Destination,O175,Barbate
F4,Destination,O176,Barbati
F4,Destination,O177,Barcelona
F4,Destination,O178,Bardolino
F4,Destination,O179,Bardonecchia
F4,Destination,O180,Bari
F4,Destination,O181,Basel
F4,Destination,O182,Baska Voda
F4,Destination,O183,Basseterre
F4,Destination,O184,Batigama
F4,Destination,O185,Bavaro
F4,Destination,O186,Bayahibe
F4,Destination,O187,Beach
F4,Destination,O188,Beaver Creek
F4,Destination,O189,Becici
F4,Destination,O190,Beitostølen
F4,Destination,O191,Bel Ombre
F4,Destination,O192,Beldibi
F4,Destination,O193,Belek
F4,Destination,O194,Belgium
F4,Destination,O195,Belgrade
F4,Destination,O196,Bellagio
F4,Destination,O197,Belle Mare
F4,Destination,O198,Benahavis
F4,Destination,O199,Benalmadena
F4,Destination,O200,Benalmadena Pueblo
F4,Destination,O201,Benaulim
F4,Destination,O202,Benidorm
F4,Destination,O203,Benitses
F4,Destination,O204,Bentota
F4,Destination,O205,Bequia
F4,Destination,O206,Bergamo
F4,Destination,O207,Berlin
F4,Destination,O208,Bernkastel-Kues
F4,Destination,O209,Beruwala
F4,Destination,O210,Betalbatim Beach
F4,Destination,O211,Biarritz
F4,Destination,O212,Bijela
F4,Destination,O213,Bilbao
F4,Destination,O214,Binibeca
F4,Destination,O215,Bitez
F4,Destination,O216,Bled
F4,Destination,O217,Blue Bay
F4,Destination,O218,Boa Vista
F4,Destination,O219,Bochali
F4,Destination,O220,Bodrum
F4,Destination,O221,Bodrum area
F4,Destination,O222,Bohinj
F4,Destination,O223,Boliqueime
F4,Destination,O224,Bologna
F4,Destination,O225,Bonaire
F4,Destination,O226,Bonn
F4,Destination,O227,Boppard
F4,Destination,O228,Bordeaux
F4,Destination,O229,Borovets
F4,Destination,O230,Boston
F4,Destination,O231,Boukari
F4,Destination,O232,Bourgas
F4,Destination,O233,Bourgas Region
F4,Destination,O234,Bourg-Saint-Maurice
F4,Destination,O235,Brac Island
F4,Destination,O236,Branqueira
F4,Destination,O237,Bratislava
F4,Destination,O238,Brazil
F4,Destination,O239,Breckenridge
F4,Destination,O240,Breisach
F4,Destination,O241,Brela
F4,Destination,O242,Brena Baja
F4,Destination,O243,Brescia
F4,Destination,O244,Brides-les-Bains
F4,Destination,O245,Bridgetown
F4,Destination,O246,Brindisi
F4,Destination,O247,British Virgin Islands
F4,Destination,O248,Brucoli
F4,Destination,O249,Brussels
F4,Destination,O250,Bububu
F4,Destination,O251,Bucharest
F4,Destination,O252,Budapest
F4,Destination,O253,Budoni
F4,Destination,O254,Budva
F4,Destination,O255,Buenavista del Norte
F4,Destination,O256,Bugibba
F4,Destination,O257,Buje
F4,Destination,O258,Bulgaria
F4,Destination,O259,Cadiz
F4,Destination,O260,Cagliari
F4,Destination,O261,Cagliari Area
F4,Destination,O262,Caimari
F4,Destination,O263,Cairo
F4,Destination,O264,Cala Agulla
F4,Destination,O265,Cala Alcaufar
F4,Destination,O266,Cala Blanca
F4,Destination,O267,Cala Bona
F4,Destination,O268,Cala Canutells
F4,Destination,O269,Cala dOr
F4,Destination,O270,Cala Figuera
F4,Destination,O271,Cala Finestrat
F4,Destination,O272,Cala Galdana
F4,Destination,O273,Cala Gracio
F4,Destination,O274,Cala Llonga
F4,Destination,O275,Cala Mayor
F4,Destination,O276,Cala Mesquida
F4,Destination,O277,Cala Millor
F4,Destination,O278,Cala Pada
F4,Destination,O279,Cala Ratjada
F4,Destination,O280,Cala San Vicente
F4,Destination,O281,Cala Tarida
F4,Destination,O282,Cala Vinas
F4,Destination,O283,Calabria
F4,Destination,O284,Calahonda
F4,Destination,O285,Calan Blanes
F4,Destination,O286,Calan Bosch
F4,Destination,O287,Calan Forcat
F4,Destination,O288,Calan Porter
F4,Destination,O289,Calangute
F4,Destination,O290,Calas de Mallorca
F4,Destination,O291,Calella De La Costa
F4,Destination,O292,Calheta
F4,Destination,O293,Calis Beach
F4,Destination,O294,Callao Salvaje
F4,Destination,O295,Calodyne
F4,Destination,O296,Calpe
F4,Destination,O297,Calvi
F4,Destination,O298,Camara de Lobos
F4,Destination,O299,Cambrils
F4,Destination,O300,Camp de Mar
F4,Destination,O301,Campania
F4,Destination,O302,Campofelice di Roccella
F4,Destination,O303,Campomar
F4,Destination,O304,Campos
F4,Destination,O305,Camyuva
F4,Destination,O306,Can Pastilla
F4,Destination,O307,Can Picafort
F4,Destination,O308,Canada
F4,Destination,O309,Canary Islands
F4,Destination,O310,Cancun
F4,Destination,O311,Candolim
F4,Destination,O312,Canical
F4,Destination,O313,Canico de Baixo
F4,Destination,O314,Cannes
F4,Destination,O315,Cannigione
F4,Destination,O316,Canyamel
F4,Destination,O317,Cap Cana
F4,Destination,O318,Cap de Salou
F4,Destination,O319,Capdepera
F4,Destination,O320,Cape Panwa
F4,Destination,O321,Cape Town
F4,Destination,O322,Cape Verde
F4,Destination,O323,Capo Vaticano
F4,Destination,O324,Carboneras
F4,Destination,O325,Carcassonne
F4,Destination,O326,Caribbean
F4,Destination,O327,Carovigno
F4,Destination,O328,Cartagena
F4,Destination,O329,Carvoeiro
F4,Destination,O330,Cas Concos Des Cavaller
F4,Destination,O331,Casablanca
F4,Destination,O332,Cascais
F4,Destination,O333,Castellammare del Golfo
F4,Destination,O334,Castellammare di Stabia
F4,Destination,O335,Castelldefels
F4,Destination,O336,Castelleneta Marina
F4,Destination,O337,Castelmola
F4,Destination,O338,Castelnuovo (Gardaland)
F4,Destination,O339,Castries
F4,Destination,O340,Catalonia
F4,Destination,O341,Catania
F4,Destination,O342,Catania (for Mount Etna & Taormina)
F4,Destination,O343,Cava de Tirreni
F4,Destination,O344,Cavalese
F4,Destination,O345,Cavelossim
F4,Destination,O346,Cavtat
F4,Destination,O347,Cefalu
F4,Destination,O348,Cenger
F4,Destination,O349,Central America
F4,Destination,O350,Cervinia
F4,Destination,O351,Cesme
F4,Destination,O352,Chamonix
F4,Destination,O353,Championsgate
F4,Destination,O354,Chania
F4,Destination,O355,Chania area
F4,Destination,O356,Charlotte Amalie
F4,Destination,O357,Châtel
F4,Destination,O358,Chayofa
F4,Destination,O359,Chia
F4,Destination,O360,Chiavari
F4,Destination,O361,Chicago
F4,Destination,O362,Chiclana de la Frontera
F4,Destination,O363,China
F4,Destination,O364,Chipiona
F4,Destination,O365,Chlorakas
F4,Destination,O366,Christchurch
F4,Destination,O367,Cirali
F4,Destination,O368,Citta Del Mare
F4,Destination,O369,Ciutadella
F4,Destination,O370,Civitavecchia (for Rome)
F4,Destination,O371,Clermont
F4,Destination,O372,Cochem
F4,Destination,O373,Cocoa Beach
F4,Destination,O374,Coconut Island
F4,Destination,O375,Colakli
F4,Destination,O376,Colfosco
F4,Destination,O377,Cologne
F4,Destination,O378,Colombo
F4,Destination,O379,Colonia Sant Jordi
F4,Destination,O380,Coma-Ruga
F4,Destination,O381,Como
F4,Destination,O382,Conca dei Marini
F4,Destination,O383,Conil De La Frontera
F4,Destination,O384,Consell
F4,Destination,O385,Copenhagen
F4,Destination,O386,Coral Bay
F4,Destination,O387,Corfu
F4,Destination,O388,Corfu Town
F4,Destination,O389,Corinth
F4,Destination,O390,Corralejo
F4,Destination,O391,Corsica
F4,Destination,O392,Cortina dAmpezzo
F4,Destination,O393,Corvara
F4,Destination,O394,Costa Adeje
F4,Destination,O395,Costa Ballena
F4,Destination,O396,Costa Blanca
F4,Destination,O397,Costa Brava
F4,Destination,O398,Costa Caleta
F4,Destination,O399,Costa Calida
F4,Destination,O400,Costa Calma
F4,Destination,O401,Costa de Almeria
F4,Destination,O402,Costa de la Luz
F4,Destination,O403,Costa de los Pinos
F4,Destination,O404,Costa Del Silencio
F4,Destination,O405,Costa del Sol
F4,Destination,O406,Costa Dorada
F4,Destination,O407,Costa Mujeres
F4,Destination,O408,Costa Navarino
F4,Destination,O409,Costa Rica
F4,Destination,O410,Costa Teguise
F4,Destination,O411,Courchevel
F4,Destination,O412,Courmayeur
F4,Destination,O413,Cozumel
F4,Destination,O414,Crans Montana
F4,Destination,O415,Crete
F4,Destination,O416,Crikvenica
F4,Destination,O417,Croatia
F4,Destination,O418,Cruising the Iron Gates
F4,Destination,O419,Cruz de Tejeda
F4,Destination,O420,Cuba
F4,Destination,O421,Curacao
F4,Destination,O422,Cyprus
F4,Destination,O423,Czech Republic
F4,Destination,O424,Dalaman
F4,Destination,O425,Dalaman area
F4,Destination,O426,Dalmatian Coast and Islands
F4,Destination,O427,Dalyan
F4,Destination,O428,Dassia
F4,Destination,O429,Davenport
F4,Destination,O430,Davos
F4,Destination,O431,Deia
F4,Destination,O432,Denia
F4,Destination,O433,Denmark
F4,Destination,O434,Desenzano
F4,Destination,O435,Desert Resort
F4,Destination,O436,Diani Beach
F4,Destination,O437,Didim
F4,Destination,O438,Djerba Island
F4,Destination,O439,Doha
F4,Destination,O440,Dolno Konjsko
F4,Destination,O441,Dominica
F4,Destination,O442,Dominican Republic
F4,Destination,O443,Dona Paula
F4,Destination,O444,Donji Milanovac
F4,Destination,O445,Donji Seget
F4,Destination,O446,Dover Beach
F4,Destination,O447,Drei Zinnen
F4,Destination,O448,Drosia
F4,Destination,O449,Dubai
F4,Destination,O450,Dubai City
F4,Destination,O451,Dubrovnik
F4,Destination,O452,Dubrovnik and Islands
F4,Destination,O453,Durnstein
F4,Destination,O454,Durres
F4,Destination,O455,Dusseldorf
F4,Destination,O456,East Coast
F4,Destination,O457,Eastern Beaches
F4,Destination,O458,Edfu
F4,Destination,O459,Egypt
F4,Destination,O460,El Campello
F4,Destination,O461,El Cotillo
F4,Destination,O462,El Cuyo
F4,Destination,O463,El Gouna
F4,Destination,O464,El Medano
F4,Destination,O465,El Rompido
F4,Destination,O466,El Salobre
F4,Destination,O467,El Tarter
F4,Destination,O468,El Toyo
F4,Destination,O469,Elche
F4,Destination,O470,Elia
F4,Destination,O471,Ellmau
F4,Destination,O472,Elounda
F4,Destination,O473,Emporio
F4,Destination,O474,Engelberg
F4,Destination,O475,Ericeira
F4,Destination,O476,Ermones
F4,Destination,O477,Es Cana
F4,Destination,O478,Es Castell
F4,Destination,O479,Es Coll DEn Rabassa
F4,Destination,O480,Es Figueral
F4,Destination,O481,Es Mercadal
F4,Destination,O482,Es Pujols
F4,Destination,O483,Esquinzo
F4,Destination,O484,Essaouira
F4,Destination,O485,Estellenchs
F4,Destination,O486,Estepona
F4,Destination,O487,Estonia
F4,Destination,O488,Estoril
F4,Destination,O489,Estoril Coast
F4,Destination,O490,Esztergom
F4,Destination,O491,Europe
F4,Destination,O492,Évian
F4,Destination,O493,Exomitis
F4,Destination,O494,Faliraki
F4,Destination,O495,Fanes
F4,Destination,O496,Faro
F4,Destination,O497,Felanitx
F4,Destination,O498,Fernie
F4,Destination,O499,Ferragudo
F4,Destination,O500,Ferreries
F4,Destination,O501,Fethiye
F4,Destination,O502,Fez
F4,Destination,O503,Fieberbrunn
F4,Destination,O504,Figueretas
F4,Destination,O505,Filzmoos
F4,Destination,O506,Finland
F4,Destination,O507,Firostefani
F4,Destination,O508,Fiskardo
F4,Destination,O509,Flaine
F4,Destination,O510,Flic en Flac
F4,Destination,O511,Florence
F4,Destination,O512,Florida
F4,Destination,O513,Fodele
F4,Destination,O514,Folgaria
F4,Destination,O515,Folgarida
F4,Destination,O516,Font de Sa Cala
F4,Destination,O517,Formentera
F4,Destination,O518,Fornalutx
F4,Destination,O519,Fort De France
F4,Destination,O520,Forza DAgro
F4,Destination,O521,France
F4,Destination,O522,Frankfurt
F4,Destination,O523,Frederiksted
F4,Destination,O524,French Riviera
F4,Destination,O525,Frigiliana
F4,Destination,O526,Ftelia
F4,Destination,O527,Fuencaliente
F4,Destination,O528,Fuengirola
F4,Destination,O529,Fuerteventura
F4,Destination,O530,Fügen
F4,Destination,O531,Funchal
F4,Destination,O532,Furano
F4,Destination,O533,Gaggi
F4,Destination,O534,Gaios
F4,Destination,O535,Gallipoli
F4,Destination,O536,Galtür
F4,Destination,O537,Galu Beach
F4,Destination,O538,Gambia
F4,Destination,O539,Garachico
F4,Destination,O540,Garda
F4,Destination,O541,Gardone Riviera
F4,Destination,O542,Gausta
F4,Destination,O543,Gdansk
F4,Destination,O544,Geilo
F4,Destination,O545,Geneva
F4,Destination,O546,Gennadi
F4,Destination,O547,Genoa
F4,Destination,O548,Georgioupolis
F4,Destination,O549,Gerakini
F4,Destination,O550,Gerani
F4,Destination,O551,Gerlos
F4,Destination,O552,Germany
F4,Destination,O553,Ghent
F4,Destination,O554,Giardini Naxos
F4,Destination,O555,Giarre
F4,Destination,O556,Gibraltar
F4,Destination,O557,Glyfada
F4,Destination,O558,Goa
F4,Destination,O559,Gocek
F4,Destination,O560,Golden Beach
F4,Destination,O561,Golf del Sur
F4,Destination,O562,Golfo Aranci
F4,Destination,O563,Gournes
F4,Destination,O564,Gouves
F4,Destination,O565,Gouvia
F4,Destination,O566,Goynuk
F4,Destination,O567,Gran Canaria
F4,Destination,O568,Grand Baie
F4,Destination,O569,Grand Gaube
F4,Destination,O570,Greater Orlando
F4,Destination,O571,Greece
F4,Destination,O572,Grein
F4,Destination,O573,Grenada
F4,Destination,O574,Grenadines
F4,Destination,O575,Gressoney
F4,Destination,O576,Grindelwald
F4,Destination,O577,Gros Islet
F4,Destination,O578,Guadalajara
F4,Destination,O579,Guadeloupe
F4,Destination,O580,Guardamar del Segura
F4,Destination,O581,Guia
F4,Destination,O582,Guia de Isora
F4,Destination,O583,Gulf Coast
F4,Destination,O584,Gümbet
F4,Destination,O585,Gumusluk
F4,Destination,O586,Gundogan
F4,Destination,O587,Guvercinlik
F4,Destination,O588,Guzelyurt
F4,Destination,O589,Gzira
F4,Destination,O590,Haines City
F4,Destination,O591,Halkidiki
F4,Destination,O592,Hamburg
F4,Destination,O593,Hammamet
F4,Destination,O594,Hanioti
F4,Destination,O595,Haria
F4,Destination,O596,Hastings
F4,Destination,O597,Haute Rive
F4,Destination,O598,Helona Beach
F4,Destination,O599,Helsinki
F4,Destination,O600,Heraklion
F4,Destination,O601,Heraklion area
F4,Destination,O602,Herceg Novi
F4,Destination,O603,Hersonissos
F4,Destination,O604,Hetta
F4,Destination,O605,Hikkaduwa
F4,Destination,O606,Hinterglemm
F4,Destination,O607,Hisaronu
F4,Destination,O608,Hochgurgl
F4,Destination,O609,Hochsölden
F4,Destination,O610,Högfjället
F4,Destination,O611,Hong Kong
F4,Destination,O612,Hua Hin
F4,Destination,O613,Huelva
F4,Destination,O614,Hundfjället
F4,Destination,O615,Hungary
F4,Destination,O616,Huningue (for Basel)
F4,Destination,O617,Hurghada
F4,Destination,O618,Hurghada North
F4,Destination,O619,Hurghada South
F4,Destination,O620,Hvar
F4,Destination,O621,Ialyssos
F4,Destination,O622,Ibiza
F4,Destination,O623,Ibiza Beach Stay
F4,Destination,O624,Ibiza Town
F4,Destination,O625,Iceland
F4,Destination,O626,Icmeler
F4,Destination,O627,Ierapetra
F4,Destination,O628,Igalo
F4,Destination,O629,Igls
F4,Destination,O630,Igrane
F4,Destination,O631,Illetas
F4,Destination,O632,Imerovigli
F4,Destination,O633,Inca
F4,Destination,O634,Incekum
F4,Destination,O635,India
F4,Destination,O636,Indonesia
F4,Destination,O637,Innsbruck
F4,Destination,O638,Interlaken
F4,Destination,O639,International Drive
F4,Destination,O640,Ionian Islands
F4,Destination,O641,Ios Island
F4,Destination,O642,Ipsos
F4,Destination,O643,Ireland
F4,Destination,O644,Ischgl
F4,Destination,O645,Ischia
F4,Destination,O646,Isla Canela
F4,Destination,O647,Isla Catalina
F4,Destination,O648,Isla Holbox
F4,Destination,O649,Isla Mujeres
F4,Destination,O650,Islantilla
F4,Destination,O651,Iso-Syöte
F4,Destination,O652,Istanbul
F4,Destination,O653,Istrian Riviera
F4,Destination,O654,Istron And Kalo Chorio
F4,Destination,O655,Italian Riviera
F4,Destination,O656,Italy
F4,Destination,O657,Ixia
F4,Destination,O658,Ixia/Rhodes Town
F4,Destination,O659,Izmir
F4,Destination,O660,Izmir area
F4,Destination,O661,Izmir City
F4,Destination,O662,Izola
F4,Destination,O663,Jamaica
F4,Destination,O664,Jambiani
F4,Destination,O665,Jandia
F4,Destination,O666,Japan
F4,Destination,O667,Jasper
F4,Destination,O668,Jersey
F4,Destination,O669,Jordan
F4,Destination,O670,Kalafatis
F4,Destination,O671,Kalamaki
F4,Destination,O672,Kalamata
F4,Destination,O673,Kalathos
F4,Destination,O674,Kaleici
F4,Destination,O675,Kalim Beach
F4,Destination,O676,Kalithea
F4,Destination,O677,Kalithea (Rhodes)
F4,Destination,O678,Kalives
F4,Destination,O679,Kalkan
F4,Destination,O680,Kalo Livadi
F4,Destination,O681,Kalo Nero
F4,Destination,O682,Kalocsa
F4,Destination,O683,Kalutara
F4,Destination,O684,Kalyves
F4,Destination,O685,Kamala Beach
F4,Destination,O686,Kamari
F4,Destination,O687,Kambos
F4,Destination,O688,Kamilari
F4,Destination,O689,Kanapitsa
F4,Destination,O690,Kanoni
F4,Destination,O691,Kaprun
F4,Destination,O692,Karavados
F4,Destination,O693,Karavomilos
F4,Destination,O694,Kardamena
F4,Destination,O695,Karlovasi
F4,Destination,O696,Karon Beach
F4,Destination,O697,Karterados
F4,Destination,O698,Kas
F4,Destination,O699,Kassandra
F4,Destination,O700,Kassiopi
F4,Destination,O701,Kastrosikia
F4,Destination,O702,Kata Beach
F4,Destination,O703,Katakolon (for Olympia)
F4,Destination,O704,Katelios
F4,Destination,O705,Kato Daratso
F4,Destination,O706,Katschberg
F4,Destination,O707,Kavos
F4,Destination,O708,Kefalonia
F4,Destination,O709,Kefalos
F4,Destination,O710,Kehl (for Strasbourg)
F4,Destination,O711,Kelheim
F4,Destination,O712,Kemer
F4,Destination,O713,Kenya
F4,Destination,O714,Keri
F4,Destination,O715,Khao Lak
F4,Destination,O716,Kilifi
F4,Destination,O717,Kingstown
F4,Destination,O718,Kiotari
F4,Destination,O719,Kirchberg
F4,Destination,O720,Kiris
F4,Destination,O721,Kissamos
F4,Destination,O722,Kissimmee
F4,Destination,O723,Kissonerga
F4,Destination,O724,Kitries
F4,Destination,O725,Kitzbühel
F4,Destination,O726,Kiwengwa
F4,Destination,O727,Kizilagac
F4,Destination,O728,Kizilot
F4,Destination,O729,Kizimkazi
F4,Destination,O730,Kladovo
F4,Destination,O731,Kläppen
F4,Destination,O732,Koblenz
F4,Destination,O733,Koh Samui
F4,Destination,O734,Kokkari
F4,Destination,O735,Kokkini Hani
F4,Destination,O736,Kolios Beach
F4,Destination,O737,Kolocep
F4,Destination,O738,Koloumpos
F4,Destination,O739,Kolymbari
F4,Destination,O740,Kolymbia
F4,Destination,O741,Kom Ombo
F4,Destination,O742,Kommeno Bay
F4,Destination,O743,Konakli
F4,Destination,O744,Kontokali
F4,Destination,O745,Konyaalti
F4,Destination,O746,Koper
F4,Destination,O747,Korcula
F4,Destination,O748,Koroni
F4,Destination,O749,Kos
F4,Destination,O750,Kos Beach
F4,Destination,O751,Kos Town
F4,Destination,O752,Koskinou
F4,Destination,O753,Kotor
F4,Destination,O754,Koukounaries
F4,Destination,O755,Koutouloufari
F4,Destination,O756,Krabi
F4,Destination,O757,Krabi Khao Lak or Phuket
F4,Destination,O758,Krakow
F4,Destination,O759,Kralendijk
F4,Destination,O760,Kranjska Gora
F4,Destination,O761,Kremasti
F4,Destination,O762,Krems
F4,Destination,O763,Kriopigi
F4,Destination,O764,Krk Island
F4,Destination,O765,Kronplatz
F4,Destination,O766,Kuchchaveli
F4,Destination,O767,Kusadasi
F4,Destination,O768,Kusadasi (for Ephesus)
F4,Destination,O769,Kuusamo
F4,Destination,O770,Kuzdere
F4,Destination,O771,Kvarner Bay
F4,Destination,O772,Kyparissia
F4,Destination,O773,Kypseli
F4,Destination,O774,La Aldea
F4,Destination,O775,La Clusaz
F4,Destination,O776,La Digue
F4,Destination,O777,La Fontanilla
F4,Destination,O778,La Gomera
F4,Destination,O779,La Goulette (for Tunis)
F4,Destination,O780,La Massana
F4,Destination,O781,La Palma
F4,Destination,O782,La Pared
F4,Destination,O783,La Pineda
F4,Destination,O784,La Plagne
F4,Destination,O785,La Romana
F4,Destination,O786,La Romana City
F4,Destination,O787,La Rosière
F4,Destination,O788,La Somone
F4,Destination,O789,La Spezia (For Florence & Pisa)
F4,Destination,O790,La Tania
F4,Destination,O791,La Thuile
F4,Destination,O792,La Toussuire
F4,Destination,O793,Lachania
F4,Destination,O794,Lagadin
F4,Destination,O795,Laganas
F4,Destination,O796,Lagos
F4,Destination,O797,Lake Annecy
F4,Destination,O798,Lake Balaton
F4,Destination,O799,Lake Buena Vista
F4,Destination,O800,Lake Como
F4,Destination,O801,Lake Garda
F4,Destination,O802,Lake Levico
F4,Destination,O803,Lake Louise
F4,Destination,O804,Lake Maggiore
F4,Destination,O805,Lake Maggiore (Switzerland)
F4,Destination,O806,Lake Molveno
F4,Destination,O807,Lake Ohrid
F4,Destination,O808,Lake Orta
F4,Destination,O809,Lakithra
F4,Destination,O810,Lambi
F4,Destination,O811,Lameriana
F4,Destination,O812,Lanzarote
F4,Destination,O813,Lapland
F4,Destination,O814,Lara Beach
F4,Destination,O815,Lardos
F4,Destination,O816,Larnaca
F4,Destination,O817,Larnaca Area
F4,Destination,O818,Las Burrillas
F4,Destination,O819,Las Caletillas
F4,Destination,O820,Las Palmas
F4,Destination,O821,Las Playitas
F4,Destination,O822,Las Vegas
F4,Destination,O823,Lassi
F4,Destination,O824,Latchi
F4,Destination,O825,Latvia
F4,Destination,O826,Lazarata
F4,Destination,O827,Lazise
F4,Destination,O828,Le Corbier
F4,Destination,O829,Le Morne
F4,Destination,O830,Lecce
F4,Destination,O831,Lecco
F4,Destination,O832,Lech
F4,Destination,O833,Lefkas
F4,Destination,O834,Lefkimi
F4,Destination,O835,Leixoes (for Porto)
F4,Destination,O836,Leogang
F4,Destination,O837,Les Arcs
F4,Destination,O838,Les Deux Alpes
F4,Destination,O839,Les Gets
F4,Destination,O840,Les Menuires
F4,Destination,O841,LEstartit
F4,Destination,O842,Letojanni
F4,Destination,O843,Levi
F4,Destination,O844,Liapades
F4,Destination,O845,Lichnos
F4,Destination,O846,Lido di Camaiore
F4,Destination,O847,Lido di Jesolo
F4,Destination,O848,Limassol
F4,Destination,O849,Limenaria
F4,Destination,O850,Limni Keriou
F4,Destination,O851,Limone
F4,Destination,O852,Lindos
F4,Destination,O853,Lindos/Kiotari
F4,Destination,O854,Linz
F4,Destination,O855,Lisbon
F4,Destination,O856,Lithuania
F4,Destination,O857,Livigno
F4,Destination,O858,Livorno (for Florence and Pisa)
F4,Destination,O859,Lixouri
F4,Destination,O860,Ljubljana
F4,Destination,O861,Lloret de Mar
F4,Destination,O862,Llucmajor
F4,Destination,O863,Locarno
F4,Destination,O864,Loggos
F4,Destination,O865,Lombok
F4,Destination,O866,Lopud Island
F4,Destination,O867,Los Angeles
F4,Destination,O868,Los Barrios
F4,Destination,O869,Los Cancajos
F4,Destination,O870,Los Cristianos
F4,Destination,O871,Los Gigantes
F4,Destination,O872,Lourdas
F4,Destination,O873,Lovran
F4,Destination,O874,Lucea
F4,Destination,O875,Lucerne
F4,Destination,O876,Lugano
F4,Destination,O877,Luosto
F4,Destination,O878,Luxembourg
F4,Destination,O879,Luxembourg City
F4,Destination,O880,Luxor
F4,Destination,O881,Lygia
F4,Destination,O882,Lyon
F4,Destination,O883,Lyttos Beach
F4,Destination,O884,Machico
F4,Destination,O885,Madeira
F4,Destination,O886,Maderno
F4,Destination,O887,Madonna di Campiglio
F4,Destination,O888,Madrid
F4,Destination,O889,Magaluf
F4,Destination,O890,Magazia
F4,Destination,O891,Mahe Island
F4,Destination,O892,Mahebourg
F4,Destination,O893,Mahmutlar
F4,Destination,O894,Mahon
F4,Destination,O895,Mai Khao
F4,Destination,O896,Mainz
F4,Destination,O897,Maiori
F4,Destination,O898,Majorca
F4,Destination,O899,Majorda Beach
F4,Destination,O900,Makarska
F4,Destination,O901,Malaga
F4,Destination,O902,Malaysia
F4,Destination,O903,Malcesine
F4,Destination,O904,Maldives
F4,Destination,O905,Maleme
F4,Destination,O906,Malgrat de Mar
F4,Destination,O907,Malia
F4,Destination,O908,Malindi
F4,Destination,O909,Malta
F4,Destination,O910,Manacor
F4,Destination,O911,Manavgat
F4,Destination,O912,Mangapwani
F4,Destination,O913,Mannheim
F4,Destination,O914,Marbella
F4,Destination,O915,Margherita di Savoia
F4,Destination,O916,Marigot Bay
F4,Destination,O917,Marina di Carrara (for Florence and Pisa)
F4,Destination,O918,Marina di Pietrasanta
F4,Destination,O919,Marina di Ragusa
F4,Destination,O920,Marina di Ugento
F4,Destination,O921,Marktbreit
F4,Destination,O922,Marmari
F4,Destination,O923,Marmaris
F4,Destination,O924,Marpunta
F4,Destination,O925,Marrakech
F4,Destination,O926,Marsa Alam
F4,Destination,O927,Marseille
F4,Destination,O928,Marseille (for Provence)
F4,Destination,O929,Martinique
F4,Destination,O930,Marumbi
F4,Destination,O931,Maspalomas
F4,Destination,O932,Massa Lubrense
F4,Destination,O933,Mastichari
F4,Destination,O934,Matagorda
F4,Destination,O935,Matala
F4,Destination,O936,Matemwe
F4,Destination,O937,Matta e Peru
F4,Destination,O938,Mauritius
F4,Destination,O939,Maxwell
F4,Destination,O940,Mayrhofen
F4,Destination,O941,Mazara del Vallo
F4,Destination,O942,Mazzeo
F4,Destination,O943,Mdina
F4,Destination,O944,Medulin
F4,Destination,O945,Megali Ammos
F4,Destination,O946,Megalocori
F4,Destination,O947,Megève
F4,Destination,O948,Meina
F4,Destination,O949,Melbourne Beach
F4,Destination,O950,Melilla
F4,Destination,O951,Melk
F4,Destination,O952,Mellieha Bay
F4,Destination,O953,Meloneras
F4,Destination,O954,Menaggio
F4,Destination,O955,Menorca
F4,Destination,O956,Méribel
F4,Destination,O957,Messaria
F4,Destination,O958,Messina (for Mount Etna)
F4,Destination,O959,Messinia
F4,Destination,O960,Messonghi
F4,Destination,O961,Meta di Sorrento
F4,Destination,O962,Metamorfosi
F4,Destination,O963,Mexico
F4,Destination,O964,Mexico - Caribbean Coast
F4,Destination,O965,Mexico - Pacific Coast
F4,Destination,O966,Mexico City
F4,Destination,O967,Miami
F4,Destination,O968,Michamvi Kae
F4,Destination,O969,Miches
F4,Destination,O970,Mijas
F4,Destination,O971,Milan
F4,Destination,O972,Milatos
F4,Destination,O973,Millstatt
F4,Destination,O974,Miltenberg
F4,Destination,O975,Mindelo
F4,Destination,O976,Minori
F4,Destination,O977,Mlini
F4,Destination,O978,Mljet
F4,Destination,O979,Modica
F4,Destination,O980,Mohacs
F4,Destination,O981,Mojacar
F4,Destination,O982,Molveno
F4,Destination,O983,Mombasa
F4,Destination,O984,Monaco
F4,Destination,O985,Monchique
F4,Destination,O986,Monolithos
F4,Destination,O987,Monopoli
F4,Destination,O988,Mont Choisy
F4,Destination,O989,Montafon
F4,Destination,O990,Montalbert
F4,Destination,O991,Monte Carlo
F4,Destination,O992,Monte Gordo
F4,Destination,O993,Montego Bay
F4,Destination,O994,Montenegro
F4,Destination,O995,Montgenèvre
F4,Destination,O996,Montpellier
F4,Destination,O997,Montreal
F4,Destination,O998,Moraira
F4,Destination,O999,Moraitika
F4,Destination,O1000,Morne Rouge
F4,Destination,O1001,Morocco
F4,Destination,O1002,Morro Jable
F4,Destination,O1003,Morzine
F4,Destination,O1004,Mottaret
F4,Destination,O1005,Moussata
F4,Destination,O1006,Munich
F4,Destination,O1007,Murcia
F4,Destination,O1008,Murcia City
F4,Destination,O1009,Muro
F4,Destination,O1010,Muscat
F4,Destination,O1011,Mykali
F4,Destination,O1012,Mykonos
F4,Destination,O1013,Mykonos Town
F4,Destination,O1014,Myrkdalen
F4,Destination,O1015,Nai Harn
F4,Destination,O1016,Nai Thon Beach
F4,Destination,O1017,Nai-Yang Beach
F4,Destination,O1018,Naples
F4,Destination,O1019,Naples (for Pompeii & Capri)
F4,Destination,O1020,Nashville
F4,Destination,O1021,Nassfeld
F4,Destination,O1022,Natai Beach
F4,Destination,O1023,Nauders
F4,Destination,O1024,Naxos
F4,Destination,O1025,Naxxar
F4,Destination,O1026,Nea Kydonia
F4,Destination,O1027,Nea Moudania
F4,Destination,O1028,Nea Potidea
F4,Destination,O1029,Nea Skioni
F4,Destination,O1030,Needhams Point
F4,Destination,O1031,Negombo
F4,Destination,O1032,Negril
F4,Destination,O1033,Negril (Green Island)
F4,Destination,O1034,Neos Marmaras
F4,Destination,O1035,Nerja
F4,Destination,O1036,Nessebar
F4,Destination,O1037,Netherlands
F4,Destination,O1038,Neustift
F4,Destination,O1039,New Orleans
F4,Destination,O1040,New York
F4,Destination,O1041,Nice
F4,Destination,O1042,Nidri
F4,Destination,O1043,Niederau
F4,Destination,O1044,Nijmegen
F4,Destination,O1045,Nikiana
F4,Destination,O1046,Nikiti
F4,Destination,O1047,Nissaki
F4,Destination,O1048,Nissi Beach
F4,Destination,O1049,Norefjell
F4,Destination,O1050,North Aegean Islands
F4,Destination,O1051,North America
F4,Destination,O1052,North Coast
F4,Destination,O1053,North Goa
F4,Destination,O1054,North Macedonia
F4,Destination,O1055,North Mauritius
F4,Destination,O1056,Northern Beaches
F4,Destination,O1057,Norway
F4,Destination,O1058,Noto
F4,Destination,O1059,Novi Sad
F4,Destination,O1060,Novigrad
F4,Destination,O1061,Novo Sancti Petri
F4,Destination,O1062,Nuevo Horizonte
F4,Destination,O1063,Nuevo Vallarta
F4,Destination,O1064,Nungwi
F4,Destination,O1065,Nuremberg
F4,Destination,O1066,Obergurgl
F4,Destination,O1067,Obertauern
F4,Destination,O1068,Obzor
F4,Destination,O1069,Ocho Rios
F4,Destination,O1070,Ohrid
F4,Destination,O1071,Oia
F4,Destination,O1072,Oistins
F4,Destination,O1073,Okurcalar
F4,Destination,O1074,Olbia
F4,Destination,O1075,Olbia Area
F4,Destination,O1076,Olhao
F4,Destination,O1077,Olhos dAgua
F4,Destination,O1078,Olu Deniz
F4,Destination,O1079,Oman
F4,Destination,O1080,Omis
F4,Destination,O1081,Opatija
F4,Destination,O1082,Oranjestad
F4,Destination,O1083,Orasac
F4,Destination,O1084,Orebic
F4,Destination,O1085,Orient
F4,Destination,O1086,Orlando
F4,Destination,O1087,Ornos
F4,Destination,O1088,Orosei
F4,Destination,O1089,Ortakent
F4,Destination,O1090,Ortisei
F4,Destination,O1091,Osijek
F4,Destination,O1092,Oslo
F4,Destination,O1093,Ostuni
F4,Destination,O1094,Otranto
F4,Destination,O1095,Ouranoupolis
F4,Destination,O1096,Ovacik
F4,Destination,O1097,Ozdere
F4,Destination,O1098,Paguera
F4,Destination,O1099,Paje
F4,Destination,O1100,Palamos
F4,Destination,O1101,Palau
F4,Destination,O1102,Paleokastritsa
F4,Destination,O1103,Palermo
F4,Destination,O1104,Paliouri
F4,Destination,O1105,Pallanza
F4,Destination,O1106,Pallas
F4,Destination,O1107,Palma
F4,Destination,O1108,Palma Nova
F4,Destination,O1109,Pamporovo
F4,Destination,O1110,Panjim
F4,Destination,O1111,Panorama
F4,Destination,O1112,Panormo
F4,Destination,O1113,Panormos
F4,Destination,O1114,Paphos
F4,Destination,O1115,Paphos Area
F4,Destination,O1116,Paradise Bay
F4,Destination,O1117,Pareklisia
F4,Destination,O1118,Parga
F4,Destination,O1119,Parga Town
F4,Destination,O1120,Parghelia
F4,Destination,O1121,Paris
F4,Destination,O1122,Park City
F4,Destination,O1123,Paros
F4,Destination,O1124,Pas de la Casa
F4,Destination,O1125,Pasikuda
F4,Destination,O1126,Passau
F4,Destination,O1127,Passo Tonale
F4,Destination,O1128,Pastida
F4,Destination,O1129,Patitiri
F4,Destination,O1130,Patmos
F4,Destination,O1131,Patong Beach
F4,Destination,O1132,Pattaya
F4,Destination,O1133,Paxos
F4,Destination,O1134,Pefkohori
F4,Destination,O1135,Pefkos
F4,Destination,O1136,Pelekas Beach
F4,Destination,O1137,Peloponnese
F4,Destination,O1138,Perama
F4,Destination,O1139,Perast
F4,Destination,O1140,Peratata
F4,Destination,O1141,Perdika
F4,Destination,O1142,Perissa
F4,Destination,O1143,Perivolos
F4,Destination,O1144,Pernera
F4,Destination,O1145,Peroulades
F4,Destination,O1146,Peru
F4,Destination,O1147,Perugia
F4,Destination,O1148,Peschiera
F4,Destination,O1149,Pestani
F4,Destination,O1150,Petalidi
F4,Destination,O1151,Petrovac
F4,Destination,O1152,Phi Phi
F4,Destination,O1153,Philipsburg
F4,Destination,O1154,Phuket
F4,Destination,O1155,Piano di Sorrento
F4,Destination,O1156,Pila
F4,Destination,O1157,Pineda de Mar
F4,Destination,O1158,Pingwe
F4,Destination,O1159,Pinzolo
F4,Destination,O1160,Piombino (for Siena and Pisa)
F4,Destination,O1161,Piraeus (for Athens)
F4,Destination,O1162,Pisa
F4,Destination,O1163,Piskopiano Village
F4,Destination,O1164,Pissouri
F4,Destination,O1165,Pizzo
F4,Destination,O1166,Plat
F4,Destination,O1167,Platanes
F4,Destination,O1168,Platanias
F4,Destination,O1169,Plati Yialos
F4,Destination,O1170,Platja DAro
F4,Destination,O1171,Platja De Fornells
F4,Destination,O1172,Platja de Migjorn
F4,Destination,O1173,Playa Blanca
F4,Destination,O1174,Playa de Fornells
F4,Destination,O1175,Playa de la Arena
F4,Destination,O1176,Playa de las Americas
F4,Destination,O1177,Playa de los Pocillos
F4,Destination,O1178,Playa de Muro
F4,Destination,O1179,Playa de Palma
F4,Destination,O1180,Playa De San Juan
F4,Destination,O1181,Playa de Santiago
F4,Destination,O1182,Playa del Carmen
F4,Destination,O1183,Playa del Cura
F4,Destination,O1184,Playa del Ingles
F4,Destination,O1185,Playa den Bossa
F4,Destination,O1186,Playa Mujeres
F4,Destination,O1187,Playa Paraiso
F4,Destination,O1188,Playa Paraiso Mexico
F4,Destination,O1189,Playa Taurito
F4,Destination,O1190,Playacar
F4,Destination,O1191,Plimmiri
F4,Destination,O1192,Podgora
F4,Destination,O1193,Podgorica
F4,Destination,O1194,Podstrana
F4,Destination,O1195,Point Salines
F4,Destination,O1196,Pointe aux Piments
F4,Destination,O1197,Pointe Sarene
F4,Destination,O1198,Pointe-A-Pitre
F4,Destination,O1199,Poland
F4,Destination,O1200,Polichrono
F4,Destination,O1201,Polignano a Mare
F4,Destination,O1202,Polis
F4,Destination,O1203,Pollensa
F4,Destination,O1204,Pomorie
F4,Destination,O1205,Pomos
F4,Destination,O1206,Ponce
F4,Destination,O1207,Ponta Delgada
F4,Destination,O1208,Ponta Do Sol
F4,Destination,O1209,Pontresina
F4,Destination,O1210,Porches
F4,Destination,O1211,Porec
F4,Destination,O1212,Poros
F4,Destination,O1213,Porreres
F4,Destination,O1214,Port DAndratx
F4,Destination,O1215,Port des Torrent
F4,Destination,O1216,Port El Kantaoui
F4,Destination,O1217,Port Louis
F4,Destination,O1218,Portals Nous
F4,Destination,O1219,PortAventura
F4,Destination,O1220,Portimao
F4,Destination,O1221,Portinatx
F4,Destination,O1222,Porto
F4,Destination,O1223,Porto Cervo
F4,Destination,O1224,Porto Colom
F4,Destination,O1225,Porto Cristo
F4,Destination,O1226,Porto Moniz
F4,Destination,O1227,Porto Rotondo
F4,Destination,O1228,Porto Santo Island
F4,Destination,O1229,Porto Torres
F4,Destination,O1230,Portopetro
F4,Destination,O1231,Portoroz
F4,Destination,O1232,Portugal
F4,Destination,O1233,Positano
F4,Destination,O1234,Possidi
F4,Destination,O1235,Poste Lafayette
F4,Destination,O1236,Potos
F4,Destination,O1237,Pozzallo
F4,Destination,O1238,Prague
F4,Destination,O1239,Praia
F4,Destination,O1240,Praia da Gale
F4,Destination,O1241,Praia da Luz
F4,Destination,O1242,Praia da Rocha
F4,Destination,O1243,Praia do Vau
F4,Destination,O1244,Praia dos Salgados
F4,Destination,O1245,Praia dOura
F4,Destination,O1246,Praiano
F4,Destination,O1247,Praslin
F4,Destination,O1248,Prazeres
F4,Destination,O1249,Preveza
F4,Destination,O1250,Primorsko
F4,Destination,O1251,Prina
F4,Destination,O1252,Propriano
F4,Destination,O1253,Protaras
F4,Destination,O1254,Psakoudia
F4,Destination,O1255,Psalidi
F4,Destination,O1256,Psarou
F4,Destination,O1257,Psarras
F4,Destination,O1258,Puertito de Los Silos
F4,Destination,O1259,Puerto Banus
F4,Destination,O1260,Puerto Calero
F4,Destination,O1261,Puerto de Alcudia
F4,Destination,O1262,Puerto de la Cruz
F4,Destination,O1263,Puerto De Santa Maria
F4,Destination,O1264,Puerto de Santiago
F4,Destination,O1265,Puerto de Soller
F4,Destination,O1266,Puerto del Carmen
F4,Destination,O1267,Puerto del Rosario
F4,Destination,O1268,Puerto Mogan
F4,Destination,O1269,Puerto Morelos
F4,Destination,O1270,Puerto Naos
F4,Destination,O1271,Puerto Pollensa
F4,Destination,O1272,Puerto Rico
F4,Destination,O1273,Puerto San Miguel
F4,Destination,O1274,Puerto Vallarta
F4,Destination,O1275,Puglia
F4,Destination,O1276,Puig de Ros
F4,Destination,O1277,Pula
F4,Destination,O1278,Pula (Sardinia)
F4,Destination,O1279,Pula Golf
F4,Destination,O1280,Punta
F4,Destination,O1281,Punta Cana
F4,Destination,O1282,Punta Prima
F4,Destination,O1283,Pyhä
F4,Destination,O1284,Pyrgi
F4,Destination,O1285,Pyrgos
F4,Destination,O1286,Pythagorion
F4,Destination,O1287,Qatar
F4,Destination,O1288,Qawra
F4,Destination,O1289,Quarteira
F4,Destination,O1290,Quatre Bornes
F4,Destination,O1291,Quinta dos Alamos
F4,Destination,O1292,Rabac
F4,Destination,O1293,Ramsau im Zillertal
F4,Destination,O1294,Rapallo
F4,Destination,O1295,Ras Al Khaimah
F4,Destination,O1296,Ratzakli
F4,Destination,O1297,Rauris
F4,Destination,O1298,Ravello
F4,Destination,O1299,Ravenna (For Bologna)
F4,Destination,O1300,Rawai
F4,Destination,O1301,Regensburg
F4,Destination,O1302,Reith im Alpbachtal
F4,Destination,O1303,Rethymnon
F4,Destination,O1304,Rethymnon area
F4,Destination,O1305,Reykjavik
F4,Destination,O1306,Rhodes
F4,Destination,O1307,Rhodes Town
F4,Destination,O1308,Ribeira Brava
F4,Destination,O1309,Riga
F4,Destination,O1310,Rijeka
F4,Destination,O1311,Rimini
F4,Destination,O1312,Risoul
F4,Destination,O1313,Riva
F4,Destination,O1314,Riviera Maya
F4,Destination,O1315,Road Town
F4,Destination,O1316,Rockley
F4,Destination,O1317,Roda
F4,Destination,O1318,Rodney Bay
F4,Destination,O1319,Romania
F4,Destination,O1320,Rome
F4,Destination,O1321,Ronda
F4,Destination,O1322,Roquetas de Mar
F4,Destination,O1323,Roseau
F4,Destination,O1324,Roses
F4,Destination,O1325,Rota
F4,Destination,O1326,Rotterdam
F4,Destination,O1327,Rovaniemi
F4,Destination,O1328,Rovinj
F4,Destination,O1329,Rudesheim
F4,Destination,O1330,Ruka
F4,Destination,O1331,Runaway Bay
F4,Destination,O1332,Sa Caleta
F4,Destination,O1333,Sa Coma
F4,Destination,O1334,Saalbach
F4,Destination,O1335,Saariselka
F4,Destination,O1336,Saas-Fee
F4,Destination,O1337,SAgaro
F4,Destination,O1338,Sagres
F4,Destination,O1339,Sainte-Foy
F4,Destination,O1340,Saiq
F4,Destination,O1341,Sal
F4,Destination,O1342,Salema
F4,Destination,O1343,Salerno (for Pompeii and Amalfi Coast)
F4,Destination,O1344,SAlgar
F4,Destination,O1345,Salla
F4,Destination,O1346,Salò
F4,Destination,O1347,Salou
F4,Destination,O1348,Saly
F4,Destination,O1349,Salzburg
F4,Destination,O1350,Samana
F4,Destination,O1351,Sami
F4,Destination,O1352,Samoëns
F4,Destination,O1353,Samos
F4,Destination,O1354,Samos Town
F4,Destination,O1355,Sampieri
F4,Destination,O1356,San Agustin (Gran Canaria)
F4,Destination,O1357,San Agustin (Majorca)
F4,Destination,O1358,San Anton
F4,Destination,O1359,San Antonio
F4,Destination,O1360,San Antonio Bay
F4,Destination,O1361,San Cristobal De La Laguna
F4,Destination,O1362,San Fernando
F4,Destination,O1363,San Francisco
F4,Destination,O1364,San Juan
F4,Destination,O1365,San Martino di Castrozza
F4,Destination,O1366,San Miguel de Abona
F4,Destination,O1367,San Pantaleo
F4,Destination,O1368,San Pedro de Alcantara
F4,Destination,O1369,San Pedro de Macoris
F4,Destination,O1370,San Sebastian
F4,Destination,O1371,San Stefanos
F4,Destination,O1372,San Teodoro
F4,Destination,O1373,Sani
F4,Destination,O1374,Sanlucar De Barrameda
F4,Destination,O1375,Sanremo
F4,Destination,O1376,Sansicario
F4,Destination,O1377,Sant Antonio Di Gallura
F4,Destination,O1378,Sant Elm
F4,Destination,O1379,Sant Josep de sa Talaia
F4,Destination,O1380,Sant Rafel
F4,Destination,O1381,Santa Cristina Val Gardena
F4,Destination,O1382,Santa Cruz
F4,Destination,O1383,Santa Cruz de La Palma
F4,Destination,O1384,Santa Cruz de Tenerife
F4,Destination,O1385,Santa Eulalia
F4,Destination,O1386,Santa Margherita di Pula
F4,Destination,O1387,Santa Margherita Ligure
F4,Destination,O1388,Santa Maria Al Bagno
F4,Destination,O1389,Santa Maria Del Cami
F4,Destination,O1390,Santa Maria di Leuca
F4,Destination,O1391,Santa Ponsa
F4,Destination,O1392,Santa Susanna
F4,Destination,O1393,Santa Teresa Gallura
F4,Destination,O1394,Santa Venerina
F4,Destination,O1395,SantAgata
F4,Destination,O1396,SantAgnello
F4,Destination,O1397,Santana
F4,Destination,O1398,Santandria
F4,Destination,O1399,Santanyi
F4,Destination,O1400,Santiago de Compostela
F4,Destination,O1401,Santo da Serra
F4,Destination,O1402,Santo Domingo
F4,Destination,O1403,Santo Tomas
F4,Destination,O1404,Santorini
F4,Destination,O1405,Sanur
F4,Destination,O1406,Sao Joao
F4,Destination,O1407,Sao Rafael
F4,Destination,O1408,Sao Vicente
F4,Destination,O1409,Sardinia
F4,Destination,O1410,SArgamassa
F4,Destination,O1411,Sarigerme
F4,Destination,O1412,Sauze dOulx
F4,Destination,O1413,Savona (for Genoa and Turin)
F4,Destination,O1414,Scala
F4,Destination,O1415,Scarborough
F4,Destination,O1416,Schladming
F4,Destination,O1417,Seefeld
F4,Destination,O1418,Seferihisar
F4,Destination,O1419,Seiano
F4,Destination,O1420,Selimiye
F4,Destination,O1421,Selva di Fasano
F4,Destination,O1422,Selva Val Gardena
F4,Destination,O1423,Seminyak
F4,Destination,O1424,Senegal
F4,Destination,O1425,Serbia
F4,Destination,O1426,Serfaus-Fiss-Ladis
F4,Destination,O1427,Serre Chevalier
F4,Destination,O1428,Ses Paisses
F4,Destination,O1429,Sesmarias
F4,Destination,O1430,Sestri Levante
F4,Destination,O1431,Sestriere
F4,Destination,O1432,Seville
F4,Destination,O1433,Seychelles
F4,Destination,O1434,Sfakaki
F4,Destination,O1435,Sharm El Sheikh
F4,Destination,O1436,Sibenik
F4,Destination,O1437,Sicily
F4,Destination,O1438,Sidari
F4,Destination,O1439,Side
F4,Destination,O1440,Siena
F4,Destination,O1441,Sierra Nevada
F4,Destination,O1442,Sigacik
F4,Destination,O1443,Silhouette Island
F4,Destination,O1444,Sillot
F4,Destination,O1445,Singapore
F4,Destination,O1446,Sinquerim
F4,Destination,O1447,Sintra
F4,Destination,O1448,Siófok
F4,Destination,O1449,Sipan Island
F4,Destination,O1450,Siracusa
F4,Destination,O1451,Sirmione
F4,Destination,O1452,Sissi
F4,Destination,O1453,Sitges
F4,Destination,O1454,Sivota
F4,Destination,O1455,Skala
F4,Destination,O1456,Skala Potamias
F4,Destination,O1457,Skala Rahoni
F4,Destination,O1458,Skaletta
F4,Destination,O1459,Skanes
F4,Destination,O1460,Skiathos
F4,Destination,O1461,Skiathos Town
F4,Destination,O1462,Skopelos
F4,Destination,O1463,Skopelos Town
F4,Destination,O1464,Slano
F4,Destination,O1465,Sliema
F4,Destination,O1466,Slovakia
F4,Destination,O1467,Slovenia
F4,Destination,O1468,Slovenian Coast
F4,Destination,O1469,Smugglers Cove
F4,Destination,O1470,Sofia
F4,Destination,O1471,Solana Matorra
F4,Destination,O1472,Sölden
F4,Destination,O1473,Soldeu
F4,Destination,O1474,Söll
F4,Destination,O1475,Soller
F4,Destination,O1476,Son Bou
F4,Destination,O1477,Son Parc
F4,Destination,O1478,Son Xoriguer
F4,Destination,O1479,Sorrento
F4,Destination,O1480,Sorrento Coast
F4,Destination,O1481,Sorrento/Amalfi Coast
F4,Destination,O1482,Sotogrande
F4,Destination,O1483,Souda (for Chania)
F4,Destination,O1484,Soufriere
F4,Destination,O1485,Sousse
F4,Destination,O1486,South Aegean Islands
F4,Destination,O1487,South Africa
F4,Destination,O1488,South America
F4,Destination,O1489,South Goa
F4,Destination,O1490,South Korea
F4,Destination,O1491,South Mauritius
F4,Destination,O1492,South-Eastern Beaches
F4,Destination,O1493,South-Western Beaches
F4,Destination,O1494,Sozopol
F4,Destination,O1495,Spain
F4,Destination,O1496,Spanochori
F4,Destination,O1497,Spartia
F4,Destination,O1498,Speyer
F4,Destination,O1499,Split
F4,Destination,O1500,Srebreno
F4,Destination,O1501,Sri Lanka
F4,Destination,O1502,St Anton
F4,Destination,O1503,St Christoph
F4,Destination,O1504,St Felix
F4,Destination,O1505,St Georges
F4,Destination,O1506,St Gervais
F4,Destination,O1507,St Gilgen
F4,Destination,O1508,St James
F4,Destination,O1509,St Johann in Tyrol
F4,Destination,O1510,St Johns
F4,Destination,O1511,St Julians
F4,Destination,O1512,St Kitts
F4,Destination,O1513,St Kitts and Nevis
F4,Destination,O1514,St Lawrence
F4,Destination,O1515,St Lucia
F4,Destination,O1516,St Lucia North
F4,Destination,O1517,St Lucia South
F4,Destination,O1518,St Maarten
F4,Destination,O1519,St Moritz
F4,Destination,O1520,St PaulS Bay
F4,Destination,O1521,St Peter
F4,Destination,O1522,St Philip
F4,Destination,O1523,St Spyridon
F4,Destination,O1524,St Vincent
F4,Destination,O1525,St Vincent and the Grenadines
F4,Destination,O1526,St Vlas
F4,Destination,O1527,St Wolfgang
F4,Destination,O1528,Stalis
F4,Destination,O1529,Stalos
F4,Destination,O1530,Stockholm
F4,Destination,O1531,Stöten
F4,Destination,O1532,Strasbourg
F4,Destination,O1533,Stresa
F4,Destination,O1534,Struga
F4,Destination,O1535,St-Sorlin-dArves
F4,Destination,O1536,Stuttgart
F4,Destination,O1537,Sun Valley
F4,Destination,O1538,Sunny Beach
F4,Destination,O1539,Surin Beach
F4,Destination,O1540,Sveti Stefan
F4,Destination,O1541,Svoronata
F4,Destination,O1542,Sweden
F4,Destination,O1543,Switzerland
F4,Destination,O1544,Talamanca
F4,Destination,O1545,Tallinn
F4,Destination,O1546,Tamarin
F4,Destination,O1547,Tangier
F4,Destination,O1548,Tanzania
F4,Destination,O1549,Taormina
F4,Destination,O1550,Taormina Mare
F4,Destination,O1551,Tarajalejo
F4,Destination,O1552,Tarragona
F4,Destination,O1553,Tavira
F4,Destination,O1554,Tavronitis
F4,Destination,O1555,Tazacorte
F4,Destination,O1556,Tekirova
F4,Destination,O1557,Tenerife
F4,Destination,O1558,Tenerife South
F4,Destination,O1559,Thailand
F4,Destination,O1560,Thassos
F4,Destination,O1561,Thassos Town
F4,Destination,O1562,The Algarve
F4,Destination,O1563,The Lime
F4,Destination,O1564,Thessaloniki
F4,Destination,O1565,Thira
F4,Destination,O1566,Tholos
F4,Destination,O1567,Tignes
F4,Destination,O1568,Tingaki
F4,Destination,O1569,Tirana
F4,Destination,O1570,Tirrenia
F4,Destination,O1571,Tivat
F4,Destination,O1572,Tobago
F4,Destination,O1573,Tokyo
F4,Destination,O1574,Tomamu
F4,Destination,O1575,Torba
F4,Destination,O1576,Torbole
F4,Destination,O1577,Toronto
F4,Destination,O1578,Torre de Benagalbon
F4,Destination,O1579,Torre del Mar
F4,Destination,O1580,Torremolinos
F4,Destination,O1581,Torrenova
F4,Destination,O1582,Torrent de Cala Pi
F4,Destination,O1583,Torrevieja
F4,Destination,O1584,Torrox
F4,Destination,O1585,Tossa de Mar
F4,Destination,O1586,Toulon (for the Cote dAzur)
F4,Destination,O1587,Toulouse
F4,Destination,O1588,Tourlos
F4,Destination,O1589,Tragaki
F4,Destination,O1590,Trapani
F4,Destination,O1591,Trapezaki
F4,Destination,O1592,Trelawny
F4,Destination,O1593,Tremblant
F4,Destination,O1594,Tremezzo
F4,Destination,O1595,Tri Trang Beach
F4,Destination,O1596,Trianda
F4,Destination,O1597,Trier
F4,Destination,O1598,Trieste
F4,Destination,O1599,Trincomalee
F4,Destination,O1600,Trinidad and Tobago
F4,Destination,O1601,Trogir
F4,Destination,O1602,Tromso
F4,Destination,O1603,Tropea
F4,Destination,O1604,Trou aux Biches
F4,Destination,O1605,Trou dEau Douce
F4,Destination,O1606,Troulos
F4,Destination,O1607,True Blue
F4,Destination,O1608,Trypiti
F4,Destination,O1609,Trysil
F4,Destination,O1610,Tsarevo
F4,Destination,O1611,Tsilivi
F4,Destination,O1612,Tsoukalades
F4,Destination,O1613,Tucepi
F4,Destination,O1614,Tulum
F4,Destination,O1615,Tunisia
F4,Destination,O1616,Turgutreis
F4,Destination,O1617,Turin
F4,Destination,O1618,Turkey
F4,Destination,O1619,Turkler
F4,Destination,O1620,Turunc
F4,Destination,O1621,Tuscany
F4,Destination,O1622,UAE Beach
F4,Destination,O1623,Ubud
F4,Destination,O1624,Ulcinj
F4,Destination,O1625,Ulupinar
F4,Destination,O1626,Umag
F4,Destination,O1627,United Arab Emirates
F4,Destination,O1628,United Kingdom
F4,Destination,O1629,United States of America
F4,Destination,O1630,Universal Orlando Resort
F4,Destination,O1631,Uroa
F4,Destination,O1632,US Virgin Islands
F4,Destination,O1633,Uvero Alto
F4,Destination,O1634,Uzunyurt
F4,Destination,O1635,Vagator
F4,Destination,O1636,Vail
F4,Destination,O1637,Val Cenis
F4,Destination,O1638,Val di Fassa
F4,Destination,O1639,Val dIsère
F4,Destination,O1640,Val Thorens
F4,Destination,O1641,Vale De Garrao
F4,Destination,O1642,Vale de Parra
F4,Destination,O1643,Vale Do Lobo
F4,Destination,O1644,Valencia
F4,Destination,O1645,Valencia City
F4,Destination,O1646,Valencia Region
F4,Destination,O1647,Valldemossa
F4,Destination,O1648,Valle Gran Rey
F4,Destination,O1649,Valletta
F4,Destination,O1650,Valloire
F4,Destination,O1651,Valmeinier
F4,Destination,O1652,Vancouver
F4,Destination,O1653,Varca Beach
F4,Destination,O1654,Vars
F4,Destination,O1655,Vasilias
F4,Destination,O1656,Vassilikos
F4,Destination,O1657,Vatopedi
F4,Destination,O1658,Vaujany
F4,Destination,O1659,Vecindario
F4,Destination,O1660,Veere
F4,Destination,O1661,Velonades
F4,Destination,O1662,Venetian Riviera
F4,Destination,O1663,Venice
F4,Destination,O1664,Vera
F4,Destination,O1665,Vernole
F4,Destination,O1666,Verona
F4,Destination,O1667,Viareggio
F4,Destination,O1668,Vico Equense
F4,Destination,O1669,Victoria
F4,Destination,O1670,Vidin
F4,Destination,O1671,Vienna
F4,Destination,O1672,Vietnam
F4,Destination,O1673,Vietri sul Mare
F4,Destination,O1674,Vieux Fort
F4,Destination,O1675,Vigo Port
F4,Destination,O1676,Vila Nova de Gaia
F4,Destination,O1677,Vilaflor
F4,Destination,O1678,Vilamoura
F4,Destination,O1679,Villafranca Tirrena
F4,Destination,O1680,Villajoyosa
F4,Destination,O1681,Villasimius
F4,Destination,O1682,Villefranche (for Monaco and Nice)
F4,Destination,O1683,Vilnius
F4,Destination,O1684,Vinuela
F4,Destination,O1685,Vlychada
F4,Destination,O1686,Voss
F4,Destination,O1687,Vourvoulos
F4,Destination,O1688,Vrsar
F4,Destination,O1689,Vukovar
F4,Destination,O1690,Wadduwa
F4,Destination,O1691,Wagrain
F4,Destination,O1692,Waikkal
F4,Destination,O1693,Walt Disney World Resort
F4,Destination,O1694,Warsaw
F4,Destination,O1695,Washington DC
F4,Destination,O1696,Weissenkirchen
F4,Destination,O1697,Wengen
F4,Destination,O1698,Wertheim
F4,Destination,O1699,West Coast
F4,Destination,O1700,Whistler
F4,Destination,O1701,Willemstad
F4,Destination,O1702,Worms
F4,Destination,O1703,Worthing
F4,Destination,O1704,Wurzburg
F4,Destination,O1705,Yaiza
F4,Destination,O1706,Yalikavak
F4,Destination,O1707,Yas Island
F4,Destination,O1708,Yasmine Hammamet
F4,Destination,O1709,Ylläs
F4,Destination,O1710,Zadar
F4,Destination,O1711,Zagreb
F4,Destination,O1712,Zahara de los Atunes
F4,Destination,O1713,Zakynthos Town
F4,Destination,O1714,Zambrone
F4,Destination,O1715,Zante
F4,Destination,O1716,Zanzibar
F4,Destination,O1717,Zaton Mali
F4,Destination,O1718,Zell am See
F4,Destination,O1719,Zermatt
F4,Destination,O1720,Zurich
F4,Destination,O1721,Zürs
F5,Facilities,O1722,24-hour reception
F5,Facilities,O1723,A la carte dining
F5,Facilities,O1724,Adult only areas
F5,Facilities,O1725,Aerial Adventure
F5,Facilities,O1726,Aerobics
F5,Facilities,O1727,Air hockey
F5,Facilities,O1728,Aqua aerobics
F5,Facilities,O1729,Arcade machines
F5,Facilities,O1730,Archery
F5,Facilities,O1731,Aromatherapy
F5,Facilities,O1732,Asian restaurant
F5,Facilities,O1733,Ayurvedic treatments
F5,Facilities,O1734,Baby equipment
F5,Facilities,O1735,Badminton
F5,Facilities,O1736,Bar
F5,Facilities,O1737,Basketball
F5,Facilities,O1738,Beauty salon/treatments
F5,Facilities,O1739,Bike hire
F5,Facilities,O1740,Billiards
F5,Facilities,O1741,Bingo
F5,Facilities,O1742,Boccia
F5,Facilities,O1743,Body slide
F5,Facilities,O1744,Body wraps
F5,Facilities,O1745,Bodyboarding
F5,Facilities,O1746,Boules
F5,Facilities,O1747,British restaurant
F5,Facilities,O1748,Buffet restaurant
F5,Facilities,O1749,Burgers/fast food
F5,Facilities,O1750,Café
F5,Facilities,O1751,Catamaran
F5,Facilities,O1752,Chinese restaurant
F5,Facilities,O1753,Christmas gala meals
F5,Facilities,O1754,Cinema
F5,Facilities,O1755,Coffee maker
F5,Facilities,O1756,Cooking class
F5,Facilities,O1757,Creche
F5,Facilities,O1758,Creperie
F5,Facilities,O1759,Cruise ship
F5,Facilities,O1760,Currency exchange
F5,Facilities,O1761,Darts
F5,Facilities,O1762,Daytime activity programme
F5,Facilities,O1763,Dining area
F5,Facilities,O1764,Disco
F5,Facilities,O1765,Dishwasher
F5,Facilities,O1766,Double bedroom
F5,Facilities,O1767,En suite bathroom
F5,Facilities,O1768,Entertainment
F5,Facilities,O1769,Evening entertainment programme
F5,Facilities,O1770,Facials
F5,Facilities,O1771,Feature slide
F5,Facilities,O1772,Fish/seafood restaurant
F5,Facilities,O1773,Fitness classes/room
F5,Facilities,O1774,Food and Drink
F5,Facilities,O1775,Football
F5,Facilities,O1776,Football Academy
F5,Facilities,O1777,Foreign language lessons
F5,Facilities,O1778,Free Wi-Fi
F5,Facilities,O1779,French restaurant
F5,Facilities,O1780,Fridge
F5,Facilities,O1781,Fridge-freezer
F5,Facilities,O1782,Fusion restaurant
F5,Facilities,O1783,Games room
F5,Facilities,O1784,Gardens
F5,Facilities,O1785,Gift shop
F5,Facilities,O1786,Golf course
F5,Facilities,O1787,Golf offers
F5,Facilities,O1788,Greener and fairer hotels
F5,Facilities,O1789,Grill
F5,Facilities,O1790,Grill/steakhouse restaurant
F5,Facilities,O1791,Gym
F5,Facilities,O1792,Hairdressing
F5,Facilities,O1793,Health and Beauty
F5,Facilities,O1794,Hob
F5,Facilities,O1795,Hot tub/whirlpool
F5,Facilities,O1796,Indian restaurant
F5,Facilities,O1797,Indoor pool
F5,Facilities,O1798,Infinity pool
F5,Facilities,O1799,International restaurant
F5,Facilities,O1800,Internet area
F5,Facilities,O1801,Internet facilities
F5,Facilities,O1802,Italian restaurant
F5,Facilities,O1803,Japanese restaurant
F5,Facilities,O1804,Jet-ski
F5,Facilities,O1805,Jewellers
F5,Facilities,O1806,Jogging track
F5,Facilities,O1807,Karaoke
F5,Facilities,O1808,Kayaks
F5,Facilities,O1809,Kettle
F5,Facilities,O1810,Kids club
F5,Facilities,O1811,Kids cooking class
F5,Facilities,O1812,Kids dining
F5,Facilities,O1813,Kids pool
F5,Facilities,O1814,Kids slide
F5,Facilities,O1815,Kitchen
F5,Facilities,O1816,Kitchen Facilities
F5,Facilities,O1817,Laundry service
F5,Facilities,O1818,Lazy river
F5,Facilities,O1819,Live music
F5,Facilities,O1820,Live sport screenings
F5,Facilities,O1821,Local cuisine
F5,Facilities,O1822,Lounge
F5,Facilities,O1823,Lower floor rooms
F5,Facilities,O1824,Luggage store
F5,Facilities,O1825,Manicure
F5,Facilities,O1826,Massage
F5,Facilities,O1827,Mediterranean restaurant
F5,Facilities,O1828,Mexican restaurant
F5,Facilities,O1829,Microwave
F5,Facilities,O1830,Middle floor rooms
F5,Facilities,O1831,Mini-disco
F5,Facilities,O1832,Mini-football
F5,Facilities,O1833,Minigolf
F5,Facilities,O1834,Mini-market
F5,Facilities,O1835,Mini-oven
F5,Facilities,O1836,Multi-lane slide
F5,Facilities,O1837,Multi-sports court
F5,Facilities,O1838,New Year gala meals
F5,Facilities,O1839,Offsite Waterpark
F5,Facilities,O1840,Onboard Experience
F5,Facilities,O1841,Onboard Support
F5,Facilities,O1842,Onsite waterpark
F5,Facilities,O1843,Organic restaurant
F5,Facilities,O1844,Other
F5,Facilities,O1845,Other Facilities
F5,Facilities,O1846,Outdoor area
F5,Facilities,O1847,Outdoor pool
F5,Facilities,O1848,Oven
F5,Facilities,O1849,Parasols
F5,Facilities,O1850,Parking
F5,Facilities,O1851,Pedalos
F5,Facilities,O1852,Pedicure
F5,Facilities,O1853,Photo shop
F5,Facilities,O1854,Pizza restaurant
F5,Facilities,O1855,Playground
F5,Facilities,O1856,Pool
F5,Facilities,O1857,Pool bar
F5,Facilities,O1858,Pool table
F5,Facilities,O1859,Pool towels
F5,Facilities,O1860,Porter
F5,Facilities,O1861,Private beach
F5,Facilities,O1862,Reading room
F5,Facilities,O1863,Reception area
F5,Facilities,O1864,Reflexology
F5,Facilities,O1865,Restaurant dress code
F5,Facilities,O1866,Safety deposit boxes
F5,Facilities,O1867,Saltwater pool
F5,Facilities,O1868,Sandwich toaster
F5,Facilities,O1869,Sauna
F5,Facilities,O1870,Scuba
F5,Facilities,O1871,Scuba - additional info
F5,Facilities,O1872,Select Your Room available
F5,Facilities,O1873,Self-service laundry
F5,Facilities,O1874,Separate bathroom
F5,Facilities,O1875,Separate toilet
F5,Facilities,O1876,Shopping
F5,Facilities,O1877,Shuffleboard
F5,Facilities,O1878,Shuttle bus
F5,Facilities,O1879,Single bedroom
F5,Facilities,O1880,Snack bar
F5,Facilities,O1881,Snorkelling
F5,Facilities,O1882,Spa
F5,Facilities,O1883,Speed slide
F5,Facilities,O1884,Splash park
F5,Facilities,O1885,Splash pool
F5,Facilities,O1886,Sports and Activities
F5,Facilities,O1887,Spray ground
F5,Facilities,O1888,Stage Academy
F5,Facilities,O1889,Steam room
F5,Facilities,O1890,Sunbeds
F5,Facilities,O1891,Surf simulator
F5,Facilities,O1892,Swim Academy
F5,Facilities,O1893,Table tennis
F5,Facilities,O1894,Tennis
F5,Facilities,O1895,Thai restaurant
F5,Facilities,O1896,Thalassotherapy pool
F5,Facilities,O1897,Toaster
F5,Facilities,O1898,Tube slide
F5,Facilities,O1899,Turkish bath
F5,Facilities,O1900,Twin bedroom
F5,Facilities,O1901,Upper floor rooms
F5,Facilities,O1902,Vegetarian restaurant
F5,Facilities,O1903,Video games
F5,Facilities,O1904,Villa Layout
F5,Facilities,O1905,Villa outdoor area
F5,Facilities,O1906,Volleyball
F5,Facilities,O1907,Washing machine
F5,Facilities,O1908,Water polo
F5,Facilities,O1909,Water-skiing
F5,Facilities,O1910,Waterslide
F5,Facilities,O1911,Watersports
F5,Facilities,O1912,Wave pool
F5,Facilities,O1913,Waxing
F5,Facilities,O1914,Wi-Fi*
F6,Flight: Airlines,O1915,9Air
F6,Flight: Airlines,O1916,ABX Air
F6,Flight: Airlines,O1917,Adria Airways
F6,Flight: Airlines,O1918,Aegean Airlines
F6,Flight: Airlines,O1919,Aer Lingus
F6,Flight: Airlines,O1920,Aer Lingus Regional
F6,Flight: Airlines,O1921,Aero Condor
F6,Flight: Airlines,O1922,Aero Mongolia
F6,Flight: Airlines,O1923,Aero-Charter Airlines
F6,Flight: Airlines,O1924,Aerocon
F6,Flight: Airlines,O1925,Aeroflot Russian Airlines
F6,Flight: Airlines,O1926,Aerogal
F6,Flight: Airlines,O1927,Aerolineas Argentinas
F6,Flight: Airlines,O1928,Aerolineas MAS
F6,Flight: Airlines,O1929,Aerolineas Sosa
F6,Flight: Airlines,O1930,Aeromar
F6,Flight: Airlines,O1931,Aeromexico
F6,Flight: Airlines,O1932,Aeromexico Connect
F6,Flight: Airlines,O1933,Aeropelican Air Services
F6,Flight: Airlines,O1934,Aeropostal
F6,Flight: Airlines,O1935,AeroUnion
F6,Flight: Airlines,O1936,Aerovias DAP
F6,Flight: Airlines,O1937,Afric Aviation
F6,Flight: Airlines,O1938,African Express Airways
F6,Flight: Airlines,O1939,Afriqiyah Airways
F6,Flight: Airlines,O1940,Aigle Azur
F6,Flight: Airlines,O1941,Air Algerie
F6,Flight: Airlines,O1942,Air Alps
F6,Flight: Airlines,O1943,Air Arabia
F6,Flight: Airlines,O1944,Air Arabia Egypt
F6,Flight: Airlines,O1945,Air Arabia Maroc
F6,Flight: Airlines,O1946,Air Armenia
F6,Flight: Airlines,O1947,Air Astana
F6,Flight: Airlines,O1948,Air Atlanta Icelandic
F6,Flight: Airlines,O1949,Air Austral
F6,Flight: Airlines,O1950,Air Bashkortostan
F6,Flight: Airlines,O1951,Air Bishkek
F6,Flight: Airlines,O1952,Air Bissau International
F6,Flight: Airlines,O1953,Air Botswana
F6,Flight: Airlines,O1954,Air Burkina
F6,Flight: Airlines,O1955,Air Busan
F6,Flight: Airlines,O1956,Air Cairo
F6,Flight: Airlines,O1957,Air Caledonie
F6,Flight: Airlines,O1958,Air Canada
F6,Flight: Airlines,O1959,Air Caraibes Atlantique
F6,Flight: Airlines,O1960,Air Cargo Carriers
F6,Flight: Airlines,O1961,Air Class Lineas Aereas
F6,Flight: Airlines,O1962,Air Corsica
F6,Flight: Airlines,O1963,Air Costa
F6,Flight: Airlines,O1964,Air Creebec
F6,Flight: Airlines,O1965,Air Do
F6,Flight: Airlines,O1966,Air Europa
F6,Flight: Airlines,O1967,Air France
F6,Flight: Airlines,O1968,Air Greenland
F6,Flight: Airlines,O1969,Air Guyane Express
F6,Flight: Airlines,O1970,Air Iceland
F6,Flight: Airlines,O1971,Air India
F6,Flight: Airlines,O1972,Air India Regional
F6,Flight: Airlines,O1973,Air Inuit
F6,Flight: Airlines,O1974,Air Italy
F6,Flight: Airlines,O1975,Air Japan / ANA
F6,Flight: Airlines,O1976,Air KBZ
F6,Flight: Airlines,O1977,Air Kiribati
F6,Flight: Airlines,O1978,Air Koryo
F6,Flight: Airlines,O1979,Air Labrador
F6,Flight: Airlines,O1980,Air Macau
F6,Flight: Airlines,O1981,Air Madagascar
F6,Flight: Airlines,O1982,Air Malawi
F6,Flight: Airlines,O1983,Air Mandalay
F6,Flight: Airlines,O1984,Air Marshall Islands
F6,Flight: Airlines,O1985,Air Mauritius
F6,Flight: Airlines,O1986,Air Moldova
F6,Flight: Airlines,O1987,Air Namibia
F6,Flight: Airlines,O1988,Air New Zealand
F6,Flight: Airlines,O1989,Air Niamey
F6,Flight: Airlines,O1990,Air Niugini
F6,Flight: Airlines,O1991,Air North - Yukons Airline
F6,Flight: Airlines,O1992,Air Norway
F6,Flight: Airlines,O1993,Air Nostrum (Iberia Regional)
F6,Flight: Airlines,O1994,Air Onix Airlines
F6,Flight: Airlines,O1995,Air Panama
F6,Flight: Airlines,O1996,Air People International
F6,Flight: Airlines,O1997,Air Rarotonga
F6,Flight: Airlines,O1998,Air Saint-Pierre
F6,Flight: Airlines,O1999,Air Seychelles
F6,Flight: Airlines,O2000,Air Sinai
F6,Flight: Airlines,O2001,Air Tahiti
F6,Flight: Airlines,O2002,Air Tahiti Nui
F6,Flight: Airlines,O2003,Air Tanzania
F6,Flight: Airlines,O2004,Air Tindi
F6,Flight: Airlines,O2005,Air Transat
F6,Flight: Airlines,O2006,Air Transport International - ATI
F6,Flight: Airlines,O2007,Air Uganda
F6,Flight: Airlines,O2008,Air Urga
F6,Flight: Airlines,O2009,Air Wisconsin / US Airways Express
F6,Flight: Airlines,O2010,Air Zimbabwe
F6,Flight: Airlines,O2011,AirAsia
F6,Flight: Airlines,O2012,AirAsia India
F6,Flight: Airlines,O2013,AirAsia Philippines
F6,Flight: Airlines,O2014,AirAsia X
F6,Flight: Airlines,O2015,AirBaltic
F6,Flight: Airlines,O2016,AirBerlin
F6,Flight: Airlines,O2017,AirBridgeCargo
F6,Flight: Airlines,O2018,Airbus Transport International
F6,Flight: Airlines,O2019,Aircalin
F6,Flight: Airlines,O2020,AirExplore
F6,Flight: Airlines,O2021,Air-India Express
F6,Flight: Airlines,O2022,Airkenya Express
F6,Flight: Airlines,O2023,Airlines PNG
F6,Flight: Airlines,O2024,AirNorth Regional
F6,Flight: Airlines,O2025,AirTran Airways
F6,Flight: Airlines,O2026,AJT Air International
F6,Flight: Airlines,O2027,AK Bars Aero
F6,Flight: Airlines,O2028,Aklak Air
F6,Flight: Airlines,O2029,Alania Airlines
F6,Flight: Airlines,O2030,Alaska Horizon
F6,Flight: Airlines,O2031,Alba Star
F6,Flight: Airlines,O2032,Alidaunia
F6,Flight: Airlines,O2033,Alitalia
F6,Flight: Airlines,O2034,Alitalia CityLiner
F6,Flight: Airlines,O2035,Allegiant Air
F6,Flight: Airlines,O2036,Alliance Airlines
F6,Flight: Airlines,O2037,Al-Naser Airlines
F6,Flight: Airlines,O2038,Aloha Air Cargo
F6,Flight: Airlines,O2039,Alpine Air Express
F6,Flight: Airlines,O2040,Amaszonas
F6,Flight: Airlines,O2041,AMC Airlines
F6,Flight: Airlines,O2042,American Airlines
F6,Flight: Airlines,O2043,American Jet
F6,Flight: Airlines,O2044,Amerijet International
F6,Flight: Airlines,O2045,Ameristar Air Cargo
F6,Flight: Airlines,O2046,ANA - All Nippon Airways
F6,Flight: Airlines,O2047,ANA Wings
F6,Flight: Airlines,O2048,Angola Air Charter
F6,Flight: Airlines,O2049,Anguilla Air Services
F6,Flight: Airlines,O2050,Antrak Air
F6,Flight: Airlines,O2051,Ariana Afghan Airlines
F6,Flight: Airlines,O2052,Arkia Israeli Airlines
F6,Flight: Airlines,O2053,Aruba Airlines
F6,Flight: Airlines,O2054,ASERCA Airlines
F6,Flight: Airlines,O2055,Asia Atlantic Airlines
F6,Flight: Airlines,O2056,Asian Express
F6,Flight: Airlines,O2057,Asiana Airlines
F6,Flight: Airlines,O2058,Asky Airlines
F6,Flight: Airlines,O2059,ASL Airlines
F6,Flight: Airlines,O2060,ATA Airlines
F6,Flight: Airlines,O2061,Athens Airways
F6,Flight: Airlines,O2062,Atlantic Airways
F6,Flight: Airlines,O2063,Atlasjet Airlines
F6,Flight: Airlines,O2064,ATRAN Cargo Airlines
F6,Flight: Airlines,O2065,Augsburg Airways
F6,Flight: Airlines,O2066,Aurigny Air Services
F6,Flight: Airlines,O2067,Austral Lineas Aereas
F6,Flight: Airlines,O2068,Austrian
F6,Flight: Airlines,O2069,Avia Traffic
F6,Flight: Airlines,O2070,Avialeasing
F6,Flight: Airlines,O2071,Avianca
F6,Flight: Airlines,O2072,Avianca Brazil
F6,Flight: Airlines,O2073,Avianca Cargo
F6,Flight: Airlines,O2074,Aviastar
F6,Flight: Airlines,O2075,Avies
F6,Flight: Airlines,O2076,Avior Airlines
F6,Flight: Airlines,O2077,Azerbaijan Airlines
F6,Flight: Airlines,O2078,Azul
F6,Flight: Airlines,O2079,B&H Airlines
F6,Flight: Airlines,O2080,BA CityFlyer
F6,Flight: Airlines,O2081,Bahamasair
F6,Flight: Airlines,O2082,Balkan Air Holidays
F6,Flight: Airlines,O2083,Bangkok Airways
F6,Flight: Airlines,O2084,Bankair
F6,Flight: Airlines,O2085,Bearskin Airlines
F6,Flight: Airlines,O2086,Bek Air
F6,Flight: Airlines,O2087,Belair
F6,Flight: Airlines,O2088,Belavia Belarusian Airlines
F6,Flight: Airlines,O2089,Bemidji Airlines
F6,Flight: Airlines,O2090,Berjaya Air
F6,Flight: Airlines,O2091,Bhutan Airlines
F6,Flight: Airlines,O2092,Biman Banglasdesh Airlines
F6,Flight: Airlines,O2093,Bismillah Airlines
F6,Flight: Airlines,O2094,Blue Air
F6,Flight: Airlines,O2095,Blue Islands
F6,Flight: Airlines,O2096,Blue Panorama Airlines
F6,Flight: Airlines,O2097,Blue1
F6,Flight: Airlines,O2098,Bluebird Airways
F6,Flight: Airlines,O2099,Bluebird Cargo
F6,Flight: Airlines,O2100,bmi Regional
F6,Flight: Airlines,O2101,Boliviana de Aviacion - BoA
F6,Flight: Airlines,O2102,BQB Lineas Aereas
F6,Flight: Airlines,O2103,Braathens Regional
F6,Flight: Airlines,O2104,British Airways
F6,Flight: Airlines,O2105,British Airways Euroflyer
F6,Flight: Airlines,O2106,British Midland Airlines
F6,Flight: Airlines,O2107,Brussels Airlines
F6,Flight: Airlines,O2108,Bukovyna Airlines
F6,Flight: Airlines,O2109,Bulgaria Air
F6,Flight: Airlines,O2110,Bural
F6,Flight: Airlines,O2111,Buraq Air
F6,Flight: Airlines,O2112,Business Air
F6,Flight: Airlines,O2113,BVI Airways
F6,Flight: Airlines,O2114,CAA - Compagnie Africaine dAviation
F6,Flight: Airlines,O2115,Camair
F6,Flight: Airlines,O2116,Cambodia Angkor Air
F6,Flight: Airlines,O2117,Cambodia Bayon Airlines
F6,Flight: Airlines,O2118,Canadian North
F6,Flight: Airlines,O2119,CanJet Airlines
F6,Flight: Airlines,O2120,Cape Air
F6,Flight: Airlines,O2121,Cardig Air Cargo
F6,Flight: Airlines,O2122,Cargolux
F6,Flight: Airlines,O2123,Caribbean Airlines
F6,Flight: Airlines,O2124,Carpatair
F6,Flight: Airlines,O2125,Caspian Airlines
F6,Flight: Airlines,O2126,Cathay Pacific
F6,Flight: Airlines,O2127,Cayman Airways
F6,Flight: Airlines,O2128,Cebu Pacific Air
F6,Flight: Airlines,O2129,Ceiba Intercontinental
F6,Flight: Airlines,O2130,Central Mountain Air
F6,Flight: Airlines,O2131,Centurion Air Cargo
F6,Flight: Airlines,O2132,Chalair Aviation
F6,Flight: Airlines,O2133,Cham Wings Airlines
F6,Flight: Airlines,O2134,Chanchangi Airlines
F6,Flight: Airlines,O2135,Changan Airlines
F6,Flight: Airlines,O2136,Chautauqua Airlines
F6,Flight: Airlines,O2137,Chengdu Airlines
F6,Flight: Airlines,O2138,China Airlines
F6,Flight: Airlines,O2139,China Cargo Airlines
F6,Flight: Airlines,O2140,China Eastern Yunnan
F6,Flight: Airlines,O2141,China Express Airlines
F6,Flight: Airlines,O2142,China Southern Airlines
F6,Flight: Airlines,O2143,China United Airlines
F6,Flight: Airlines,O2144,Chongqing Airlines
F6,Flight: Airlines,O2145,Cielos Airlines
F6,Flight: Airlines,O2146,Citilink
F6,Flight: Airlines,O2147,CityJet
F6,Flight: Airlines,O2148,Cobalt Air
F6,Flight: Airlines,O2149,Cobham Aviation Services
F6,Flight: Airlines,O2150,Comair / Kulula
F6,Flight: Airlines,O2151,CommutAir / United Express
F6,Flight: Airlines,O2152,Comores Aviation International
F6,Flight: Airlines,O2153,Compass Airlines
F6,Flight: Airlines,O2154,Condor
F6,Flight: Airlines,O2155,Conviasa
F6,Flight: Airlines,O2156,Copa Airlines
F6,Flight: Airlines,O2157,Copa Airlines Colombia
F6,Flight: Airlines,O2158,Corendon Airlines
F6,Flight: Airlines,O2159,Corendon Airlines Europe
F6,Flight: Airlines,O2160,Corsair International
F6,Flight: Airlines,O2161,Croatia Airlines
F6,Flight: Airlines,O2162,Cronos Airlines
F6,Flight: Airlines,O2163,Cruiser Linhas Aereas
F6,Flight: Airlines,O2164,CSA Czech Airlines
F6,Flight: Airlines,O2165,Cubana de Aviacion
F6,Flight: Airlines,O2166,Dalian Airlines
F6,Flight: Airlines,O2167,Dana Air
F6,Flight: Airlines,O2168,Danish Air Transport - DAT
F6,Flight: Airlines,O2169,Deer Air
F6,Flight: Airlines,O2170,Delta Air Lines
F6,Flight: Airlines,O2171,Denim Air
F6,Flight: Airlines,O2172,DHL Aero Expreso
F6,Flight: Airlines,O2173,DHL Air
F6,Flight: Airlines,O2174,DHL de Guatemala
F6,Flight: Airlines,O2175,DHL Ecuador
F6,Flight: Airlines,O2176,DHL International Aviation ME
F6,Flight: Airlines,O2177,Direktflyg
F6,Flight: Airlines,O2178,Dniproavia
F6,Flight: Airlines,O2179,Donavia
F6,Flight: Airlines,O2180,DragonAir
F6,Flight: Airlines,O2181,Druk Air
F6,Flight: Airlines,O2182,Eagle Air
F6,Flight: Airlines,O2183,East Horizon Airlines
F6,Flight: Airlines,O2184,Eastar Jet
F6,Flight: Airlines,O2185,Eastern Airways
F6,Flight: Airlines,O2186,Eastern SkyJets
F6,Flight: Airlines,O2187,Easy Fly Express
F6,Flight: Airlines,O2188,EasyJet
F6,Flight: Airlines,O2189,easyJet Switzerland
F6,Flight: Airlines,O2190,Ecuato Guineana de Aviacion
F6,Flight: Airlines,O2191,Edelweiss Air
F6,Flight: Airlines,O2192,EgyptAir Express
F6,Flight: Airlines,O2193,El Al
F6,Flight: Airlines,O2194,Emirates Airline
F6,Flight: Airlines,O2195,Empire Airlines
F6,Flight: Airlines,O2196,Endeavor Air
F6,Flight: Airlines,O2197,Envoy Air
F6,Flight: Airlines,O2198,Eritrean Airlines
F6,Flight: Airlines,O2199,Ernest Airlines
F6,Flight: Airlines,O2200,Estafeta Carga Aerea
F6,Flight: Airlines,O2201,Estonian Air
F6,Flight: Airlines,O2202,Ethiopian Airlines
F6,Flight: Airlines,O2203,Etihad Airways
F6,Flight: Airlines,O2204,Euroatlantic Airways
F6,Flight: Airlines,O2205,EuroLOT
F6,Flight: Airlines,O2206,Europe Airpost
F6,Flight: Airlines,O2207,European AirTransport
F6,Flight: Airlines,O2208,Eurowings
F6,Flight: Airlines,O2209,EVA Air
F6,Flight: Airlines,O2210,Express Air
F6,Flight: Airlines,O2211,ExpressJet
F6,Flight: Airlines,O2212,Far Eastern Air Transport
F6,Flight: Airlines,O2213,Fars Air Qeshm
F6,Flight: Airlines,O2214,FastJet
F6,Flight: Airlines,O2215,FedEx Express
F6,Flight: Airlines,O2216,Felix Airways
F6,Flight: Airlines,O2217,Fiji Airways
F6,Flight: Airlines,O2218,Finnair
F6,Flight: Airlines,O2219,Firefly
F6,Flight: Airlines,O2220,First Air
F6,Flight: Airlines,O2221,Flair Airlines
F6,Flight: Airlines,O2222,Florida West International Airlines
F6,Flight: Airlines,O2223,Fly540
F6,Flight: Airlines,O2224,Fly540 Ghana
F6,Flight: Airlines,O2225,FlyBe
F6,Flight: Airlines,O2226,FlyBy Nordic
F6,Flight: Airlines,O2227,FlyCongo
F6,Flight: Airlines,O2228,flyDubai
F6,Flight: Airlines,O2229,FlyEasy
F6,Flight: Airlines,O2230,Flyglinjen
F6,Flight: Airlines,O2231,FlyMontserrat
F6,Flight: Airlines,O2232,Flynas
F6,Flight: Airlines,O2233,Freebird Airlines
F6,Flight: Airlines,O2234,Freedom Air
F6,Flight: Airlines,O2235,Frontier Airlines
F6,Flight: Airlines,O2236,Fuji Dream Airlines
F6,Flight: Airlines,O2237,Gabon Airlines Cargo
F6,Flight: Airlines,O2238,Gambia Bird
F6,Flight: Airlines,O2239,Garuda Indonesia Airways
F6,Flight: Airlines,O2240,Gazpromavia Aviation
F6,Flight: Airlines,O2241,Georgian Airways
F6,Flight: Airlines,O2242,Germania
F6,Flight: Airlines,O2243,Germanwings
F6,Flight: Airlines,O2244,Global Supply Systems
F6,Flight: Airlines,O2245,Globus
F6,Flight: Airlines,O2246,Go Air
F6,Flight: Airlines,O2247,GOL Linhas Aereas Inteligentes
F6,Flight: Airlines,O2248,Golden Myanmar Airlines
F6,Flight: Airlines,O2249,Gorkha Airlines
F6,Flight: Airlines,O2250,Grand Canyon Airlines
F6,Flight: Airlines,O2251,Grand China Air
F6,Flight: Airlines,O2252,Great Lakes Airlines
F6,Flight: Airlines,O2253,Grozny Avia
F6,Flight: Airlines,O2254,Guinea Bissau Airlines
F6,Flight: Airlines,O2255,Gulf Air
F6,Flight: Airlines,O2256,Hainan Airlines
F6,Flight: Airlines,O2257,Hamburg Airways
F6,Flight: Airlines,O2258,Hawaiian Airlines
F6,Flight: Airlines,O2259,Hawkair Aviation Services
F6,Flight: Airlines,O2260,Heavylift Cargo Airlines
F6,Flight: Airlines,O2261,Hebei Airlines
F6,Flight: Airlines,O2262,Heli Air Monaco
F6,Flight: Airlines,O2263,Helijet Airways
F6,Flight: Airlines,O2264,Helitt Airlines
F6,Flight: Airlines,O2265,Hellenic Imperial Airways
F6,Flight: Airlines,O2266,Helvetic Airways
F6,Flight: Airlines,O2267,Hemus Air
F6,Flight: Airlines,O2268,Henan Airlines
F6,Flight: Airlines,O2269,Hex Air
F6,Flight: Airlines,O2270,Hong Kong Airlines
F6,Flight: Airlines,O2271,Hong Kong Express Airways
F6,Flight: Airlines,O2272,Hunnu Air
F6,Flight: Airlines,O2273,IBC Airways
F6,Flight: Airlines,O2274,Iberia
F6,Flight: Airlines,O2275,Iberia Express
F6,Flight: Airlines,O2276,Ibex Airlines
F6,Flight: Airlines,O2277,Icelandair
F6,Flight: Airlines,O2278,IFL Group / Gulf & Caribbean Air
F6,Flight: Airlines,O2279,I-Fly
F6,Flight: Airlines,O2280,IndiGo Airlines
F6,Flight: Airlines,O2281,Indonesia AirAsia
F6,Flight: Airlines,O2282,Insel Air
F6,Flight: Airlines,O2283,Inter Air Airlines
F6,Flight: Airlines,O2284,InterCaribbean Airways
F6,Flight: Airlines,O2285,Intercontinental Airways
F6,Flight: Airlines,O2286,Interjet
F6,Flight: Airlines,O2287,Interlink Airlines
F6,Flight: Airlines,O2288,InterSky
F6,Flight: Airlines,O2289,IrAero Airlines
F6,Flight: Airlines,O2290,Iran Air
F6,Flight: Airlines,O2291,Iran Airtour
F6,Flight: Airlines,O2292,Iran Aseman Airlines
F6,Flight: Airlines,O2293,Iraqi Airways
F6,Flight: Airlines,O2294,Irtysh-Air
F6,Flight: Airlines,O2295,Island Air
F6,Flight: Airlines,O2296,Island Airlines
F6,Flight: Airlines,O2297,Islena Airlines
F6,Flight: Airlines,O2298,Isles of Scilly Skybus
F6,Flight: Airlines,O2299,Israir
F6,Flight: Airlines,O2300,Izair
F6,Flight: Airlines,O2301,Izhavia
F6,Flight: Airlines,O2302,J-Air
F6,Flight: Airlines,O2303,Japan Air Commuter
F6,Flight: Airlines,O2304,Japan Airlines
F6,Flight: Airlines,O2305,Japan Transocean Air
F6,Flight: Airlines,O2306,Jazeera Airways
F6,Flight: Airlines,O2307,Jazz Air
F6,Flight: Airlines,O2308,Jeju Air
F6,Flight: Airlines,O2309,Jet Air Fly
F6,Flight: Airlines,O2310,Jet Airways
F6,Flight: Airlines,O2311,Jet Asia Airways
F6,Flight: Airlines,O2312,Jet Aviation Business Jets
F6,Flight: Airlines,O2313,Jet Express Gabon
F6,Flight: Airlines,O2314,Jet2
F6,Flight: Airlines,O2315,Jet4You
F6,Flight: Airlines,O2316,JetAir
F6,Flight: Airlines,O2317,Jetairfly / WXYZ
F6,Flight: Airlines,O2318,JetBlue Airways
F6,Flight: Airlines,O2319,Jetclub
F6,Flight: Airlines,O2320,JetKonnect
F6,Flight: Airlines,O2321,JetStar
F6,Flight: Airlines,O2322,Jetstar Asia
F6,Flight: Airlines,O2323,JetStar Japan
F6,Flight: Airlines,O2324,JetStar Pacific
F6,Flight: Airlines,O2325,Jett8 Airlines
F6,Flight: Airlines,O2326,Jin Air
F6,Flight: Airlines,O2327,Jordan Aviation
F6,Flight: Airlines,O2328,Jordan International Air Cargo
F6,Flight: Airlines,O2329,Joy Air
F6,Flight: Airlines,O2330,Jubba Airways
F6,Flight: Airlines,O2331,Juneyao Airlines
F6,Flight: Airlines,O2332,Kabo Air
F6,Flight: Airlines,O2333,Kalitta Air
F6,Flight: Airlines,O2334,Kalitta Charters
F6,Flight: Airlines,O2335,KalStar Aviation
F6,Flight: Airlines,O2336,Kam Air
F6,Flight: Airlines,O2337,KAPO
F6,Flight: Airlines,O2338,Kaya Airlines
F6,Flight: Airlines,O2339,Kelowna Flightcraft
F6,Flight: Airlines,O2340,Kenmore Air
F6,Flight: Airlines,O2341,Kenn Borek Air
F6,Flight: Airlines,O2342,Kenya Airways
F6,Flight: Airlines,O2343,Key Lime Air
F6,Flight: Airlines,O2344,Kish Air
F6,Flight: Airlines,O2345,Kivalliq Air
F6,Flight: Airlines,O2346,KLM
F6,Flight: Airlines,O2347,KLM Cityhopper
F6,Flight: Airlines,O2348,KM Malta Airlines
F6,Flight: Airlines,O2349,K-Mile Air
F6,Flight: Airlines,O2350,Korean Air
F6,Flight: Airlines,O2351,Korongo Airlines
F6,Flight: Airlines,O2352,Kunming Airlines
F6,Flight: Airlines,O2353,Kuwait Airways
F6,Flight: Airlines,O2354,Kygyzstan Aircompany
F6,Flight: Airlines,O2355,La Compagnie
F6,Flight: Airlines,O2356,La Costena
F6,Flight: Airlines,O2357,LADE - Lineas Aereas Del Estado
F6,Flight: Airlines,O2358,LAM Mozambique
F6,Flight: Airlines,O2359,LAN Argentina
F6,Flight: Airlines,O2360,LAN Cargo
F6,Flight: Airlines,O2361,LAN Ecuador
F6,Flight: Airlines,O2362,LAN Express
F6,Flight: Airlines,O2363,LAN Peru
F6,Flight: Airlines,O2364,Lanco
F6,Flight: Airlines,O2365,Lao Airlines
F6,Flight: Airlines,O2366,Lao Central Airlines
F6,Flight: Airlines,O2367,LASER Airlines
F6,Flight: Airlines,O2368,LATAM Airlines
F6,Flight: Airlines,O2369,Lauda Air
F6,Flight: Airlines,O2370,LGW - Luftfahrtgesellschaft Walter
F6,Flight: Airlines,O2371,LIAT
F6,Flight: Airlines,O2372,Libyan Airlines
F6,Flight: Airlines,O2373,Lignes Aeriennes Congolaises - LAC
F6,Flight: Airlines,O2374,Lina Congo
F6,Flight: Airlines,O2375,Lion Airlines
F6,Flight: Airlines,O2376,Livingston
F6,Flight: Airlines,O2377,Loganair
F6,Flight: Airlines,O2378,LOT Polish Airlines
F6,Flight: Airlines,O2379,LTA - Linea Turistica Aerotuy
F6,Flight: Airlines,O2380,Lucky Air
F6,Flight: Airlines,O2381,Lufthansa
F6,Flight: Airlines,O2382,Lufthansa Cityline
F6,Flight: Airlines,O2383,Lugansk Airlines
F6,Flight: Airlines,O2384,Luxair
F6,Flight: Airlines,O2385,Lynden Air Cargo
F6,Flight: Airlines,O2386,Macair Jet
F6,Flight: Airlines,O2387,Mahan Air
F6,Flight: Airlines,O2388,Mahfooz Aviation
F6,Flight: Airlines,O2389,Malaysia Airlines
F6,Flight: Airlines,O2390,Maldivian
F6,Flight: Airlines,O2391,Malindo Air
F6,Flight: Airlines,O2392,Malmo Aviation
F6,Flight: Airlines,O2393,Mandarin Airlines
F6,Flight: Airlines,O2394,Mango
F6,Flight: Airlines,O2395,Martinair
F6,Flight: Airlines,O2396,MaxAir
F6,Flight: Airlines,O2397,Maya Island Air
F6,Flight: Airlines,O2398,Medavia
F6,Flight: Airlines,O2399,Med-View Airline
F6,Flight: Airlines,O2400,Mega Maldives Airlines
F6,Flight: Airlines,O2401,Merpati Nusantara Airlines
F6,Flight: Airlines,O2402,Mesa Airlines
F6,Flight: Airlines,O2403,MetroJet
F6,Flight: Airlines,O2404,Mexicana Link
F6,Flight: Airlines,O2405,Miami Air International
F6,Flight: Airlines,O2406,MIAT - Mongolian Airlines
F6,Flight: Airlines,O2407,Mid Airlines
F6,Flight: Airlines,O2408,Middle East Airlines - MEA
F6,Flight: Airlines,O2409,Midex Airlines
F6,Flight: Airlines,O2410,Midwest Airlines
F6,Flight: Airlines,O2411,Mihin Lanka
F6,Flight: Airlines,O2412,Mistral Air
F6,Flight: Airlines,O2413,MNG Airlines
F6,Flight: Airlines,O2414,Mokulele Airlines
F6,Flight: Airlines,O2415,Moldavian Airlines
F6,Flight: Airlines,O2416,Monarch Airlines
F6,Flight: Airlines,O2417,Montenegro Airlines
F6,Flight: Airlines,O2418,Moskovia Airlines
F6,Flight: Airlines,O2419,Motor Sich Airlines
F6,Flight: Airlines,O2420,Mount Cook Airlines
F6,Flight: Airlines,O2421,MRK Airlines
F6,Flight: Airlines,O2422,Myanmar Airways International - MAI
F6,Flight: Airlines,O2423,Myanmar National Airways
F6,Flight: Airlines,O2424,Naft Airlines
F6,Flight: Airlines,O2425,Nasair
F6,Flight: Airlines,O2426,National Airlines
F6,Flight: Airlines,O2427,National Airways (NAC)
F6,Flight: Airlines,O2428,National Airways Cameroon
F6,Flight: Airlines,O2429,Nature Air
F6,Flight: Airlines,O2430,NAYSA
F6,Flight: Airlines,O2431,Neos
F6,Flight: Airlines,O2432,Nepal Airlines
F6,Flight: Airlines,O2433,Neptune Air
F6,Flight: Airlines,O2434,New England Airlines
F6,Flight: Airlines,O2435,NHT Linhas Aereas
F6,Flight: Airlines,O2436,Niki
F6,Flight: Airlines,O2437,Nile Air
F6,Flight: Airlines,O2438,Nippon Cargo Airlines
F6,Flight: Airlines,O2439,Nok Air
F6,Flight: Airlines,O2440,Nordic Global Airlines
F6,Flight: Airlines,O2441,NordStar Airlines
F6,Flight: Airlines,O2442,Norse Atlantic Airways
F6,Flight: Airlines,O2443,North Cariboo Air
F6,Flight: Airlines,O2444,North Wright Airways
F6,Flight: Airlines,O2445,Northern Air Cargo
F6,Flight: Airlines,O2446,Northern Thurderbird Air
F6,Flight: Airlines,O2447,Northwestern Air
F6,Flight: Airlines,O2448,Norwegian
F6,Flight: Airlines,O2449,Nouvelair
F6,Flight: Airlines,O2450,Nova Airways
F6,Flight: Airlines,O2451,Novair
F6,Flight: Airlines,O2452,Novo Air
F6,Flight: Airlines,O2453,Odessa Airlines
F6,Flight: Airlines,O2454,Okay Airlines
F6,Flight: Airlines,O2455,Olympic Air
F6,Flight: Airlines,O2456,Oman Air
F6,Flight: Airlines,O2457,Omni Air International
F6,Flight: Airlines,O2458,Onur Air
F6,Flight: Airlines,O2459,Operated by Buzz
F6,Flight: Airlines,O2460,Operated by Lauda
F6,Flight: Airlines,O2461,Operated by Malta Air
F6,Flight: Airlines,O2462,Operated by Ryanair UK
F6,Flight: Airlines,O2463,Orbest Orizonia Airlines
F6,Flight: Airlines,O2464,Orenair
F6,Flight: Airlines,O2465,Orient Thai Airlines
F6,Flight: Airlines,O2466,Our Airline
F6,Flight: Airlines,O2467,Overland Airways
F6,Flight: Airlines,O2468,PacificFlier.com
F6,Flight: Airlines,O2469,Pakistan International Airlines
F6,Flight: Airlines,O2470,PAL Airlines
F6,Flight: Airlines,O2471,PAN Air (TNT)
F6,Flight: Airlines,O2472,Paramount Airways
F6,Flight: Airlines,O2473,Passaredo Transportes Aereos
F6,Flight: Airlines,O2474,PAWA Dominicana
F6,Flight: Airlines,O2475,Payam Air
F6,Flight: Airlines,O2476,Peach
F6,Flight: Airlines,O2477,Pegasus Airlines
F6,Flight: Airlines,O2478,PenAir
F6,Flight: Airlines,O2479,Peoples Vienna Line
F6,Flight: Airlines,O2480,Perimeter Aviation
F6,Flight: Airlines,O2481,Peruvian Airlines
F6,Flight: Airlines,O2482,Petra Airlines
F6,Flight: Airlines,O2483,PGA - Portugalia Airlines
F6,Flight: Airlines,O2484,PGA Express
F6,Flight: Airlines,O2485,Philippine Airlines
F6,Flight: Airlines,O2486,Polet Airlines
F6,Flight: Airlines,O2487,Polynesian Airlines
F6,Flight: Airlines,O2488,Porter Airlines
F6,Flight: Airlines,O2489,Precision Air
F6,Flight: Airlines,O2490,Primera Air
F6,Flight: Airlines,O2491,Principal Airlines - PAL
F6,Flight: Airlines,O2492,Private Wings
F6,Flight: Airlines,O2493,Privilege Style
F6,Flight: Airlines,O2494,Proflight Zambia
F6,Flight: Airlines,O2495,Promech Air
F6,Flight: Airlines,O2496,Puerto Rico Air Management
F6,Flight: Airlines,O2497,Pullmantur Air
F6,Flight: Airlines,O2498,Punto Azul
F6,Flight: Airlines,O2499,Qantas Airways
F6,Flight: Airlines,O2500,Qatar Airways
F6,Flight: Airlines,O2501,Qingdao Airlines
F6,Flight: Airlines,O2502,RACSA
F6,Flight: Airlines,O2503,Ravn Alaska
F6,Flight: Airlines,O2504,Real Tonga
F6,Flight: Airlines,O2505,Red Wings Airlines
F6,Flight: Airlines,O2506,Regent Airways
F6,Flight: Airlines,O2507,Republic Airlines
F6,Flight: Airlines,O2508,Rex - Regional Express
F6,Flight: Airlines,O2509,Romavia
F6,Flight: Airlines,O2510,Rossiya Airlines
F6,Flight: Airlines,O2511,Rotana Jet
F6,Flight: Airlines,O2512,Rovos Air
F6,Flight: Airlines,O2513,Royal Air Maroc
F6,Flight: Airlines,O2514,Royal Brunei Airlines
F6,Flight: Airlines,O2515,Royal Daisy Airlines
F6,Flight: Airlines,O2516,Royal Falcon Airlines
F6,Flight: Airlines,O2517,Royal Jordanian Airlines
F6,Flight: Airlines,O2518,Royal Wings
F6,Flight: Airlines,O2519,Ruili Airlines
F6,Flight: Airlines,O2520,Rus Aviation
F6,Flight: Airlines,O2521,RusLine
F6,Flight: Airlines,O2522,Russian Sky
F6,Flight: Airlines,O2523,RwandAir
F6,Flight: Airlines,O2524,Ryanair
F6,Flight: Airlines,O2525,S7 Airlines
F6,Flight: Airlines,O2526,SA Alliance Air Express
F6,Flight: Airlines,O2527,SA Express
F6,Flight: Airlines,O2528,Safair
F6,Flight: Airlines,O2529,SafariLink Aviation
F6,Flight: Airlines,O2530,Safi Airlines
F6,Flight: Airlines,O2531,Saga Airlines
F6,Flight: Airlines,O2532,Samarkand Airways
F6,Flight: Airlines,O2533,San Juan Airlines
F6,Flight: Airlines,O2534,SANSA
F6,Flight: Airlines,O2535,Saravia
F6,Flight: Airlines,O2536,SAT Airlines
F6,Flight: Airlines,O2537,SATA Air Acores
F6,Flight: Airlines,O2538,SATA International
F6,Flight: Airlines,O2539,Satena
F6,Flight: Airlines,O2540,Saudia
F6,Flight: Airlines,O2541,SBA Airlines
F6,Flight: Airlines,O2542,Scandinavian Air Link
F6,Flight: Airlines,O2543,Scandinavian Airlines - SAS
F6,Flight: Airlines,O2544,SCAT
F6,Flight: Airlines,O2545,Scoot
F6,Flight: Airlines,O2546,ScotAirways
F6,Flight: Airlines,O2547,Seaborne Airlines
F6,Flight: Airlines,O2548,Semeyavia
F6,Flight: Airlines,O2549,Senegal Airlines
F6,Flight: Airlines,O2550,Servant Air
F6,Flight: Airlines,O2551,Servicios Aereos Profesionales - SAP
F6,Flight: Airlines,O2552,Severstal Air Company
F6,Flight: Airlines,O2553,SF Airlines
F6,Flight: Airlines,O2554,SGA Airlines
F6,Flight: Airlines,O2555,Shaheen Air International
F6,Flight: Airlines,O2556,Shandong Airlines
F6,Flight: Airlines,O2557,Shanghai Airlines
F6,Flight: Airlines,O2558,Sharp Airlines
F6,Flight: Airlines,O2559,Shenzhen Airlines
F6,Flight: Airlines,O2560,Shovkoviy Shlyah Airlines
F6,Flight: Airlines,O2561,Sichuan Airlines
F6,Flight: Airlines,O2562,Silk Way Airlines
F6,Flight: Airlines,O2563,Silk Way West Airlines
F6,Flight: Airlines,O2564,SilkAir
F6,Flight: Airlines,O2565,Silver Airways
F6,Flight: Airlines,O2566,Singapore Airlines
F6,Flight: Airlines,O2567,Sky Airline
F6,Flight: Airlines,O2568,Sky Bahamas
F6,Flight: Airlines,O2569,Sky Express
F6,Flight: Airlines,O2570,Sky Gabon
F6,Flight: Airlines,O2571,Sky King
F6,Flight: Airlines,O2572,Sky Lease Cargo
F6,Flight: Airlines,O2573,Sky Regional / Air Canada Express
F6,Flight: Airlines,O2574,Sky Work Airlines
F6,Flight: Airlines,O2575,Skymark Airlines
F6,Flight: Airlines,O2576,Skynet Asia Airways
F6,Flight: Airlines,O2577,SkyWest Airlines
F6,Flight: Airlines,O2578,Small Planet
F6,Flight: Airlines,O2579,Smart Aviation
F6,Flight: Airlines,O2580,SmartLynx Airlines
F6,Flight: Airlines,O2581,Sol Lineas Aereas
F6,Flight: Airlines,O2582,Solar Cargo
F6,Flight: Airlines,O2583,Somon Air
F6,Flight: Airlines,O2584,South African Airways
F6,Flight: Airlines,O2585,South Airlines
F6,Flight: Airlines,O2586,South Supreme Airlines
F6,Flight: Airlines,O2587,Southwest Airlines
F6,Flight: Airlines,O2588,SpiceJet
F6,Flight: Airlines,O2589,Spirit Airlines
F6,Flight: Airlines,O2590,Spring Airlines
F6,Flight: Airlines,O2591,SriLankan Airlines
F6,Flight: Airlines,O2592,Sriwijaya Airlines
F6,Flight: Airlines,O2593,Star Air
F6,Flight: Airlines,O2594,Star Air Aviation
F6,Flight: Airlines,O2595,Star Flyer
F6,Flight: Airlines,O2596,Star Peru
F6,Flight: Airlines,O2597,Sudan Airways
F6,Flight: Airlines,O2598,Sun Air
F6,Flight: Airlines,O2599,Sun Country Airlines
F6,Flight: Airlines,O2600,Sun Express
F6,Flight: Airlines,O2601,Sun-Air of Scandinavia
F6,Flight: Airlines,O2602,Sunshine Express
F6,Flight: Airlines,O2603,Sunwing Airlines
F6,Flight: Airlines,O2604,Superior Aviation
F6,Flight: Airlines,O2605,Surinam Airways - SLM
F6,Flight: Airlines,O2606,Swiftair
F6,Flight: Airlines,O2607,Swiss International Air Lines
F6,Flight: Airlines,O2608,Sylt Air
F6,Flight: Airlines,O2609,Syphax Airlines
F6,Flight: Airlines,O2610,Syrianair
F6,Flight: Airlines,O2611,TAAG Angola Airlines
F6,Flight: Airlines,O2612,Taban Air
F6,Flight: Airlines,O2613,TACA Costa Rica
F6,Flight: Airlines,O2614,TACA Peru
F6,Flight: Airlines,O2615,TACV - Cabo Verde Airlines
F6,Flight: Airlines,O2616,Tailwind Airlines
F6,Flight: Airlines,O2617,Tajik Air
F6,Flight: Airlines,O2618,TAM Airlines
F6,Flight: Airlines,O2619,TAM Linhas Aereas
F6,Flight: Airlines,O2620,TAME Linea Aerea Del Ecuador
F6,Flight: Airlines,O2621,Tandem Aero
F6,Flight: Airlines,O2622,TAP Portugal
F6,Flight: Airlines,O2623,TAPO-Avia
F6,Flight: Airlines,O2624,Tara Air
F6,Flight: Airlines,O2625,TAROM
F6,Flight: Airlines,O2626,Tasman Cargo Airlines
F6,Flight: Airlines,O2627,Tassili Airlines
F6,Flight: Airlines,O2628,Tatarstan Air
F6,Flight: Airlines,O2629,TbilAviaMsheni Airlines
F6,Flight: Airlines,O2630,Thai AirAsia
F6,Flight: Airlines,O2631,Thai Airways International
F6,Flight: Airlines,O2632,Thomas Cook
F6,Flight: Airlines,O2633,Thomas Cook Airlines Belgium
F6,Flight: Airlines,O2634,Thomas Cook Airlines Scandinavia
F6,Flight: Airlines,O2635,Tianjin Airlines
F6,Flight: Airlines,O2636,Tibet Airlines
F6,Flight: Airlines,O2637,Tiger Airways
F6,Flight: Airlines,O2638,Titan Airways
F6,Flight: Airlines,O2639,TMA Cargo
F6,Flight: Airlines,O2640,TNT Airways
F6,Flight: Airlines,O2641,Toumai Air Tchad
F6,Flight: Airlines,O2642,Trade Air
F6,Flight: Airlines,O2643,Trans Air Benin
F6,Flight: Airlines,O2644,Trans Air Congo
F6,Flight: Airlines,O2645,Trans Attico
F6,Flight: Airlines,O2646,Trans States Airlines
F6,Flight: Airlines,O2647,Transaero Airlines
F6,Flight: Airlines,O2648,TransAsia Airways
F6,Flight: Airlines,O2649,Transavia Airlines
F6,Flight: Airlines,O2650,Transavia France
F6,Flight: Airlines,O2651,Transcarga International Airways
F6,Flight: Airlines,O2652,Transmile Air Services
F6,Flight: Airlines,O2653,Tranwest Air
F6,Flight: Airlines,O2654,Travel Service Airlines
F6,Flight: Airlines,O2655,Tropic Air
F6,Flight: Airlines,O2656,Tropical Airways dHaiti
F6,Flight: Airlines,O2657,Tulpar Air Service
F6,Flight: Airlines,O2658,Tunisair
F6,Flight: Airlines,O2659,Tunisair Express
F6,Flight: Airlines,O2660,Tunisavia
F6,Flight: Airlines,O2661,Turan Air
F6,Flight: Airlines,O2662,Turkish Airlines
F6,Flight: Airlines,O2663,Turkmenistan Airlines
F6,Flight: Airlines,O2664,TWay Airlines
F6,Flight: Airlines,O2665,Twin Jet
F6,Flight: Airlines,O2666,Ukraine International Airlines
F6,Flight: Airlines,O2667,ULS Airlines Cargo
F6,Flight: Airlines,O2668,UM Air
F6,Flight: Airlines,O2669,Uni Air
F6,Flight: Airlines,O2670,United Airlines
F6,Flight: Airlines,O2671,United Airways
F6,Flight: Airlines,O2672,Uni-Top Airlines
F6,Flight: Airlines,O2673,UPS Airlines
F6,Flight: Airlines,O2674,Ural Airlines
F6,Flight: Airlines,O2675,Urumqi Air
F6,Flight: Airlines,O2676,US Airways
F6,Flight: Airlines,O2677,USA Jet Airlines
F6,Flight: Airlines,O2678,US-Bangla Airlines
F6,Flight: Airlines,O2679,UTair Aviation
F6,Flight: Airlines,O2680,UTair-Express
F6,Flight: Airlines,O2681,UTair-Ukraine
F6,Flight: Airlines,O2682,Uzbekistan Airways
F6,Flight: Airlines,O2683,Valuair
F6,Flight: Airlines,O2684,Vanilla Air
F6,Flight: Airlines,O2685,Vensecar International
F6,Flight: Airlines,O2686,Vieques Air Link
F6,Flight: Airlines,O2687,Vietjet Air
F6,Flight: Airlines,O2688,Vietnam Air Service - VASCO
F6,Flight: Airlines,O2689,Vietnam Airlines
F6,Flight: Airlines,O2690,Virgin America
F6,Flight: Airlines,O2691,Virgin Atlantic Airways
F6,Flight: Airlines,O2692,Virgin Australia Airlines (NZ)
F6,Flight: Airlines,O2693,Virgin Samoa
F6,Flight: Airlines,O2694,Vision Airlines
F6,Flight: Airlines,O2695,Vistara
F6,Flight: Airlines,O2696,VivaAeroBus
F6,Flight: Airlines,O2697,Vladivostok Air
F6,Flight: Airlines,O2698,VLM Airlines
F6,Flight: Airlines,O2699,Volare Aircompany
F6,Flight: Airlines,O2700,Volaris
F6,Flight: Airlines,O2701,Volga-Dnepr Airlines
F6,Flight: Airlines,O2702,Volotea
F6,Flight: Airlines,O2703,Voyager Airlines
F6,Flight: Airlines,O2704,Vueling Airlines
F6,Flight: Airlines,O2705,WaltAir
F6,Flight: Airlines,O2706,Warbelows Air
F6,Flight: Airlines,O2707,Wasaya Airways
F6,Flight: Airlines,O2708,WDL Aviation
F6,Flight: Airlines,O2709,Welcome Air
F6,Flight: Airlines,O2710,West Afrfican Link
F6,Flight: Airlines,O2711,West Atlantic Sweden
F6,Flight: Airlines,O2712,West China Airlines
F6,Flight: Airlines,O2713,West Coast Air
F6,Flight: Airlines,O2714,Westair Benin
F6,Flight: Airlines,O2715,WestJet Airlines
F6,Flight: Airlines,O2716,WestJet Encore
F6,Flight: Airlines,O2717,White Airways
F6,Flight: Airlines,O2718,White Eagle Aviation
F6,Flight: Airlines,O2719,Wideroe
F6,Flight: Airlines,O2720,Wimbi Dira Airways
F6,Flight: Airlines,O2721,Winair
F6,Flight: Airlines,O2722,Wind Rose Aviation
F6,Flight: Airlines,O2723,Wings Air
F6,Flight: Airlines,O2724,Wings of Alaska
F6,Flight: Airlines,O2725,Wings of Lebanon
F6,Flight: Airlines,O2726,Wizz Air
F6,Flight: Airlines,O2727,Wizz Air Ukraine
F6,Flight: Airlines,O2728,Wright Air Service
F6,Flight: Airlines,O2729,WXYZ - Sth Term
F6,Flight: Airlines,O2730,WXYZ Airways
F6,Flight: Airlines,O2731,WXYZ fly Netherlands
F6,Flight: Airlines,O2732,WXYZfly
F6,Flight: Airlines,O2733,WXYZfly Nordic
F6,Flight: Airlines,O2734,Xiamen Airlines
F6,Flight: Airlines,O2735,XL Airways France
F6,Flight: Airlines,O2736,Xtra Airways
F6,Flight: Airlines,O2737,Yakutia Airlines
F6,Flight: Airlines,O2738,Yamal Airlines
F6,Flight: Airlines,O2739,Yangon Airways
F6,Flight: Airlines,O2740,Yangtse River Express
F6,Flight: Airlines,O2741,Yemenia
F6,Flight: Airlines,O2742,Yeti Airlines
F6,Flight: Airlines,O2743,Yunnan Ying An Airlines
F6,Flight: Airlines,O2744,Yuzmashavia
F6,Flight: Airlines,O2745,Zagros Airlines
F6,Flight: Airlines,O2746,ZagrosJet
F6,Flight: Airlines,O2747,Zambia Skyways
F6,Flight: Airlines,O2748,Zhejiang Loong Airlines
F6,Flight: Airlines,O2749,ZimexAviation
F7,Flight: Departure Time (back),O2750,Afternoon - 12:00-17:59
F7,Flight: Departure Time (back),O2751,Evening - 18:00-20:59
F7,Flight: Departure Time (back),O2752,Morning - 06:00-11:59
F7,Flight: Departure Time (back),O2753,Night - 21:00-05:59
F8,Flight: Departure Time (out),O2754,Afternoon - 12:00-17:59
F8,Flight: Departure Time (out),O2755,Evening - 18:00-20:59
F8,Flight: Departure Time (out),O2756,Morning - 06:00-11:59
F8,Flight: Departure Time (out),O2757,Night - 21:00-05:59
F9,Flight: Stops,O2758,Direct Flights
F10,Free Child Place,O2759,See free child places
F11,Holiday Type: Accommodation Type,O2760, Adults Only
F11,Holiday Type: Accommodation Type,O2761, All Inclusive Beach
F11,Holiday Type: Accommodation Type,O2762, Award winners
F11,Holiday Type: Accommodation Type,O2763, Beachfront
F11,Holiday Type: Accommodation Type,O2764, Contemporary style
F11,Holiday Type: Accommodation Type,O2765, Families
F11,Holiday Type: Accommodation Type,O2766, Green & Fair Hotels
F11,Holiday Type: Accommodation Type,O2767, Lakeside Resort
F11,Holiday Type: Accommodation Type,O2768, Local flavour
F11,Holiday Type: Accommodation Type,O2769, Luxury
F11,Holiday Type: Accommodation Type,O2770, Nightlife
F11,Holiday Type: Accommodation Type,O2771, Spa and Relaxation
F11,Holiday Type: Accommodation Type,O2772, Sports and Activities
F11,Holiday Type: Accommodation Type,O2773, Walking
F11,Holiday Type: Accommodation Type,O2774, Weddings
F11,Holiday Type: Accommodation Type,O2775, WXYZ Kids Club
F11,Holiday Type: Accommodation Type,O2776,Holiday Type: Best For
F11,Holiday Type: Accommodation Type,O2777,Hotel
F11,Holiday Type: Accommodation Type,O2778,Villa
F12,Holiday Type: Holiday by WXYZ,O2779,10 Reasons to Choose Couples
F12,Holiday Type: Holiday by WXYZ,O2780,10 Reasons to Choose Family Resorts
F12,Holiday Type: Holiday by WXYZ,O2781,10 Reasons To Choose Scene
F12,Holiday Type: Holiday by WXYZ,O2782,10 Reasons To Choose Weddings by WXYZ
F12,Holiday Type: Holiday by WXYZ,O2783,10 REASONS TO CHOOSE WXYZ BLUE FOR TWO
F12,Holiday Type: Holiday by WXYZ,O2784,10 Tips for Marrying Abroad
F12,Holiday Type: Holiday by WXYZ,O2785,10 Top Tips For Marrying Abroad
F12,Holiday Type: Holiday by WXYZ,O2786,24/7 support
F12,Holiday Type: Holiday by WXYZ,O2787,3 Great Things About The Caribbean...
F12,Holiday Type: Holiday by WXYZ,O2788,A la Carte
F12,Holiday Type: Holiday by WXYZ,O2789,Academies
F12,Holiday Type: Holiday by WXYZ,O2790,ACTIVITIES
F12,Holiday Type: Holiday by WXYZ,O2791,AFTER DARK
F12,Holiday Type: Holiday by WXYZ,O2792,All Inclusive Drinks
F12,Holiday Type: Holiday by WXYZ,O2793,Arctic Adventurer
F12,Holiday Type: Holiday by WXYZ,O2794,Around The World
F12,Holiday Type: Holiday by WXYZ,O2795,AUTHENTIC CUISINE
F12,Holiday Type: Holiday by WXYZ,O2796,Best For...
F12,Holiday Type: Holiday by WXYZ,O2797,Body Slides
F12,Holiday Type: Holiday by WXYZ,O2798,Bowl Slides
F12,Holiday Type: Holiday by WXYZ,O2799,Captain T
F12,Holiday Type: Holiday by WXYZ,O2800,CELEBRATION OF VOWS
F12,Holiday Type: Holiday by WXYZ,O2801,CHILDCARE
F12,Holiday Type: Holiday by WXYZ,O2802,Childrens Menus
F12,Holiday Type: Holiday by WXYZ,O2803,City Breaks
F12,Holiday Type: Holiday by WXYZ,O2804,Classic Lapland
F12,Holiday Type: Holiday by WXYZ,O2805,Collections
F12,Holiday Type: Holiday by WXYZ,O2806,COMFY ACCOMMODATION
F12,Holiday Type: Holiday by WXYZ,O2807,Contact Us
F12,Holiday Type: Holiday by WXYZ,O2808,Couples
F12,Holiday Type: Holiday by WXYZ,O2809,Crèches
F12,Holiday Type: Holiday by WXYZ,O2810,Crystal Finest
F12,Holiday Type: Holiday by WXYZ,O2811,Crystal Ski Holidays
F12,Holiday Type: Holiday by WXYZ,O2812,Dance at an authentic reggae bar
F12,Holiday Type: Holiday by WXYZ,O2813,Days and nights out
F12,Holiday Type: Holiday by WXYZ,O2814,Daytime Activities
F12,Holiday Type: Holiday by WXYZ,O2815,DAYTIMES
F12,Holiday Type: Holiday by WXYZ,O2816,Designed with Families in Mind
F12,Holiday Type: Holiday by WXYZ,O2817,DINING
F12,Holiday Type: Holiday by WXYZ,O2818,EASY EXCURSIONS
F12,Holiday Type: Holiday by WXYZ,O2819,ENDLESS ENTERTAINMENT
F12,Holiday Type: Holiday by WXYZ,O2820,ENTERTAINMENT
F12,Holiday Type: Holiday by WXYZ,O2821,escape!
F12,Holiday Type: Holiday by WXYZ,O2822,Evening Entertainment
F12,Holiday Type: Holiday by WXYZ,O2823,EXPERT PLANNING
F12,Holiday Type: Holiday by WXYZ,O2824,EXPERT REPS
F12,Holiday Type: Holiday by WXYZ,O2825,EXPERT SERVICE
F12,Holiday Type: Holiday by WXYZ,O2826,Explore the islands’ lush landscapes
F12,Holiday Type: Holiday by WXYZ,O2827,Family activities
F12,Holiday Type: Holiday by WXYZ,O2828,Family Resorts
F12,Holiday Type: Holiday by WXYZ,O2829,Family Rooms
F12,Holiday Type: Holiday by WXYZ,O2830,Family-friendly villas
F12,Holiday Type: Holiday by WXYZ,O2831,FAQS
F12,Holiday Type: Holiday by WXYZ,O2832,Faraway Shores
F12,Holiday Type: Holiday by WXYZ,O2833,First Choice Kids Club
F12,Holiday Type: Holiday by WXYZ,O2834,FIRST-RATE FACILITIES
F12,Holiday Type: Holiday by WXYZ,O2835,Florida
F12,Holiday Type: Holiday by WXYZ,O2836,FOOD AND DRINK
F12,Holiday Type: Holiday by WXYZ,O2837,Football Academy
F12,Holiday Type: Holiday by WXYZ,O2838,For Adults
F12,Holiday Type: Holiday by WXYZ,O2839,FOR ALL
F12,Holiday Type: Holiday by WXYZ,O2840,FOR FAMILIES
F12,Holiday Type: Holiday by WXYZ,O2841,FOR KIDS
F12,Holiday Type: Holiday by WXYZ,O2842,For Little Ones
F12,Holiday Type: Holiday by WXYZ,O2843,FOR TWO
F12,Holiday Type: Holiday by WXYZ,O2844,Free Wi-Fi
F12,Holiday Type: Holiday by WXYZ,O2845,FROM DAY TO NIGHT
F12,Holiday Type: Holiday by WXYZ,O2846,Gold
F12,Holiday Type: Holiday by WXYZ,O2847,GOLD - IRE
F12,Holiday Type: Holiday by WXYZ,O2848,Gourmet Dining
F12,Holiday Type: Holiday by WXYZ,O2849,Group getaways
F12,Holiday Type: Holiday by WXYZ,O2850,Happy Ever After by WXYZ
F12,Holiday Type: Holiday by WXYZ,O2851,Hayes & Jarvis
F12,Holiday Type: Holiday by WXYZ,O2852,HIGH STANDARDS
F12,Holiday Type: Holiday by WXYZ,O2853,HIGHLY RATED PLACES TO STAY
F12,Holiday Type: Holiday by WXYZ,O2854,Holiday Villages
F12,Holiday Type: Holiday by WXYZ,O2855,Holidays Tailored for Adults
F12,Holiday Type: Holiday by WXYZ,O2856,Holidays Tailored for Two
F12,Holiday Type: Holiday by WXYZ,O2857,HOTELS
F12,Holiday Type: Holiday by WXYZ,O2858,HV Club
F12,Holiday Type: Holiday by WXYZ,O2859,HV Clubs
F12,Holiday Type: Holiday by WXYZ,O2860,HV Creche
F12,Holiday Type: Holiday by WXYZ,O2861,HV Crew
F12,Holiday Type: Holiday by WXYZ,O2862,Infinity Pools
F12,Holiday Type: Holiday by WXYZ,O2863,Island Cruises
F12,Holiday Type: Holiday by WXYZ,O2864,Kids clubs
F12,Holiday Type: Holiday by WXYZ,O2865,KIDS LOVE ROBINSON
F12,Holiday Type: Holiday by WXYZ,O2866,Kids Slides
F12,Holiday Type: Holiday by WXYZ,O2867,Kids’ Clubs
F12,Holiday Type: Holiday by WXYZ,O2868,Lakes & Mountains
F12,Holiday Type: Holiday by WXYZ,O2869,Lakes & Mountains platinum
F12,Holiday Type: Holiday by WXYZ,O2870,Lapland
F12,Holiday Type: Holiday by WXYZ,O2871,Lapland Adventure
F12,Holiday Type: Holiday by WXYZ,O2872,Lapland Day Trips
F12,Holiday Type: Holiday by WXYZ,O2873,Lapland Explorer
F12,Holiday Type: Holiday by WXYZ,O2874,Lapland SnowClub
F12,Holiday Type: Holiday by WXYZ,O2875,Lazy River
F12,Holiday Type: Holiday by WXYZ,O2876,Location
F12,Holiday Type: Holiday by WXYZ,O2877,LOCATIONS
F12,Holiday Type: Holiday by WXYZ,O2878,LUXURY TOUCHES
F12,Holiday Type: Holiday by WXYZ,O2879,Make a splash
F12,Holiday Type: Holiday by WXYZ,O2880,Multi-Lane Slides
F12,Holiday Type: Holiday by WXYZ,O2881,Northern Lights and Golden Circle Tour
F12,Holiday Type: Holiday by WXYZ,O2882,Nursery
F12,Holiday Type: Holiday by WXYZ,O2883,Offers
F12,Holiday Type: Holiday by WXYZ,O2884,Our Exclusive Partners
F12,Holiday Type: Holiday by WXYZ,O2885,Our service
F12,Holiday Type: Holiday by WXYZ,O2886,Out and about
F12,Holiday Type: Holiday by WXYZ,O2887,Over To You
F12,Holiday Type: Holiday by WXYZ,O2888,Parent & Toddler
F12,Holiday Type: Holiday by WXYZ,O2889,Peace Of Mind
F12,Holiday Type: Holiday by WXYZ,O2890,People like you
F12,Holiday Type: Holiday by WXYZ,O2891,Pick a path through the rainforest
F12,Holiday Type: Holiday by WXYZ,O2892,Planning Your Destination Wedding
F12,Holiday Type: Holiday by WXYZ,O2893,Planning Your Wedding Abroad
F12,Holiday Type: Holiday by WXYZ,O2894,Platinum
F12,Holiday Type: Holiday by WXYZ,O2895,PLATINUM - IRE
F12,Holiday Type: Holiday by WXYZ,O2896,Platinum villas
F12,Holiday Type: Holiday by WXYZ,O2897,Pool towels
F12,Holiday Type: Holiday by WXYZ,O2898,Pools
F12,Holiday Type: Holiday by WXYZ,O2899,Q&A
F12,Holiday Type: Holiday by WXYZ,O2900,QUALITY MARK
F12,Holiday Type: Holiday by WXYZ,O2901,Rapids
F12,Holiday Type: Holiday by WXYZ,O2902,Retreat villas
F12,Holiday Type: Holiday by WXYZ,O2903,RIU
F12,Holiday Type: Holiday by WXYZ,O2904,Robinson
F12,Holiday Type: Holiday by WXYZ,O2905,Rookie Lifeguard Academy
F12,Holiday Type: Holiday by WXYZ,O2906,ROOMS
F12,Holiday Type: Holiday by WXYZ,O2907,ROSTER OF ROOMS
F12,Holiday Type: Holiday by WXYZ,O2908,Santas Wonderland
F12,Holiday Type: Holiday by WXYZ,O2909,SCENE
F12,Holiday Type: Holiday by WXYZ,O2910,SCENE - IRE
F12,Holiday Type: Holiday by WXYZ,O2911,Scene holidays
F12,Holiday Type: Holiday by WXYZ,O2912,See the sea
F12,Holiday Type: Holiday by WXYZ,O2913,SENSATORI
F12,Holiday Type: Holiday by WXYZ,O2914,SENSATORI BY WXYZ BLUE
F12,Holiday Type: Holiday by WXYZ,O2915,Sensatori Menus
F12,Holiday Type: Holiday by WXYZ,O2916,Sensimar/Couples
F12,Holiday Type: Holiday by WXYZ,O2917,SERVICE
F12,Holiday Type: Holiday by WXYZ,O2918,Sidewinders & Boomerangos
F12,Holiday Type: Holiday by WXYZ,O2919,Simply
F12,Holiday Type: Holiday by WXYZ,O2920,Sip rum cocktails at a beachfront bar
F12,Holiday Type: Holiday by WXYZ,O2921,Skytours
F12,Holiday Type: Holiday by WXYZ,O2922,Small & Friendly
F12,Holiday Type: Holiday by WXYZ,O2923,SOMETHING FOR EVERYONE
F12,Holiday Type: Holiday by WXYZ,O2924,Special extras
F12,Holiday Type: Holiday by WXYZ,O2925,SPECIAL TOUCHES
F12,Holiday Type: Holiday by WXYZ,O2926,Speed Slides
F12,Holiday Type: Holiday by WXYZ,O2927,Splashworld
F12,Holiday Type: Holiday by WXYZ,O2928,SplashWorld Holidays
F12,Holiday Type: Holiday by WXYZ,O2929,SPORTS LOVERS PARADISE
F12,Holiday Type: Holiday by WXYZ,O2930,Stage Academy
F12,Holiday Type: Holiday by WXYZ,O2931,State-of-the-art Rooms
F12,Holiday Type: Holiday by WXYZ,O2932,Summer Sun
F12,Holiday Type: Holiday by WXYZ,O2933,Summit Collection
F12,Holiday Type: Holiday by WXYZ,O2934,SUSTAINABILITY
F12,Holiday Type: Holiday by WXYZ,O2935,Swim Academy
F12,Holiday Type: Holiday by WXYZ,O2936,Team
F12,Holiday Type: Holiday by WXYZ,O2937,Teens
F12,Holiday Type: Holiday by WXYZ,O2938,The Art Of Chocolate Making
F12,Holiday Type: Holiday by WXYZ,O2939,The Art Of Singing
F12,Holiday Type: Holiday by WXYZ,O2940,The best waterparks
F12,Holiday Type: Holiday by WXYZ,O2941,The Caribbean
F12,Holiday Type: Holiday by WXYZ,O2942,THE FINER THINGS
F12,Holiday Type: Holiday by WXYZ,O2943,The More The Merrier
F12,Holiday Type: Holiday by WXYZ,O2944,The Slide Guide
F12,Holiday Type: Holiday by WXYZ,O2945,Top places to get married abroad
F12,Holiday Type: Holiday by WXYZ,O2946,Top tips
F12,Holiday Type: Holiday by WXYZ,O2947,Top up your tan on a white-sand beach
F12,Holiday Type: Holiday by WXYZ,O2948,Tots
F12,Holiday Type: Holiday by WXYZ,O2949,Tours
F12,Holiday Type: Holiday by WXYZ,O2950,Tribe
F12,Holiday Type: Holiday by WXYZ,O2951,Tube Slides
F12,Holiday Type: Holiday by WXYZ,O2952,Types Of Wedding
F12,Holiday Type: Holiday by WXYZ,O2953,Upgrade your stay
F12,Holiday Type: Holiday by WXYZ,O2954,Villa resorts
F12,Holiday Type: Holiday by WXYZ,O2955,Villas Collection
F12,Holiday Type: Holiday by WXYZ,O2956,Wave Pool
F12,Holiday Type: Holiday by WXYZ,O2957,Wedding Destinations
F12,Holiday Type: Holiday by WXYZ,O2958,WEDDING TYPES
F12,Holiday Type: Holiday by WXYZ,O2959,Weddings by First Choice
F12,Holiday Type: Holiday by WXYZ,O2960,Weddings by WXYZ
F12,Holiday Type: Holiday by WXYZ,O2961,WELLBEING
F12,Holiday Type: Holiday by WXYZ,O2962,WELL-CONNECTED
F12,Holiday Type: Holiday by WXYZ,O2963,WELLFIT
F12,Holiday Type: Holiday by WXYZ,O2964,Whats On
F12,Holiday Type: Holiday by WXYZ,O2965,When To Go
F12,Holiday Type: Holiday by WXYZ,O2966,Where in the world
F12,Holiday Type: Holiday by WXYZ,O2967,WHERE TO STAY
F12,Holiday Type: Holiday by WXYZ,O2968,Which Wedding?
F12,Holiday Type: Holiday by WXYZ,O2969,Why book with us?
F12,Holiday Type: Holiday by WXYZ,O2970,WXYZ BLUE
F12,Holiday Type: Holiday by WXYZ,O2971,WXYZ BLUE FOR FAMILIES
F12,Holiday Type: Holiday by WXYZ,O2972,WXYZ BLUE FOR TWO
F12,Holiday Type: Holiday by WXYZ,O2973,WXYZ Handpicked
F12,Holiday Type: Holiday by WXYZ,O2974,WXYZ Magic Life
F12,Holiday Type: Holiday by WXYZ,O2975,WXYZ MAGIC LIFE - FC
F12,Holiday Type: Holiday by WXYZ,O2976,WXYZ Suneo
F12,Holiday Type: Holiday by WXYZ,O2977,WXYZ Tours
F12,Holiday Type: Holiday by WXYZ,O2978,Your Questions Answered
F13,Price Per Person,O2979,"A numerical value that corresponds max price, e.g. 303956.34"
F13,Price Per Person,O2980,"A numerical value that corresponds min price, e.g. 256.68"
F14,Trip Advisor Rating,O2981,1 and over
F14,Trip Advisor Rating,O2982,2 and over
F14,Trip Advisor Rating,O2983,3 and over
F14,Trip Advisor Rating,O2984,4 and over
F14,Trip Advisor Rating,O2985,5 and over
F15,Departure Points,AGA,Agadir
F15,Departure Points,ANU,V. C. Bird International
F15,Departure Points,ADB,Adnan Menderes
F15,Departure Points,AGP,Malaga Costa del Sol
F15,Departure Points,ABZ,Aberdeen
F15,Departure Points,ALC,Alicante
F15,Departure Points,ACE,Lanzarote
F15,Departure Points,ASE,Aspen
F15,Departure Points,AMM,Queen Alia International
F15,Departure Points,AQJ,Aqaba
F15,Departure Points,ATH,Athens International
F15,Departure Points,AUA,Queen Beatrix International
F15,Departure Points,AUH,Abu Dhabi International
F15,Departure Points,AMS,Amsterdam
F15,Departure Points,ATL,Hartsfield-Jackson Atlanta
F15,Departure Points,ARN,Stockholm
F15,Departure Points,AYT,Antalya
F15,Departure Points,BCN,Barcelona
F15,Departure Points,BDS,Brindisi Salento
F15,Departure Points,BFS,Belfast International
F15,Departure Points,BER,Berlin Brandenburg
F15,Departure Points,BHX,Birmingham
F15,Departure Points,BGO,Bergen Flesland
F15,Departure Points,BGI,Barbados
F15,Departure Points,BGY,Milan Bergamo
F15,Departure Points,BHD,Belfast City
F15,Departure Points,BLQ,Bologna
F15,Departure Points,BOD,Bordeaux Merignac
F15,Departure Points,BOJ,Bourgas
F15,Departure Points,BNA,Nashville
F15,Departure Points,BOS,Boston Logan International
F15,Departure Points,BIQ,Biarritz
F15,Departure Points,BKK,Bangkok International
F15,Departure Points,BOH,Bournemouth
F15,Departure Points,BJV,Milas Bodrum
F15,Departure Points,BIO,Bilbao
F15,Departure Points,BJL,Banjul International Airport
F15,Departure Points,BRU,Brussels
F15,Departure Points,BRS,Bristol
F15,Departure Points,BSL,Basel Mulhouse Freiburg
F15,Departure Points,BUD,Budapest
F15,Departure Points,BVC,Boa Vista
F15,Departure Points,CAG,Cagliari Elmas
F15,Departure Points,BVA,Paris Beauvais
F15,Departure Points,CGN,Cologne Bonn
F15,Departure Points,CAI,Cairo International
F15,Departure Points,CFU,Corfu
F15,Departure Points,CDG,Paris Charles de Gaulle
F15,Departure Points,CIA,Rome Ciampino
F15,Departure Points,CMF,Chambéry
F15,Departure Points,CMB,Colombo International
F15,Departure Points,CMN,Casablanca Mohammed V
F15,Departure Points,CHQ,Crete Chania
F15,Departure Points,CPT,Cape Town International
F15,Departure Points,CPH,Copenhagen
F15,Departure Points,CRL,Brussels South Charleroi
F15,Departure Points,CTA,Sicily Catania
F15,Departure Points,CTS,New Chitose
F15,Departure Points,CUR,Curacao International
F15,Departure Points,CUN,Cancun
F15,Departure Points,CWL,Cardiff
F15,Departure Points,DBV,Dubrovnik
F15,Departure Points,DSS,Blaise Diagne International
F15,Departure Points,DJE,Djerba Island
F15,Departure Points,DLM,Dalaman
F15,Departure Points,DUB,Dublin
F15,Departure Points,DEL,Indira Gandhi
F15,Departure Points,DPS,Ngurah Rai International
F15,Departure Points,DUS,Dusseldorf
F15,Departure Points,DOH,Hamad International
F15,Departure Points,DEN,Denver International
F15,Departure Points,DXB,Dubai International
F15,Departure Points,EFL,Kefalonia
F15,Departure Points,ESU,Essaouira Mogador
F15,Departure Points,DWC,Dubai Al Maktoum
F15,Departure Points,EAS,San Sebastian
F15,Departure Points,EDI,Edinburgh
F15,Departure Points,EMA,East Midlands
F15,Departure Points,FAO,Faro
F15,Departure Points,EWR,Newark Liberty International
F15,Departure Points,FCO,Rome
F15,Departure Points,EXT,Exeter
F15,Departure Points,FUE,Fuerteventura
F15,Departure Points,FEZ,Fes Saiss
F15,Departure Points,GOA,Genoa
F15,Departure Points,GOX,Manohar International Airport
F15,Departure Points,FRA,Frankfurt
F15,Departure Points,FNC,Madeira
F15,Departure Points,FLR,Florence
F15,Departure Points,GND,Maurice Bishop
F15,Departure Points,GDN,Gdansk Lech Walesa
F15,Departure Points,GRO,Girona Costa Brava
F15,Departure Points,GLA,Glasgow
F15,Departure Points,GIG,Rio de Janeiro
F15,Departure Points,GIB,Gibraltar
F15,Departure Points,GVA,Geneva
F15,Departure Points,HAM,Hamburg
F15,Departure Points,HER,Crete Heraklion
F15,Departure Points,HEL,Helsinki
F15,Departure Points,GRX,Granada
F15,Departure Points,HUY,Humberside
F15,Departure Points,IAD,Washington Dulles International
F15,Departure Points,HKT,Phuket
F15,Departure Points,HND,Tokya Haneda
F15,Departure Points,HRG,Hurghada
F15,Departure Points,INN,Innsbruck
F15,Departure Points,INV,Inverness
F15,Departure Points,IBZ,Ibiza
F15,Departure Points,IST,Istanbul
F15,Departure Points,JER,Jersey
F15,Departure Points,IVL,Ivalo
F15,Departure Points,JFK,John F. Kennedy International
F15,Departure Points,JMK,Mykonos
F15,Departure Points,JNB,OR Tambo International
F15,Departure Points,KAJ,Kajaani
F15,Departure Points,JTR,Santorini
F15,Departure Points,JSI,Skiathos
F15,Departure Points,KAO,Kuusamo
F15,Departure Points,KGS,Kos
F15,Departure Points,KEF,Keflavik International
F15,Departure Points,KLX,Kalamata International
F15,Departure Points,KUL,Kuala Lumpur International
F15,Departure Points,KTT,Kittila
F15,Departure Points,KRK,Krakow John Paul II International
F15,Departure Points,LAS,McCarran International
F15,Departure Points,LAX,Los Angeles International
F15,Departure Points,KVA,Kavala
F15,Departure Points,LBA,Leeds Bradford
F15,Departure Points,LEI,Almeria
F15,Departure Points,LCY,London City
F15,Departure Points,LCA,Larnaca
F15,Departure Points,LCG,A Coruna
F15,Departure Points,LHR,London Heathrow
F15,Departure Points,LIM,Jorge Chavez International
F15,Departure Points,LGW,London Gatwick
F15,Departure Points,LOP,Lombok International
F15,Departure Points,LIS,Lisbon
F15,Departure Points,LIR,Liberia
F15,Departure Points,LJU,Ljubljana
F15,Departure Points,LIN,Milan Linate
F15,Departure Points,LTN,London Luton
F15,Departure Points,LPL,Liverpool John Lennon
F15,Departure Points,LRM,La Romana
F15,Departure Points,LPA,Gran Canaria
F15,Departure Points,LYS,Lyon Saint Exupery
F15,Departure Points,LXR,Luxor
F15,Departure Points,LUX,Luxembourg
F15,Departure Points,MAN,Manchester
F15,Departure Points,MAH,Menorca
F15,Departure Points,MAD,Madrid-Barajas
F15,Departure Points,MCT,Muscat International
F15,Departure Points,MBA,Mombasa
F15,Departure Points,MBJ,Montego Bay
F15,Departure Points,MCO,Orlando International
F15,Departure Points,MEX,Mexico City International
F15,Departure Points,MLB,Melbourne Orlando International
F15,Departure Points,MLA,Malta
F15,Departure Points,MIA,Miami International
F15,Departure Points,MME,Teesside International
F15,Departure Points,MLE,Male
F15,Departure Points,MPL,Montpellier Mediterranee
F15,Departure Points,MRU,Mauritius
F15,Departure Points,NAP,Naples
F15,Departure Points,MRS,Marseille Provence
F15,Departure Points,MUC,Munich
F15,Departure Points,MXP,Milan Malpensa
F15,Departure Points,MSY,Louis Armstrong New Orleans International
F15,Departure Points,NAS,Nassau International
F15,Departure Points,NBO,Jomo Kenyatta International
F15,Departure Points,NBE,Enfidha Hammamet
F15,Departure Points,NWI,Norwich
F15,Departure Points,NOC,Ireland West
F15,Departure Points,NUE,Nuremberg
F15,Departure Points,NCE,"""Nice Cote DAzur"""
F15,Departure Points,NRT,Tokyo Narita
F15,Departure Points,ORD,"""OHare International"""
F15,Departure Points,NCL,Newcastle
F15,Departure Points,OPO,Porto
F15,Departure Points,OHD,Ohrid St Paul The Apostle
F15,Departure Points,OLB,Olbia
F15,Departure Points,OSL,Oslo
F15,Departure Points,PEG,Perugia
F15,Departure Points,PRG,Prague
F15,Departure Points,PSA,Pisa
F15,Departure Points,PFO,Paphos
F15,Departure Points,OTP,Bucharest
F15,Departure Points,PMI,Palma de Mallorca
F15,Departure Points,ORK,Cork
F15,Departure Points,PMO,Palermo
F15,Departure Points,PRI,Praslin Island
F15,Departure Points,PEK,Beijing Capital International
F15,Departure Points,ORY,Paris Orly
F15,Departure Points,PVK,Preveza Lefkas
F15,Departure Points,PUJ,Punta Cana
F15,Departure Points,RBA,Rabat Sale
F15,Departure Points,RAK,Marrakech
F15,Departure Points,PVR,Puerto Vallarta
F15,Departure Points,REU,Reus
F15,Departure Points,PUY,Pula
F15,Departure Points,RKT,Ras Al Khaimah International
F15,Departure Points,RIX,Riga International
F15,Departure Points,RJK,Rijeka
F15,Departure Points,RHO,Rhodes
F15,Departure Points,RMF,Marsa Alam
F15,Departure Points,RVN,Rovaniemi
F15,Departure Points,SCQ,Santiago-Rosalia
F15,Departure Points,RMU,Murcia International
F15,Departure Points,SCR,Salen Trysil
F15,Departure Points,SEA,Seattle-Tacoma International
F15,Departure Points,SDQ,Las America International
F15,Departure Points,SEN,London Southend
F15,Departure Points,SFO,San Francisco International
F15,Departure Points,SEZ,Seychelles International
F15,Departure Points,SGN,Tan Son Nhat International
F15,Departure Points,SJO,Juan Santamaria
F15,Departure Points,SKG,Thessaloniki
F15,Departure Points,SID,Sal
F15,Departure Points,SOF,Sofia
F15,Departure Points,SMI,Samos
F15,Departure Points,SPC,La Palma
F15,Departure Points,SIN,Singapore Changi
F15,Departure Points,SSH,Sharm El Sheikh
F15,Departure Points,SPU,Split
F15,Departure Points,SOU,Southampton
F15,Departure Points,STR,Stuttgart
F15,Departure Points,SNN,Shannon
F15,Departure Points,STN,London Stansted
F15,Departure Points,SUF,Lamezia Terme
F15,Departure Points,SVQ,Seville
F15,Departure Points,SXB,Strasbourg
F15,Departure Points,TAB,Arthur Napoleon Raymond Robinson International
F15,Departure Points,TCP,Taba
F15,Departure Points,TFS,Tenerife South
F15,Departure Points,TIV,Tivat
F15,Departure Points,SZG,Salzburg
F15,Departure Points,TIA,Tirana International
F15,Departure Points,TLL,Tallinn
F15,Departure Points,TLS,Toulouse-Blagnac
F15,Departure Points,TOS,Tromso
F15,Departure Points,TSF,Treviso
F15,Departure Points,TNG,Tangier Ibn Battouta
F15,Departure Points,TRN,Turin
F15,Departure Points,UVF,Hewanorra International
F15,Departure Points,VAR,Varna
F15,Departure Points,VNO,Vilnius International
F15,Departure Points,VCE,Venice
F15,Departure Points,VIE,Vienna
F15,Departure Points,VLC,Valencia
F15,Departure Points,VRN,Verona
F15,Departure Points,USM,Samui International
F15,Departure Points,WAW,Warsaw Choprin
F15,Departure Points,YHZ,Halifax Stanfield International
F15,Departure Points,YUL,Montreal
F15,Departure Points,XRY,Jerez
F15,Departure Points,YVR,Vancouver International
F15,Departure Points,YYZ,Toronto Pearson International
F15,Departure Points,ZAG,Zagreb Franjo Tudman
F15,Departure Points,YYC,Calgary International
F15,Departure Points,ZNZ,Abeid Amani Karume International
F15,Departure Points,ZRH,Zurich
F15,Departure Points,ZTH,Zante
F15,Departure Points,SHJ,Sharjah Intl. Airport
F15,Departure Points,FJR,Fujairah Intl. Airport
F15,Departure Points,CCC,Jardines del Rey Apt
F15,Departure Points,VRA,Juan G. Gomez Airport
F15,Departure Points,HOG,Frank Pais Airport
F15,Departure Points,HVA,Jose Marti Airport
F15,Departure Points,SNU,Abel S.Maria Airport
F15,Departure Points,AZS,El Catey Airport
F15,Departure Points,POP,La Union Airport
F15,Departure Points,GOI,Dabolim Airport
F15,Departure Points,CZM,Cozumel Intl Airport
F15,Departure Points,STL,Lambert-St Louis
F15,Departure Points,JAN,Mississipp Airport
F15,Departure Points,MSP,Minneapolis Airport
F15,Departure Points,DTW,Detroit Airport
F15,Departure Points,BWI,Baltimore Washington Airport
F15,Departure Points,BGR,Bangor International
F15,Departure Points,ABQ,Alburquerque International
F15,Departure Points,MHT,New Hampshire Airport
F15,Departure Points,RNO,Reno/Tahoe International Airport
F15,Departure Points,OMA,Appley Airfield
F15,Departure Points,BIL,Montana Airport
F15,Departure Points,SDF,Standiford Field
F15,Departure Points,JAC,Wyoming Airport
F15,Departure Points,MKE,General Mitchell
F15,Departure Points,CRW,West Virgina Airport
F15,Departure Points,TPA,Tampa International
F15,Departure Points,RSW,Southwest Florida
F15,Departure Points,FLL,Fort Lauderdale International
F15,Departure Points,BDL,Harford Bradley International
F15,Departure Points,SJC,San Jose Airport
F15,Departure Points,SAN,San Diego Airport
F15,Departure Points,SMF,Sacramento Airport
F15,Departure Points,LIT,Arkansas Airport
F15,Departure Points,PHX,Phoenix Airport
F15,Departure Points,BHM,Birmingham Shuttlesworth Airport
F15,Departure Points,ANC,Anchorage Airport
F15,Departure Points,SFB,Orlando Sanford Airport
F15,Departure Points,GEG,Washington Airport
F15,Departure Points,ORF,Virginia Airport
F15,Departure Points,RIC,Richmond Airport
F15,Departure Points,BTV,Vermont Airport
F15,Departure Points,SLC,Salt Lake City Airport
F15,Departure Points,SAT,San Antonio Airport
F15,Departure Points,IAH,Houston Airport
F15,Departure Points,BRL,Iowa Airport
F15,Departure Points,IND,Indianapolis International
F15,Departure Points,MDW,Chicago Airport
F15,Departure Points,DFW,Fort Worth International
F15,Departure Points,AUS,Texas Airport
F15,Departure Points,MEM,Memphis International
F15,Departure Points,RAP,South Dakota Airport
F15,Departure Points,CHS,South Carolina
F15,Departure Points,PVD,Theodore Francis
F15,Departure Points,PHL,Philadelphia International
F15,Departure Points,PIT,Pittsburg International Airport
F15,Departure Points,PDX,Portland International Airport
F15,Departure Points,TUL,Tulsa International
F15,Departure Points,CLE,Hopkins International
F15,Departure Points,CMH,Port Columbus International
F15,Departure Points,CVG,Cincinnati International Airport
F15,Departure Points,BIS,North Dakota Airport
F15,Departure Points,RDU,North Carolina
F15,Departure Points,CLT,North Carolina Airport
F15,Departure Points,LGA,New York Airport
F15,Departure Points,BOI,Boise Airport
F15,Departure Points,ITO,Hawaii Island Airport
F15,Departure Points,MKK,Hawaii Airport
F15,Departure Points,OGG,Hawaii Airport
F15,Departure Points,LNY,Hawaii Airport
F15,Departure Points,LIH,Kauai Island
F15,Departure Points,HNL,Honolulu International
F15,Departure Points,FDH,Friedrichshafen Airport
F15,Departure Points,EZE,Buenos Aires Airport
F15,Departure Points,FPO,Grand Bahama International
F15,Departure Points,KBV,Krabi Airport
F15,Departure Points,HHQ,Hua Hin Apt
F15,Departure Points,PQC,Phu Quoc Island Airport
F15,Departure Points,HAN,Hanoi Noi Bai Intl
F15,Departure Points,WIC,Wick Airport
F15,Departure Points,WHS,Whalsay Airport
F15,Departure Points,WRY,Westray Airport
F15,Departure Points,TRE,Tiree Airport
F15,Departure Points,SYY,Stronoway Airport
F15,Departure Points,SOY,Stronsay Airport
F15,Departure Points,OBN,Oban North Connel Airport
F15,Departure Points,PPW,Papa Westray Airport
F15,Departure Points,NRL,North Ronaldsay Airport
F15,Departure Points,NQY,Newquay Cornwall Airport
F15,Departure Points,NDY,Sanday Airport
F15,Departure Points,MSE,Manston Kent International Apt
F15,Departure Points,LYX,Lydd London Ashford Airport
F15,Departure Points,LWK,Tingwall Apt
F15,Departure Points,LSI,Sumburgh Apt
F15,Departure Points,LEQ,"""Lands End St Just Airport"""
F15,Departure Points,KNF,RAF Marham
F15,Departure Points,ISC,"""St Marys Apt"""
F15,Departure Points,COV,Coventry Airport
F15,Departure Points,CSA,Colonsay Airport
F15,Departure Points,COL,Coll Airport
F15,Departure Points,KOI,Kirkwall Airport
F15,Departure Points,ILY,Islay Airport
F15,Departure Points,GLO,Gloucestershire Airport
F15,Departure Points,EOI,Eday Airport
F15,Departure Points,DND,Dundee Airport
F15,Departure Points,BEB,Benbecula Airport
F15,Departure Points,CBG,Cambridge Airport
F15,Departure Points,CAL,Campbeltown Airport
F15,Departure Points,BRR,Barra Airport
F15,Departure Points,PIK,Glasgow Prestwick Airport
F15,Departure Points,IOM,Ronaldsway Airport
F15,Departure Points,GCI,Guernsey Airport
F15,Departure Points,BLK,Blackpool Airport
F15,Departure Points,LDY,City Of Derry Airport
F15,Departure Points,DSA,Doncaster Robin Hood Airport
F15,Departure Points,RAI,Nelson Mandela Airport
F15,Departure Points,NTO,Agostinho Neto Apt
F15,Departure Points,VXE,Sao Pedro Airport
F15,Departure Points,SFL,Sao Filipe Airport
F15,Departure Points,ASW,Aswan Airport
F15,Departure Points,OUL,Oulu Airport
F15,Departure Points,ENF,Enontekio Airport
F15,Departure Points,JKH,Omiros Airport
F15,Departure Points,GPA,Araxos Airport
F15,Departure Points,MJT,Odysseas Elytis Airport
F15,Departure Points,AHO,Fertilia Airport
F15,Departure Points,PXO,Porto Santo Island Airport
F15,Departure Points,BLL,Billund Airport
F15,Departure Points,AJA,Ajaccio N.Bonaparte Apt
F15,Departure Points,KIR,Kerry Airport
F15,Departure Points,LLA,Kallax Airport
F15,Departure Points,EXM,Exmouth Gulf
F15,Departure Points,CVQ,Carnarvon
F15,Departure Points,BME,Broome
F15,Departure Points,DRW,Darwin International
F15,Departure Points,ASP,Alice Springs
F15,Departure Points,HBA,Hobart International
F15,Departure Points,CBR,Canberra International
F15,Departure Points,MEL,Melbourne Airport
F15,Departure Points,SYD,Sydney Airport
F15,Departure Points,ADL,Adelaide International
F15,Departure Points,KGI,Kalgoorlie
F15,Departure Points,PER,Perth
F15,Departure Points,CNS,Cairns
F15,Departure Points,BNE,Brisbane
F15,Departure Points,XXX,Test Airport
F15,Departure Points,AAL,Aalborg
F15,Departure Points,BRI,Bari
F15,Departure Points,GOT,Goeteborg / Landvetter
F15,Departure Points,MLN,Melilla
F15,Departure Points,RYG,Oslo / Moss Rygge
F15,Departure Points,SVG,Stavanger
F15,Departure Points,TFN,Teneriffa Nord
F15,Departure Points,TLV,Tel Aviv / Ben Gurion Intl
F15,Departure Points,TRD,Trondheim
F15,Departure Points,TRF,Oslo / Sandefjord Torp
F15,Departure Points,TXL,Berlin-Tegel
F15,Departure Points,DME,Moskau Domodedovo
F15,Departure Points,OVD,Oviedo Asturias
F15,Departure Points,CTU,Chengdu / Shuangliu Intl Airport
F15,Departure Points,PVG,Shanghai / Pudong Int Airport
F15,Departure Points,MJV,Murcia / San Javier Airport
F15,Departure Points,BIA,Corsica / Bastia Poretta Airport
F15,Departure Points,FSC,Corsica / Figari Sud Corse Airport
F15,Departure Points,SIR,Sion Airport
F15,Departure Points,HKG,Hong Kong International Airport
F15,Departure Points,OAK,Oakland International Airport
F15,Departure Points,YYT,"""St. Johns International Airport"""
F15,Departure Points,RUH,King Khalid International Airport
F15,Departure Points,MAA,Chennai International Airport
F15,Departure Points,BOM,Chhatrapati Shivaji International Airport
F15,Departure Points,BAH,Bahrain International Airport
F15,Departure Points,YOW,Ottawa Macdonald–Cartier International Airport
