﻿filterId,filterName,optionName,optionId,ID
ACCESSIBILITY,Accessibility,Accessibility,accessibilityInfo,1
BOARDBASIS,Boards,Gourmet Inclusive,AIG,2
BOARDBASIS,Boards,Ultra Inclusive,AIU,3
BOARDBASIS,Boards,Half Board,HB,4
BOARDBASIS,Boards,Self Catering,SC,5
BOARDBASIS,Boards,Room Only,RO,6
BOARDBASIS,Boards,24-hour All Inclusive,A24,7
BOARDBASIS,Boards,All Inclusive Plus,AI+,8
BOARDBASIS,Boards,Full Board,FB,9
BOARDBASIS,Boards,Bed & Breakfast,BB,10
BOARDBASIS,Boards,Self-catering Plus,SC+,11
BOARDBASIS,Boards,Half Board Plus,HB+,12
BOARDBASIS,Boards,Full Board Plus,FB+,13
BOARDBASIS,Boards,All Inclusive,AI,14
BOARDBASIS,Boards,Premium All Inclusive,PI,15
BOARDBASIS,Boards,As per Itinerary,IT,16
BOARDBASIS,Boards,As Brochured,AB,17
BOARDBASIS,Boards,Catered Chalet,SCC,18
DESTINATIONS,Destination,Africa,AAA,19
DESTINATIONS,Destination,Cape Verde,CPV,20
DESTINATIONS,Destination,Boa Vista,'004235',21
DESTINATIONS,Destination,Sal,'003838',22
DESTINATIONS,Destination,Mindelo,L38041,23
DESTINATIONS,Destination,Praia,L58162,24
DESTINATIONS,Destination,Egypt,EGY,25
DESTINATIONS,Destination,Aswan,'000847',26
DESTINATIONS,Destination,Cairo,'000849',27
DESTINATIONS,Destination,Edfu,L65205,28
DESTINATIONS,Destination,El Gouna,'001690',29
DESTINATIONS,Destination,Hurghada,'000851',30
DESTINATIONS,Destination,Hurghada North,L70984,31
DESTINATIONS,Destination,Hurghada South,L70989,32
DESTINATIONS,Destination,Kom Ombo,L65204,33
DESTINATIONS,Destination,Luxor,'000852',34
DESTINATIONS,Destination,Marsa Alam,'003406',35
DESTINATIONS,Destination,Sharm El Sheikh,'001544',36
DESTINATIONS,Destination,Gambia,GMB,37
DESTINATIONS,Destination,Kenya,KEN,38
DESTINATIONS,Destination,Bamburi,'002341',39
DESTINATIONS,Destination,Diani Beach,'001283',40
DESTINATIONS,Destination,Galu Beach,'002679',41
DESTINATIONS,Destination,Kilifi,'000536',42
DESTINATIONS,Destination,Malindi,'000537',43
DESTINATIONS,Destination,Mombasa,'000133',44
DESTINATIONS,Destination,Mauritius,MUS,45
DESTINATIONS,Destination,Anse La Raie,'008088',46
DESTINATIONS,Destination,Bain Boeuf,L59624,47
DESTINATIONS,Destination,Balaclava,'008406',48
DESTINATIONS,Destination,Bel Ombre,'008092',49
DESTINATIONS,Destination,Belle Mare,'002321',50
DESTINATIONS,Destination,Blue Bay,'003895',51
DESTINATIONS,Destination,Calodyne,'008094',52
DESTINATIONS,Destination,Flic en Flac,'002087',53
DESTINATIONS,Destination,Grand Baie,'002083',54
DESTINATIONS,Destination,Grand Gaube,'004444',55
DESTINATIONS,Destination,Haute Rive,L57363,56
DESTINATIONS,Destination,Le Morne,'002081',57
DESTINATIONS,Destination,Mahebourg,L59002,58
DESTINATIONS,Destination,Mont Choisy,'002084',59
DESTINATIONS,Destination,North Mauritius,'004227',60
DESTINATIONS,Destination,Pointe aux Piments,'002322',61
DESTINATIONS,Destination,Port Louis,'002082',62
DESTINATIONS,Destination,Poste Lafayette,L57362,63
DESTINATIONS,Destination,Quatre Bornes,L64322,64
DESTINATIONS,Destination,South Mauritius,'004228',65
DESTINATIONS,Destination,St Felix,L64282,66
DESTINATIONS,Destination,Tamarin,L63702,67
DESTINATIONS,Destination,Trou aux Biches,'008466',68
DESTINATIONS,Destination,Trou dEau Douce,'002086',69
DESTINATIONS,Destination,Morocco,MAR,70
DESTINATIONS,Destination,Agadir and Taghazout,'001005',71
DESTINATIONS,Destination,Casablanca,'002638',72
DESTINATIONS,Destination,Essaouira,'003961',73
DESTINATIONS,Destination,Fez,'002873',74
DESTINATIONS,Destination,Marrakech,'003759',75
DESTINATIONS,Destination,Tangier,'003762',76
DESTINATIONS,Destination,Agadir,'002112',77
DESTINATIONS,Destination,Senegal,L59753,78
DESTINATIONS,Destination,La Somone,L59782,79
DESTINATIONS,Destination,Pointe Sarene,L59502,80
DESTINATIONS,Destination,Saly,'000478',81
DESTINATIONS,Destination,Seychelles,SYC,82
DESTINATIONS,Destination,La Digue,'000490',83
DESTINATIONS,Destination,Mahe Island,'000491',84
DESTINATIONS,Destination,Praslin,'000492',85
DESTINATIONS,Destination,Silhouette Island,'004257',86
DESTINATIONS,Destination,South Africa,ZAF,87
DESTINATIONS,Destination,Cape Town,'001532',88
DESTINATIONS,Destination,Tanzania,TZA,89
DESTINATIONS,Destination,Zanzibar,'000418',90
DESTINATIONS,Destination,Bububu,L63504,91
DESTINATIONS,Destination,Jambiani,L52269,92
DESTINATIONS,Destination,Kiwengwa,L52263,93
DESTINATIONS,Destination,Kizimkazi,L62327,94
DESTINATIONS,Destination,Mangapwani,L72182,95
DESTINATIONS,Destination,Marumbi,L52282,96
DESTINATIONS,Destination,Matemwe,L63008,97
DESTINATIONS,Destination,Michamvi Kae,L72383,98
DESTINATIONS,Destination,Nungwi,L52268,99
DESTINATIONS,Destination,Paje,L63331,100
DESTINATIONS,Destination,Pingwe,L62142,101
DESTINATIONS,Destination,Uroa,L69282,102
DESTINATIONS,Destination,Tunisia,TUN,103
DESTINATIONS,Destination,Djerba Island,'007386',104
DESTINATIONS,Destination,Hammamet,'001216',105
DESTINATIONS,Destination,La Goulette (for Tunis),'002741',106
DESTINATIONS,Destination,Port El Kantaoui,'000432',107
DESTINATIONS,Destination,Skanes,'001132',108
DESTINATIONS,Destination,Sousse,'000433',109
DESTINATIONS,Destination,Yasmine Hammamet,'002344',110
DESTINATIONS,Destination,Asia,BBB,111
DESTINATIONS,Destination,China,CHN,112
DESTINATIONS,Destination,Hong Kong,HKG,113
DESTINATIONS,Destination,India,IND,114
DESTINATIONS,Destination,Goa,'001915',115
DESTINATIONS,Destination,South Goa,L00490,116
DESTINATIONS,Destination,Arossim Beach,'002608',117
DESTINATIONS,Destination,Benaulim,'001948',118
DESTINATIONS,Destination,Betalbatim Beach,'002253',119
DESTINATIONS,Destination,Cavelossim,'002047',120
DESTINATIONS,Destination,Majorda Beach,'002708',121
DESTINATIONS,Destination,Varca Beach,'001952',122
DESTINATIONS,Destination,North Goa,L00489,123
DESTINATIONS,Destination,Arpora,'003869',124
DESTINATIONS,Destination,Baga,'001917',125
DESTINATIONS,Destination,Bambolim,'003842',126
DESTINATIONS,Destination,Calangute,'001914',127
DESTINATIONS,Destination,Candolim,'001361',128
DESTINATIONS,Destination,Dona Paula,'003843',129
DESTINATIONS,Destination,Panjim,'001951',130
DESTINATIONS,Destination,Sinquerim,'003844',131
DESTINATIONS,Destination,Vagator,L65962,132
DESTINATIONS,Destination,Indonesia,IDN,133
DESTINATIONS,Destination,Bali Beach,L49601,135
DESTINATIONS,Destination,Ubud,'002052',136
DESTINATIONS,Destination,Seminyak,'004272',137
DESTINATIONS,Destination,Sanur,'000632',138
DESTINATIONS,Destination,Lombok,'000635',139
DESTINATIONS,Destination,Japan,JPN,140
DESTINATIONS,Destination,Furano,L66243,141
DESTINATIONS,Destination,Tomamu,L66302,142
DESTINATIONS,Destination,Tokyo,'003471',143
DESTINATIONS,Destination,Jordan,JOR,144
DESTINATIONS,Destination,Malaysia,MYS,145
DESTINATIONS,Destination,Maldives,MDV,146
DESTINATIONS,Destination,Oman,OMN,147
DESTINATIONS,Destination,Muscat,L59943,148
DESTINATIONS,Destination,Saiq,L66045,149
DESTINATIONS,Destination,Qatar,QAT,150
DESTINATIONS,Destination,Doha,'003994',151
DESTINATIONS,Destination,Singapore,SGP,152
DESTINATIONS,Destination,South Korea,KOR,153
DESTINATIONS,Destination,Sri Lanka,LKA,154
DESTINATIONS,Destination,Ahungalla,'001959',155
DESTINATIONS,Destination,Batigama,L68103,156
DESTINATIONS,Destination,Bentota,'001619',157
DESTINATIONS,Destination,Beruwala,'000379',158
DESTINATIONS,Destination,Colombo,'001447',159
DESTINATIONS,Destination,Hikkaduwa,'001960',160
DESTINATIONS,Destination,Kalutara,'001567',161
DESTINATIONS,Destination,Kuchchaveli,L68263,162
DESTINATIONS,Destination,Negombo,'001621',163
DESTINATIONS,Destination,Pasikuda,L68262,164
DESTINATIONS,Destination,Trincomalee,'002728',165
DESTINATIONS,Destination,Wadduwa,'001624',166
DESTINATIONS,Destination,Waikkal,'001620',167
DESTINATIONS,Destination,Thailand,THA,168
DESTINATIONS,Destination,Bangkok,'000424',169
DESTINATIONS,Destination,Khao Lak,'002378',170
DESTINATIONS,Destination,Phuket,'000428',171
DESTINATIONS,Destination,Bang Tao,L27404,172
DESTINATIONS,Destination,Cape Panwa,CMS084,173
DESTINATIONS,Destination,Coconut Island,L39461,174
DESTINATIONS,Destination,Kalim Beach,L68564,175
DESTINATIONS,Destination,Kamala Beach,L27403,176
DESTINATIONS,Destination,Karon Beach,CMS086,177
DESTINATIONS,Destination,Kata Beach,CMS087,178
DESTINATIONS,Destination,Mai Khao,L27405,179
DESTINATIONS,Destination,Nai Harn,L42241,180
DESTINATIONS,Destination,Nai Thon Beach,L27515,181
DESTINATIONS,Destination,Nai-Yang Beach,CMS083,182
DESTINATIONS,Destination,Natai Beach,L68563,183
DESTINATIONS,Destination,Patong Beach,'001543',184
DESTINATIONS,Destination,Phi Phi,'002609',185
DESTINATIONS,Destination,Surin Beach,L68566,186
DESTINATIONS,Destination,Tri Trang Beach,CMS085,187
DESTINATIONS,Destination,Rawai,L71990,188
DESTINATIONS,Destination,Krabi,'002096',189
DESTINATIONS,Destination,Koh Samui,'002101',190
DESTINATIONS,Destination,Hua Hin,'000425',191
DESTINATIONS,Destination,Pattaya,'000427',192
DESTINATIONS,Destination,Krabi Khao Lak or Phuket,L69205,193
DESTINATIONS,Destination,United Arab Emirates,ARE,194
DESTINATIONS,Destination,Dubai,'001375',195
DESTINATIONS,Destination,Abu Dhabi,'001372',196
DESTINATIONS,Destination,Ajman,'003987',197
DESTINATIONS,Destination,Ras Al Khaimah,'001370',198
DESTINATIONS,Destination,UAE Beach,L56663,199
DESTINATIONS,Destination,Dubai City,'004020',200
DESTINATIONS,Destination,Yas Island,L46785,201
DESTINATIONS,Destination,Desert Resort,L68442,202
DESTINATIONS,Destination,Vietnam,VNM,203
DESTINATIONS,Destination,Caribbean,CCC,204
DESTINATIONS,Destination,Antigua,ATG,205
DESTINATIONS,Destination,St Johns,'000013',206
DESTINATIONS,Destination,Antigua East,'004213',207
DESTINATIONS,Destination,Antigua West,'004214',208
DESTINATIONS,Destination,Aruba,ABW,209
DESTINATIONS,Destination,Oranjestad,'001984',210
DESTINATIONS,Destination,Bahamas,BHS,211
DESTINATIONS,Destination,Barbados,BRB,212
DESTINATIONS,Destination,Bridgetown,'000719',213
DESTINATIONS,Destination,Christchurch,'000721',214
DESTINATIONS,Destination,Dover Beach,'004400',215
DESTINATIONS,Destination,Hastings,'000722',217
DESTINATIONS,Destination,Maxwell,'001484',218
DESTINATIONS,Destination,Needhams Point,'007946',219
DESTINATIONS,Destination,Oistins,L51082,220
DESTINATIONS,Destination,Rockley,'001986',221
DESTINATIONS,Destination,St James,'000725',222
DESTINATIONS,Destination,St Lawrence,'001182',223
DESTINATIONS,Destination,St Peter,'000012',224
DESTINATIONS,Destination,St Philip,'000727',225
DESTINATIONS,Destination,West Coast,'004204',226
DESTINATIONS,Destination,Worthing,'001252',227
DESTINATIONS,Destination,Bonaire,BES,228
DESTINATIONS,Destination,Kralendijk,L27691,229
DESTINATIONS,Destination,British Virgin Islands,VGB,230
DESTINATIONS,Destination,Road Town,L01211,231
DESTINATIONS,Destination,Cuba,CUB,232
DESTINATIONS,Destination,Curacao,CUW,233
DESTINATIONS,Destination,Willemstad,L15621,234
DESTINATIONS,Destination,Dominica,DMC,235
DESTINATIONS,Destination,Roseau,'003907',236
DESTINATIONS,Destination,Dominican Republic,DOM,237
DESTINATIONS,Destination,Bayahibe,'002225',239
DESTINATIONS,Destination,San Pedro de Macoris,'007526',240
DESTINATIONS,Destination,La Romana City,L66491,241
DESTINATIONS,Destination,Punta Cana,'001451',242
DESTINATIONS,Destination,Bavaro,'001312',243
DESTINATIONS,Destination,Cap Cana,'008886',244
DESTINATIONS,Destination,Miches,L69622,245
DESTINATIONS,Destination,Uvero Alto,'007766',246
DESTINATIONS,Destination,Samana,'003767',247
DESTINATIONS,Destination,Santo Domingo,'000838',248
DESTINATIONS,Destination,Isla Catalina,L01562,249
DESTINATIONS,Destination,La Romana,'001545',250
DESTINATIONS,Destination,Grenada,GRD,251
DESTINATIONS,Destination,Morne Rouge,L59622,252
DESTINATIONS,Destination,Point Salines,L56242,253
DESTINATIONS,Destination,St Georges,'002049',254
DESTINATIONS,Destination,The Lime,L59305,255
DESTINATIONS,Destination,True Blue,'003850',256
DESTINATIONS,Destination,Victoria,L68242,257
DESTINATIONS,Destination,Guadeloupe,GLP,258
DESTINATIONS,Destination,Pointe-A-Pitre,L01215,259
DESTINATIONS,Destination,Jamaica,JAM,260
DESTINATIONS,Destination,Negril (Green Island),L65367,261
DESTINATIONS,Destination,Lucea,'006486',262
DESTINATIONS,Destination,Montego Bay,'000534',263
DESTINATIONS,Destination,Negril,'000535',264
DESTINATIONS,Destination,Ocho Rios,'000182',265
DESTINATIONS,Destination,Runaway Bay,'000149',266
DESTINATIONS,Destination,Trelawny,'002317',267
DESTINATIONS,Destination,Martinique,MTQ,268
DESTINATIONS,Destination,Fort De France,'006233',269
DESTINATIONS,Destination,Puerto Rico,PRI,270
DESTINATIONS,Destination,San Juan,L46050,271
DESTINATIONS,Destination,Ponce,L49722,272
DESTINATIONS,Destination,St Kitts and Nevis,KNA,273
DESTINATIONS,Destination,St Kitts,'000382',274
DESTINATIONS,Destination,Basseterre,'001218',275
DESTINATIONS,Destination,St Lucia,LCA,276
DESTINATIONS,Destination,Castries,'001181',277
DESTINATIONS,Destination,Corinth,L44385,278
DESTINATIONS,Destination,Gros Islet,L62024,279
DESTINATIONS,Destination,Marigot Bay,L56722,280
DESTINATIONS,Destination,Rodney Bay,'002142',281
DESTINATIONS,Destination,Smugglers Cove,L44383,282
DESTINATIONS,Destination,Soufriere,'000391',283
DESTINATIONS,Destination,St Lucia North,L48743,284
DESTINATIONS,Destination,St Lucia South,L48741,285
DESTINATIONS,Destination,Vieux Fort,'003848',286
DESTINATIONS,Destination,St Maarten,SMT,287
DESTINATIONS,Destination,Philipsburg,L01218,288
DESTINATIONS,Destination,St Vincent and the Grenadines,VCT,289
DESTINATIONS,Destination,St Vincent,L01221,290
DESTINATIONS,Destination,Kingstown,L15663,291
DESTINATIONS,Destination,Grenadines,'002365',292
DESTINATIONS,Destination,Bequia,'004263',293
DESTINATIONS,Destination,Trinidad and Tobago,TTO,294
DESTINATIONS,Destination,Tobago,'000111',295
DESTINATIONS,Destination,Scarborough,CL0392,296
DESTINATIONS,Destination,US Virgin Islands,VIR,297
DESTINATIONS,Destination,Charlotte Amalie,L57182,298
DESTINATIONS,Destination,Frederiksted,L57193,299
DESTINATIONS,Destination,Central America,FFF,300
DESTINATIONS,Destination,Mexico,MEX,301
DESTINATIONS,Destination,Guadalajara,L49461,302
DESTINATIONS,Destination,Mexico - Caribbean Coast,'000577',303
DESTINATIONS,Destination,Akumal,L67522,304
DESTINATIONS,Destination,Cancun,'001227',305
DESTINATIONS,Destination,Costa Mujeres,L55165,306
DESTINATIONS,Destination,Cozumel,'004668',307
DESTINATIONS,Destination,El Cuyo,L65465,308
DESTINATIONS,Destination,Isla Holbox,L48541,309
DESTINATIONS,Destination,Isla Mujeres,'004267',310
DESTINATIONS,Destination,Playa Mujeres,'007126',311
DESTINATIONS,Destination,Playa Paraiso Mexico,'002109',312
DESTINATIONS,Destination,Playa del Carmen,'002648',313
DESTINATIONS,Destination,Playacar,'001245',314
DESTINATIONS,Destination,Puerto Morelos,'004268',315
DESTINATIONS,Destination,Riviera Maya,'001696',316
DESTINATIONS,Destination,Tulum,'005546',317
DESTINATIONS,Destination,Mexico - Pacific Coast,'001233',318
DESTINATIONS,Destination,Puerto Vallarta,'001238',319
DESTINATIONS,Destination,Nuevo Vallarta,'001469',320
DESTINATIONS,Destination,Mexico City,'002108',321
DESTINATIONS,Destination,Costa Rica,CRI,322
DESTINATIONS,Destination,Europe,EEE,323
DESTINATIONS,Destination,Albania,ALB,324
DESTINATIONS,Destination,Durres,CMS035,325
DESTINATIONS,Destination,Tirana,L64442,326
DESTINATIONS,Destination,Andorra,AND,327
DESTINATIONS,Destination,Arinsal,'000171',328
DESTINATIONS,Destination,El Tarter,'001464',329
DESTINATIONS,Destination,Pas de la Casa,'001231',330
DESTINATIONS,Destination,Soldeu,L57824,331
DESTINATIONS,Destination,La Massana,'001548',332
DESTINATIONS,Destination,Austria,AUT,333
DESTINATIONS,Destination,Achensee,'002428',334
DESTINATIONS,Destination,Alpbach,'000752',335
DESTINATIONS,Destination,Bad Gastein,'000956',336
DESTINATIONS,Destination,Bad Hofgastein,'001136',337
DESTINATIONS,Destination,Durnstein,L53312,338
DESTINATIONS,Destination,Ellmau,'000954',339
DESTINATIONS,Destination,Fügen,'004181',340
DESTINATIONS,Destination,Fieberbrunn,'003873',341
DESTINATIONS,Destination,Filzmoos,L71664,342
DESTINATIONS,Destination,Galtür,'000958',343
DESTINATIONS,Destination,Gerlos,L70971,344
DESTINATIONS,Destination,Grein,L66704,345
DESTINATIONS,Destination,Hinterglemm,'000961',346
DESTINATIONS,Destination,Hochgurgl,'001538',347
DESTINATIONS,Destination,Hochsölden,'000963',348
DESTINATIONS,Destination,Igls,'006906',349
DESTINATIONS,Destination,Innsbruck,'000964',350
DESTINATIONS,Destination,Ischgl,'000966',351
DESTINATIONS,Destination,Kaprun,'000968',352
DESTINATIONS,Destination,Katschberg,'001155',353
DESTINATIONS,Destination,Kirchberg,'000969',354
DESTINATIONS,Destination,Kitzbühel,'000970',355
DESTINATIONS,Destination,Krems,L53311,356
DESTINATIONS,Destination,Lech,'000971',357
DESTINATIONS,Destination,Leogang,L68345,358
DESTINATIONS,Destination,Linz,'001118',359
DESTINATIONS,Destination,Mayrhofen,'000973',360
DESTINATIONS,Destination,Melk,L53313,361
DESTINATIONS,Destination,Millstatt,'002650',362
DESTINATIONS,Destination,Montafon,L23803,363
DESTINATIONS,Destination,Nassfeld,'003975',364
DESTINATIONS,Destination,Nauders,L36161,365
DESTINATIONS,Destination,Neustift,'002440',366
DESTINATIONS,Destination,Niederau,'000974',367
DESTINATIONS,Destination,Obergurgl,'000976',368
DESTINATIONS,Destination,Obertauern,'000977',369
DESTINATIONS,Destination,Ramsau im Zillertal,'004271',370
DESTINATIONS,Destination,Rauris,'002434',371
DESTINATIONS,Destination,Reith im Alpbachtal,L62282,372
DESTINATIONS,Destination,Sölden,'000989',373
DESTINATIONS,Destination,Söll,'000991',374
DESTINATIONS,Destination,Saalbach,'000980',375
DESTINATIONS,Destination,Salzburg,'001115',376
DESTINATIONS,Destination,Schladming,'000984',377
DESTINATIONS,Destination,Seefeld,'000988',378
DESTINATIONS,Destination,Serfaus-Fiss-Ladis,'004247',379
DESTINATIONS,Destination,St Anton,'000993',380
DESTINATIONS,Destination,St Christoph,'002668',381
DESTINATIONS,Destination,St Gilgen,'000994',382
DESTINATIONS,Destination,St Johann in Tyrol,'000990',383
DESTINATIONS,Destination,St Wolfgang,'000196',384
DESTINATIONS,Destination,Vienna,'000985',385
DESTINATIONS,Destination,Wagrain,'000983',386
DESTINATIONS,Destination,Weissenkirchen,L56902,387
DESTINATIONS,Destination,Zürs,'002445',388
DESTINATIONS,Destination,Zell am See,'000978',389
DESTINATIONS,Destination,Belgium,BEL,390
DESTINATIONS,Destination,Antwerp,'001519',391
DESTINATIONS,Destination,Brussels,'000733',392
DESTINATIONS,Destination,Ghent,'001518',393
DESTINATIONS,Destination,Bulgaria,BGR,394
DESTINATIONS,Destination,Bansko,'002771',395
DESTINATIONS,Destination,Borovets,'001675',396
DESTINATIONS,Destination,Bourgas Region,'002682',397
DESTINATIONS,Destination,Bourgas,L35681,398
DESTINATIONS,Destination,Nessebar,'002529',399
DESTINATIONS,Destination,Obzor,'002911',400
DESTINATIONS,Destination,Pomorie,'002530',401
DESTINATIONS,Destination,Primorsko,'002764',402
DESTINATIONS,Destination,Sozopol,'002652',403
DESTINATIONS,Destination,St Vlas,'003660',404
DESTINATIONS,Destination,Sunny Beach,'002548',405
DESTINATIONS,Destination,Tsarevo,L45941,406
DESTINATIONS,Destination,Pamporovo,'002498',407
DESTINATIONS,Destination,Sofia,L64443,408
DESTINATIONS,Destination,Vidin,L56909,409
DESTINATIONS,Destination,Croatia,HRV,410
DESTINATIONS,Destination,Dalmatian Coast and Islands,L24947,411
DESTINATIONS,Destination,Baska Voda,'002536',412
DESTINATIONS,Destination,Brac Island,'002946',413
DESTINATIONS,Destination,Brela,'002654',414
DESTINATIONS,Destination,Donji Seget,L71045,415
DESTINATIONS,Destination,Hvar,'002537',416
DESTINATIONS,Destination,Igrane,L38101,417
DESTINATIONS,Destination,Makarska,'002495',418
DESTINATIONS,Destination,Omis,'006128',419
DESTINATIONS,Destination,Podgora,'003554',420
DESTINATIONS,Destination,Podstrana,'008726',421
DESTINATIONS,Destination,Sibenik,'003999',422
DESTINATIONS,Destination,Split,'002636',423
DESTINATIONS,Destination,Trogir,'002543',424
DESTINATIONS,Destination,Tucepi,'002535',425
DESTINATIONS,Destination,Dubrovnik and Islands,'002925',426
DESTINATIONS,Destination,Cavtat,'000464',427
DESTINATIONS,Destination,Dubrovnik,'000465',428
DESTINATIONS,Destination,Kolocep,'002753',429
DESTINATIONS,Destination,Korcula,'002533',430
DESTINATIONS,Destination,Lopud Island,'002843',431
DESTINATIONS,Destination,Mlini,'002532',432
DESTINATIONS,Destination,Mljet,'002751',433
DESTINATIONS,Destination,Orasac,'004383',434
DESTINATIONS,Destination,Orebic,'002534',435
DESTINATIONS,Destination,Plat,'002653',436
DESTINATIONS,Destination,Slano,'002750',437
DESTINATIONS,Destination,Srebreno,L36961,438
DESTINATIONS,Destination,Zaton Mali,'002934',439
DESTINATIONS,Destination,Sipan Island,L50784,440
DESTINATIONS,Destination,Istrian Riviera,'002937',441
DESTINATIONS,Destination,Buje,L62596,442
DESTINATIONS,Destination,Lovran,'001507',443
DESTINATIONS,Destination,Medulin,'002656',444
DESTINATIONS,Destination,Novigrad,'000469',445
DESTINATIONS,Destination,Opatija,'001508',446
DESTINATIONS,Destination,Porec,'000471',447
DESTINATIONS,Destination,Pula,'002655',448
DESTINATIONS,Destination,Rabac,'000472',449
DESTINATIONS,Destination,Rovinj,'001506',450
DESTINATIONS,Destination,Umag,'002547',451
DESTINATIONS,Destination,Vrsar,'002546',452
DESTINATIONS,Destination,Kvarner Bay,'002943',453
DESTINATIONS,Destination,Rijeka,L34763,454
DESTINATIONS,Destination,Crikvenica,L65369,455
DESTINATIONS,Destination,Krk Island,'002944',456
DESTINATIONS,Destination,Osijek,L56903,457
DESTINATIONS,Destination,Vukovar,L53303,458
DESTINATIONS,Destination,Zadar,CMS027,459
DESTINATIONS,Destination,Zagreb,L62246,460
DESTINATIONS,Destination,Cyprus,CYP,461
DESTINATIONS,Destination,Larnaca Area,'000791',462
DESTINATIONS,Destination,Ayia Napa,'000792',463
DESTINATIONS,Destination,Nissi Beach,'002585',464
DESTINATIONS,Destination,Protaras,'000806',465
DESTINATIONS,Destination,Alaminos,'008746',466
DESTINATIONS,Destination,Larnaca,'000796',467
DESTINATIONS,Destination,Pernera,L38021,468
DESTINATIONS,Destination,Paphos Area,'001443',469
DESTINATIONS,Destination,Amathus Bay,'005646',470
DESTINATIONS,Destination,Aphrodite Hills,'003997',471
DESTINATIONS,Destination,Chlorakas,L49421,472
DESTINATIONS,Destination,Coral Bay,'001616',473
DESTINATIONS,Destination,Kissonerga,L61062,474
DESTINATIONS,Destination,Latchi,'001342',475
DESTINATIONS,Destination,Limassol,'000798',476
DESTINATIONS,Destination,Paphos,'000799',477
DESTINATIONS,Destination,Pareklisia,L67262,478
DESTINATIONS,Destination,Pissouri,'002017',479
DESTINATIONS,Destination,Polis,'001341',480
DESTINATIONS,Destination,Pomos,'003982',481
DESTINATIONS,Destination,Czech Republic,CZE,482
DESTINATIONS,Destination,Prague,'000815',483
DESTINATIONS,Destination,Denmark,DNK,484
DESTINATIONS,Destination,Copenhagen,'000821',485
DESTINATIONS,Destination,Estonia,EST,486
DESTINATIONS,Destination,Tallinn,'002825',487
DESTINATIONS,Destination,Finland,FIN,488
DESTINATIONS,Destination,Helsinki,'002824',489
DESTINATIONS,Destination,France,FRA,490
DESTINATIONS,Destination,Évian,'002460',491
DESTINATIONS,Destination,Aix-en-Provence,'003132',492
DESTINATIONS,Destination,Alpe dHuez,'000870',493
DESTINATIONS,Destination,Auris En Oisans,L40161,494
DESTINATIONS,Destination,Avignon,'003445',495
DESTINATIONS,Destination,Avoriaz,'000181',496
DESTINATIONS,Destination,Biarritz,'002879',497
DESTINATIONS,Destination,Bordeaux,'000888',498
DESTINATIONS,Destination,Bourg-Saint-Maurice,L62003,499
DESTINATIONS,Destination,Brides-les-Bains,'002456',500
DESTINATIONS,Destination,Carcassonne,'003110',501
DESTINATIONS,Destination,Châtel,'000872',502
DESTINATIONS,Destination,Chamonix,'000192',503
DESTINATIONS,Destination,Corsica,'002633',504
DESTINATIONS,Destination,Ajaccio,'002634',505
DESTINATIONS,Destination,Calvi,'002884',506
DESTINATIONS,Destination,Propriano,'003063',507
DESTINATIONS,Destination,Courchevel,'001365',508
DESTINATIONS,Destination,Flaine,'000874',509
DESTINATIONS,Destination,French Riviera,'001441',510
DESTINATIONS,Destination,Cannes,'001422',511
DESTINATIONS,Destination,Nice,'000890',512
DESTINATIONS,Destination,Huningue (for Basel),L71642,513
DESTINATIONS,Destination,La Clusaz,'002457',514
DESTINATIONS,Destination,La Plagne,'001140',515
DESTINATIONS,Destination,La Rosière,'002458',516
DESTINATIONS,Destination,La Tania,'001250',517
DESTINATIONS,Destination,La Toussuire,L20149,518
DESTINATIONS,Destination,Lake Annecy,'002453',519
DESTINATIONS,Destination,Le Corbier,L62342,520
DESTINATIONS,Destination,Les Arcs,'001357',521
DESTINATIONS,Destination,Les Deux Alpes,'000878',522
DESTINATIONS,Destination,Les Gets,'004077',523
DESTINATIONS,Destination,Les Menuires,'001219',524
DESTINATIONS,Destination,Lyon,'001599',525
DESTINATIONS,Destination,Méribel,'005331',526
DESTINATIONS,Destination,Marseille,'002696',527
DESTINATIONS,Destination,Marseille (for Provence),L70995,528
DESTINATIONS,Destination,Megève,'001627',529
DESTINATIONS,Destination,Montalbert,L72362,530
DESTINATIONS,Destination,Montgenèvre,'000884',531
DESTINATIONS,Destination,Montpellier,'002694',532
DESTINATIONS,Destination,Morzine,'000886',533
DESTINATIONS,Destination,Mottaret,'005332',534
DESTINATIONS,Destination,Paris,'000108',535
DESTINATIONS,Destination,Risoul,'000892',536
DESTINATIONS,Destination,Sainte-Foy,'003885',537
DESTINATIONS,Destination,Samoëns,L20481,538
DESTINATIONS,Destination,Serre Chevalier,'001149',539
DESTINATIONS,Destination,St Gervais,L69023,540
DESTINATIONS,Destination,St-Sorlin-dArves,L65382,541
DESTINATIONS,Destination,Strasbourg,'003446',542
DESTINATIONS,Destination,Tignes,'000187',543
DESTINATIONS,Destination,Toulon (for the Cote dAzur),'003090',544
DESTINATIONS,Destination,Toulouse,'003447',545
DESTINATIONS,Destination,Val Cenis,'003886',546
DESTINATIONS,Destination,Val Thorens,'000119',547
DESTINATIONS,Destination,Val dIsère,'000145',548
DESTINATIONS,Destination,Valloire,'002773',549
DESTINATIONS,Destination,Valmeinier,'002774',550
DESTINATIONS,Destination,Vars,'001478',551
DESTINATIONS,Destination,Vaujany,L65582,552
DESTINATIONS,Destination,Villefranche (for Monaco and Nice),'002697',553
DESTINATIONS,Destination,Germany,DEU,554
DESTINATIONS,Destination,Aschaffenburg,L58064,555
DESTINATIONS,Destination,Bamberg,L53262,556
DESTINATIONS,Destination,Berlin,'000898',557
DESTINATIONS,Destination,Bernkastel-Kues,L53327,558
DESTINATIONS,Destination,Bonn,L53266,559
DESTINATIONS,Destination,Boppard,L53195,560
DESTINATIONS,Destination,Breisach,L53196,561
DESTINATIONS,Destination,Cochem,L53187,562
DESTINATIONS,Destination,Cologne,'002920',563
DESTINATIONS,Destination,Dusseldorf,'001656',564
DESTINATIONS,Destination,Frankfurt,'003821',565
DESTINATIONS,Destination,Hamburg,'003448',566
DESTINATIONS,Destination,Kehl (for Strasbourg),L53191,567
DESTINATIONS,Destination,Kelheim,L53322,568
DESTINATIONS,Destination,Koblenz,L53183,569
DESTINATIONS,Destination,Mainz,L53269,570
DESTINATIONS,Destination,Mannheim,L53189,571
DESTINATIONS,Destination,Marktbreit,L53331,572
DESTINATIONS,Destination,Miltenberg,L53330,573
DESTINATIONS,Destination,Munich,'001127',574
DESTINATIONS,Destination,Nuremberg,L53334,575
DESTINATIONS,Destination,Passau,'004124',576
DESTINATIONS,Destination,Regensburg,L53342,577
DESTINATIONS,Destination,Rudesheim,L53194,578
DESTINATIONS,Destination,Speyer,L53337,579
DESTINATIONS,Destination,Stuttgart,'004129',580
DESTINATIONS,Destination,Trier,L53323,581
DESTINATIONS,Destination,Wertheim,L53333,582
DESTINATIONS,Destination,Worms,L61962,583
DESTINATIONS,Destination,Wurzburg,'004130',584
DESTINATIONS,Destination,Gibraltar,GIB,585
DESTINATIONS,Destination,Greece,GRC,587
DESTINATIONS,Destination,Athens,L52884,588
DESTINATIONS,Destination,Crete,'000800',589
DESTINATIONS,Destination,Chania area,L25003,590
DESTINATIONS,Destination,Aghia Marina,'002549',591
DESTINATIONS,Destination,Agioi Apostoloi,L48164,592
DESTINATIONS,Destination,Almyrida,'003184',593
DESTINATIONS,Destination,Chania,'000804',594
DESTINATIONS,Destination,Georgioupolis,'002510',595
DESTINATIONS,Destination,Gerani,'002726',596
DESTINATIONS,Destination,Kalyves,'002509',597
DESTINATIONS,Destination,Kato Daratso,'008806',598
DESTINATIONS,Destination,Kissamos,'007606',599
DESTINATIONS,Destination,Kolymbari,'002675',600
DESTINATIONS,Destination,Maleme,'000822',601
DESTINATIONS,Destination,Nea Kydonia,'004284',602
DESTINATIONS,Destination,Platanias,'001373',603
DESTINATIONS,Destination,Souda (for Chania),L51442,604
DESTINATIONS,Destination,Stalos,'004477',605
DESTINATIONS,Destination,Tavronitis,L50343,606
DESTINATIONS,Destination,Heraklion area,L25004,607
DESTINATIONS,Destination,Aghia Pelagia,'001487',608
DESTINATIONS,Destination,Aghios Nikolaos,'000801',609
DESTINATIONS,Destination,Agia Varvara,L57942,610
DESTINATIONS,Destination,Agkisaras,L49322,611
DESTINATIONS,Destination,Amoudara,'000802',612
DESTINATIONS,Destination,Analipsi,'001308',613
DESTINATIONS,Destination,Anissaras,'001912',614
DESTINATIONS,Destination,Bali,'002156',615
DESTINATIONS,Destination,Elounda,'000807',616
DESTINATIONS,Destination,Fodele,'001640',617
DESTINATIONS,Destination,Gournes,'004414',618
DESTINATIONS,Destination,Gouves,'000809',619
DESTINATIONS,Destination,Heraklion,'001636',620
DESTINATIONS,Destination,Hersonissos,'000811',621
DESTINATIONS,Destination,Ierapetra,'002353',622
DESTINATIONS,Destination,Istron And Kalo Chorio,'001291',623
DESTINATIONS,Destination,Kamilari,'003188',624
DESTINATIONS,Destination,Kokkini Hani,'000817',625
DESTINATIONS,Destination,Koutouloufari,'002323',626
DESTINATIONS,Destination,Lyttos Beach,'004283',627
DESTINATIONS,Destination,Malia,'000825',628
DESTINATIONS,Destination,Milatos,'002550',629
DESTINATIONS,Destination,Piskopiano Village,'002306',630
DESTINATIONS,Destination,Prina,'003680',631
DESTINATIONS,Destination,Sissi,'001292',632
DESTINATIONS,Destination,Stalis,'000830',633
DESTINATIONS,Destination,Lameriana,L68824,634
DESTINATIONS,Destination,Matala,L71423,635
DESTINATIONS,Destination,Rethymnon area,L25007,636
DESTINATIONS,Destination,Panormo,'004909',637
DESTINATIONS,Destination,Platanes,L49321,638
DESTINATIONS,Destination,Rethymnon,'000827',639
DESTINATIONS,Destination,Sfakaki,L46521,640
DESTINATIONS,Destination,Skaletta,'002146',641
DESTINATIONS,Destination,Halkidiki,'000840',642
DESTINATIONS,Destination,Afitos,'000843',643
DESTINATIONS,Destination,Gerakini,'000844',644
DESTINATIONS,Destination,Hanioti,'000845',645
DESTINATIONS,Destination,Kalithea,'000848',646
DESTINATIONS,Destination,Kalives,L36981,647
DESTINATIONS,Destination,Kassandra,'001304',648
DESTINATIONS,Destination,Kriopigi,'000850',649
DESTINATIONS,Destination,Metamorfosi,L68504,650
DESTINATIONS,Destination,Nea Moudania,'002912',651
DESTINATIONS,Destination,Nea Potidea,'001534',652
DESTINATIONS,Destination,Nea Skioni,L65125,653
DESTINATIONS,Destination,Neos Marmaras,'000854',654
DESTINATIONS,Destination,Nikiti,'004435',655
DESTINATIONS,Destination,Ouranoupolis,'000855',656
DESTINATIONS,Destination,Paliouri,'000151',657
DESTINATIONS,Destination,Pefkohori,'000856',658
DESTINATIONS,Destination,Polichrono,'001413',659
DESTINATIONS,Destination,Possidi,'002310',660
DESTINATIONS,Destination,Psakoudia,L49862,661
DESTINATIONS,Destination,Sani,'001501',662
DESTINATIONS,Destination,Vatopedi,L65262,663
DESTINATIONS,Destination,Ionian Islands,L24962,664
DESTINATIONS,Destination,Corfu,'000691',665
DESTINATIONS,Destination,Acharavi,'000694',666
DESTINATIONS,Destination,Aghios Georgios North,'000704',667
DESTINATIONS,Destination,Aghios Georgios South,'001350',668
DESTINATIONS,Destination,Aghios Gordios,'000707',669
DESTINATIONS,Destination,Aghios Ioannis (Corfu),'000706',670
DESTINATIONS,Destination,Agios Ioannis Peristeron,'007427',671
DESTINATIONS,Destination,Alykes Potamos,'000709',672
DESTINATIONS,Destination,Arilas,'000710',673
DESTINATIONS,Destination,Barbati,'000712',674
DESTINATIONS,Destination,Benitses,'000715',675
DESTINATIONS,Destination,Boukari,L60503,676
DESTINATIONS,Destination,Corfu Town,'000718',677
DESTINATIONS,Destination,Dassia,'000720',678
DESTINATIONS,Destination,Ermones,'001101',679
DESTINATIONS,Destination,Glyfada,'000731',680
DESTINATIONS,Destination,Gouvia,'000734',681
DESTINATIONS,Destination,Ipsos,'000736',682
DESTINATIONS,Destination,Kanoni,CL0050,683
DESTINATIONS,Destination,Kassiopi,'000758',684
DESTINATIONS,Destination,Kavos,'000750',685
DESTINATIONS,Destination,Kommeno Bay,'002578',686
DESTINATIONS,Destination,Kontokali,'000754',687
DESTINATIONS,Destination,Lefkimi,L45221,688
DESTINATIONS,Destination,Liapades,L63722,689
DESTINATIONS,Destination,Messonghi,'000761',690
DESTINATIONS,Destination,Moraitika,'001094',691
DESTINATIONS,Destination,Nissaki,'000764',692
DESTINATIONS,Destination,Paleokastritsa,'000780',693
DESTINATIONS,Destination,Pelekas Beach,'001651',694
DESTINATIONS,Destination,Perama,'001119',695
DESTINATIONS,Destination,Peroulades,L65010,696
DESTINATIONS,Destination,Psarras,'002915',697
DESTINATIONS,Destination,Pyrgi,'001999',698
DESTINATIONS,Destination,Roda,'000785',699
DESTINATIONS,Destination,San Stefanos,'000788',700
DESTINATIONS,Destination,Sidari,'000794',701
DESTINATIONS,Destination,St Spyridon,'002603',702
DESTINATIONS,Destination,Velonades,L68503,703
DESTINATIONS,Destination,Zante,'000952',704
DESTINATIONS,Destination,Aghios Sostis,'002137',705
DESTINATIONS,Destination,Agios Dimitrios,'003166',706
DESTINATIONS,Destination,Alykanas,'001560',707
DESTINATIONS,Destination,Alykes,'000953',708
DESTINATIONS,Destination,Amoudi,'002305',709
DESTINATIONS,Destination,Argassi,'000957',710
DESTINATIONS,Destination,Bochali,L67746,711
DESTINATIONS,Destination,Drosia,L59862,712
DESTINATIONS,Destination,Kalamaki,'000959',713
DESTINATIONS,Destination,Keri,L71762,714
DESTINATIONS,Destination,Kypseli,'004316',715
DESTINATIONS,Destination,Laganas,'000126',716
DESTINATIONS,Destination,Limni Keriou,'004351',717
DESTINATIONS,Destination,Tragaki,'001570',718
DESTINATIONS,Destination,Tsilivi,'000962',719
DESTINATIONS,Destination,Vassilikos,'001488',720
DESTINATIONS,Destination,Zakynthos Town,'000965',721
DESTINATIONS,Destination,Kefalonia,'000864',722
DESTINATIONS,Destination,Agia Efimia,'001961',723
DESTINATIONS,Destination,Argostoli,'000867',724
DESTINATIONS,Destination,Fiskardo,'002922',725
DESTINATIONS,Destination,Karavados,'001644',726
DESTINATIONS,Destination,Karavomilos,'008166',727
DESTINATIONS,Destination,Katelios,'001307',728
DESTINATIONS,Destination,Lakithra,'002055',729
DESTINATIONS,Destination,Lassi,'000875',730
DESTINATIONS,Destination,Lixouri,'000877',731
DESTINATIONS,Destination,Lourdas,'002056',732
DESTINATIONS,Destination,Moussata,L66503,733
DESTINATIONS,Destination,Peratata,L60164,734
DESTINATIONS,Destination,Poros,'000879',735
DESTINATIONS,Destination,Ratzakli,'003177',736
DESTINATIONS,Destination,Sami,'001380',737
DESTINATIONS,Destination,Skala,'000881',738
DESTINATIONS,Destination,Spartia,'002346',739
DESTINATIONS,Destination,Svoronata,'001169',740
DESTINATIONS,Destination,Trapezaki,'002598',741
DESTINATIONS,Destination,Beach,L67964,742
DESTINATIONS,Destination,Lefkas,'000910',743
DESTINATIONS,Destination,Aghios Ioannis,'002516',744
DESTINATIONS,Destination,Lazarata,'004382',745
DESTINATIONS,Destination,Lygia,'002198',746
DESTINATIONS,Destination,Nidri,'000911',747
DESTINATIONS,Destination,Nikiana,'001554',748
DESTINATIONS,Destination,Spanochori,L58682,749
DESTINATIONS,Destination,Tsoukalades,L67862,750
DESTINATIONS,Destination,Paxos,'002173',751
DESTINATIONS,Destination,Loggos,'002508',752
DESTINATIONS,Destination,Magazia,'003208',753
DESTINATIONS,Destination,Gaios,'002174',754
DESTINATIONS,Destination,Katakolon (for Olympia),'002637',755
DESTINATIONS,Destination,Naxos,'001481',756
DESTINATIONS,Destination,North Aegean Islands,L24965,757
DESTINATIONS,Destination,Skiathos,'000941',758
DESTINATIONS,Destination,Achladies Bay,'002251',759
DESTINATIONS,Destination,Aghia Paraskevi,'001354',760
DESTINATIONS,Destination,Aselinos,L68303,761
DESTINATIONS,Destination,Kanapitsa,'000942',762
DESTINATIONS,Destination,Kolios Beach,'001938',763
DESTINATIONS,Destination,Koukounaries,'001351',764
DESTINATIONS,Destination,Megali Ammos,'001317',765
DESTINATIONS,Destination,Punta,L49861,766
DESTINATIONS,Destination,Skiathos Town,'000945',767
DESTINATIONS,Destination,Troulos,'000946',768
DESTINATIONS,Destination,Vasilias,'001674',769
DESTINATIONS,Destination,Thassos,'000947',770
DESTINATIONS,Destination,Golden Beach,'001301',771
DESTINATIONS,Destination,Limenaria,'001700',772
DESTINATIONS,Destination,Potos,'001701',773
DESTINATIONS,Destination,Skala Potamias,'001302',774
DESTINATIONS,Destination,Skala Rahoni,'001306',775
DESTINATIONS,Destination,Thassos Town,'000949',776
DESTINATIONS,Destination,Trypiti,'005946',777
DESTINATIONS,Destination,Samos,'000935',778
DESTINATIONS,Destination,Kambos,'001661',779
DESTINATIONS,Destination,Karlovasi,L50314,780
DESTINATIONS,Destination,Kokkari,'000936',781
DESTINATIONS,Destination,Mykali,'006526',782
DESTINATIONS,Destination,Pythagorion,'000937',783
DESTINATIONS,Destination,Samos Town,'000938',784
DESTINATIONS,Destination,Skopelos,'000134',785
DESTINATIONS,Destination,Skopelos Town,'000136',786
DESTINATIONS,Destination,Alonissos,'002171',788
DESTINATIONS,Destination,Marpunta,L50244,789
DESTINATIONS,Destination,Patitiri,'002172',790
DESTINATIONS,Destination,Parga,'000915',791
DESTINATIONS,Destination,Kastrosikia,L63622,792
DESTINATIONS,Destination,Parga Town,'000916',793
DESTINATIONS,Destination,Perdika,L56282,794
DESTINATIONS,Destination,Sivota,L69102,795
DESTINATIONS,Destination,Lichnos,'002195',796
DESTINATIONS,Destination,Patmos,L21005,798
DESTINATIONS,Destination,Peloponnese,'002189',799
DESTINATIONS,Destination,Messinia,'003211',800
DESTINATIONS,Destination,Costa Navarino,L45803,801
DESTINATIONS,Destination,Kalamata,L18509,802
DESTINATIONS,Destination,Kalo Nero,L45802,803
DESTINATIONS,Destination,Koroni,'003212',804
DESTINATIONS,Destination,Kyparissia,L68823,805
DESTINATIONS,Destination,Petalidi,'002192',806
DESTINATIONS,Destination,Kitries,'003240',807
DESTINATIONS,Destination,Piraeus (for Athens),'000666',808
DESTINATIONS,Destination,Preveza,L69422,809
DESTINATIONS,Destination,South Aegean Islands,L24960,810
DESTINATIONS,Destination,Kos,'000899',811
DESTINATIONS,Destination,Agios Fokas,'006246',812
DESTINATIONS,Destination,Helona Beach,'007426',813
DESTINATIONS,Destination,Kardamena,'000905',814
DESTINATIONS,Destination,Kefalos,'000906',815
DESTINATIONS,Destination,Kos Beach,L68025,816
DESTINATIONS,Destination,Kos Town,'000907',817
DESTINATIONS,Destination,Lambi,'006346',818
DESTINATIONS,Destination,Marmari,'001495',819
DESTINATIONS,Destination,Mastichari,'001015',820
DESTINATIONS,Destination,Psalidi,'000908',821
DESTINATIONS,Destination,Tingaki,'000909',822
DESTINATIONS,Destination,Rhodes,'000923',823
DESTINATIONS,Destination,Afandou,'001021',824
DESTINATIONS,Destination,Archangelos,L70503,825
DESTINATIONS,Destination,Faliraki,'000924',826
DESTINATIONS,Destination,Fanes,L63553,827
DESTINATIONS,Destination,Gennadi,'000925',828
DESTINATIONS,Destination,Ialyssos,'004451',829
DESTINATIONS,Destination,Ixia,'000926',830
DESTINATIONS,Destination,Ixia/Rhodes Town,L56522,831
DESTINATIONS,Destination,Kalathos,'001020',832
DESTINATIONS,Destination,Kalithea (Rhodes),'000927',833
DESTINATIONS,Destination,Kiotari,'001019',834
DESTINATIONS,Destination,Kolymbia,'000928',835
DESTINATIONS,Destination,Koskinou,'002149',836
DESTINATIONS,Destination,Kremasti,'002202',837
DESTINATIONS,Destination,Lachania,'008826',838
DESTINATIONS,Destination,Lardos,'000929',839
DESTINATIONS,Destination,Lindos,'000930',840
DESTINATIONS,Destination,Lindos/Kiotari,L56523,841
DESTINATIONS,Destination,Pastida,'002144',842
DESTINATIONS,Destination,Pefkos,'001284',843
DESTINATIONS,Destination,Plimmiri,'008586',844
DESTINATIONS,Destination,Rhodes Town,'000931',845
DESTINATIONS,Destination,Tholos,'000932',846
DESTINATIONS,Destination,Trianda,'000933',847
DESTINATIONS,Destination,Mykonos,'002165',848
DESTINATIONS,Destination,Agios Ioannis,'002725',849
DESTINATIONS,Destination,Agios Stefanos,'006866',850
DESTINATIONS,Destination,Ano Mera,L68510,851
DESTINATIONS,Destination,Elia,L65344,852
DESTINATIONS,Destination,Ftelia,L46044,853
DESTINATIONS,Destination,Kalafatis,L68487,854
DESTINATIONS,Destination,Kalo Livadi,'006547',855
DESTINATIONS,Destination,Mykonos Town,'002166',856
DESTINATIONS,Destination,Ornos,'002167',857
DESTINATIONS,Destination,Panormos,L63547,858
DESTINATIONS,Destination,Plati Yialos,'002168',859
DESTINATIONS,Destination,Psarou,'006549',860
DESTINATIONS,Destination,Tourlos,L39242,861
DESTINATIONS,Destination,Santorini,'000939',862
DESTINATIONS,Destination,Akrotiri,'006117',863
DESTINATIONS,Destination,Emporio,L68462,864
DESTINATIONS,Destination,Exomitis,L72102,865
DESTINATIONS,Destination,Firostefani,'003225',866
DESTINATIONS,Destination,Imerovigli,'002163',867
DESTINATIONS,Destination,Ios Island,L52707,868
DESTINATIONS,Destination,Kamari,'000940',869
DESTINATIONS,Destination,Karterados,L68508,870
DESTINATIONS,Destination,Koloumpos,L68506,871
DESTINATIONS,Destination,Megalocori,'003750',872
DESTINATIONS,Destination,Messaria,'007590',873
DESTINATIONS,Destination,Monolithos,'004449',874
DESTINATIONS,Destination,Oia,'003226',875
DESTINATIONS,Destination,Perissa,'001294',876
DESTINATIONS,Destination,Perivolos,'002164',877
DESTINATIONS,Destination,Pyrgos,'002892',878
DESTINATIONS,Destination,Thira,'004448',879
DESTINATIONS,Destination,Vlychada,L62842,880
DESTINATIONS,Destination,Vourvoulos,L68465,881
DESTINATIONS,Destination,Paros,'000917',882
DESTINATIONS,Destination,Thessaloniki,'001522',883
DESTINATIONS,Destination,Hungary,HUN,884
DESTINATIONS,Destination,Budapest,'000618',885
DESTINATIONS,Destination,Esztergom,L53306,886
DESTINATIONS,Destination,Kalocsa,L53305,887
DESTINATIONS,Destination,Mohacs,L53304,888
DESTINATIONS,Destination,Lake Balaton,L68982,889
DESTINATIONS,Destination,Balatonfüred,L68984,890
DESTINATIONS,Destination,Siófok,L68983,891
DESTINATIONS,Destination,Iceland,ISL,892
DESTINATIONS,Destination,Reykjavik,'000622',893
DESTINATIONS,Destination,Ireland,IRL,894
DESTINATIONS,Destination,Italy,ITA,895
DESTINATIONS,Destination,Ancona,L47110,896
DESTINATIONS,Destination,Assisi,'003293',897
DESTINATIONS,Destination,Bardonecchia,'001551',898
DESTINATIONS,Destination,Bergamo,L65803,899
DESTINATIONS,Destination,Bologna,'003454',900
DESTINATIONS,Destination,Brescia,L65804,901
DESTINATIONS,Destination,Calabria,'003413',902
DESTINATIONS,Destination,Capo Vaticano,'003416',903
DESTINATIONS,Destination,Parghelia,'003679',904
DESTINATIONS,Destination,Pizzo,'003415',905
DESTINATIONS,Destination,Zambrone,L50983,906
DESTINATIONS,Destination,Campania,L24958,907
DESTINATIONS,Destination,Amalfi Coast,'006446',908
DESTINATIONS,Destination,Amalfi,'000673',909
DESTINATIONS,Destination,Maiori,'000677',910
DESTINATIONS,Destination,Minori,'000674',911
DESTINATIONS,Destination,Positano,'001297',912
DESTINATIONS,Destination,Ravello,'001485',913
DESTINATIONS,Destination,Scala,'002413',914
DESTINATIONS,Destination,Praiano,'001298',915
DESTINATIONS,Destination,Vietri sul Mare,'004391',916
DESTINATIONS,Destination,Conca dei Marini,L49821,917
DESTINATIONS,Destination,Castellammare di Stabia,L44181,918
DESTINATIONS,Destination,Ischia,'001125',919
DESTINATIONS,Destination,Naples,L48664,920
DESTINATIONS,Destination,Sorrento Coast,L57282,921
DESTINATIONS,Destination,Sorrento,'000676',922
DESTINATIONS,Destination,SantAgnello,'001907',923
DESTINATIONS,Destination,Massa Lubrense,'001688',924
DESTINATIONS,Destination,Piano di Sorrento,'004176',925
DESTINATIONS,Destination,Meta di Sorrento,'002688',926
DESTINATIONS,Destination,Vico Equense,'006078',927
DESTINATIONS,Destination,Seiano,L51424,928
DESTINATIONS,Destination,SantAgata,'002352',929
DESTINATIONS,Destination,Sorrento/Amalfi Coast,L72043,930
DESTINATIONS,Destination,Cava de Tirreni,L70304,931
DESTINATIONS,Destination,Cavalese,'001271',932
DESTINATIONS,Destination,Cervinia,'000648',933
DESTINATIONS,Destination,Civitavecchia (for Rome),'000654',934
DESTINATIONS,Destination,Colfosco,L57828,935
DESTINATIONS,Destination,Cortina dAmpezzo,'001632',936
DESTINATIONS,Destination,Corvara,L57827,937
DESTINATIONS,Destination,Courmayeur,'000649',938
DESTINATIONS,Destination,Drei Zinnen,L54248,939
DESTINATIONS,Destination,Florence,'000653',940
DESTINATIONS,Destination,Folgaria,'004191',941
DESTINATIONS,Destination,Folgarida,'001473',942
DESTINATIONS,Destination,Gressoney,'001460',943
DESTINATIONS,Destination,Italian Riviera,'001595',944
DESTINATIONS,Destination,Genoa,'003438',945
DESTINATIONS,Destination,Chiavari,L70042,946
DESTINATIONS,Destination,Rapallo,'002877',947
DESTINATIONS,Destination,Santa Margherita Ligure,L70495,948
DESTINATIONS,Destination,Sestri Levante,'003748',949
DESTINATIONS,Destination,Kronplatz,L35821,950
DESTINATIONS,Destination,La Spezia (For Florence & Pisa),'002699',951
DESTINATIONS,Destination,La Thuile,'001366',952
DESTINATIONS,Destination,Lake Como,'000657',953
DESTINATIONS,Destination,Bellagio,'000658',954
DESTINATIONS,Destination,Como,L66102,955
DESTINATIONS,Destination,Lecco,L69862,956
DESTINATIONS,Destination,Menaggio,'001517',957
DESTINATIONS,Destination,Tremezzo,'001331',958
DESTINATIONS,Destination,Lake Garda,'000659',959
DESTINATIONS,Destination,Bardolino,'000660',960
DESTINATIONS,Destination,Desenzano,'001382',961
DESTINATIONS,Destination,Garda,'001122',962
DESTINATIONS,Destination,Castelnuovo (Gardaland),'005766',963
DESTINATIONS,Destination,Gardone Riviera,'001232',964
DESTINATIONS,Destination,Lazise,'002783',965
DESTINATIONS,Destination,Limone,'000661',966
DESTINATIONS,Destination,Maderno,'002404',967
DESTINATIONS,Destination,Malcesine,'000662',968
DESTINATIONS,Destination,Peschiera,'003730',969
DESTINATIONS,Destination,Riva,'000663',970
DESTINATIONS,Destination,Salò,'001432',971
DESTINATIONS,Destination,Sirmione,'001332',972
DESTINATIONS,Destination,Torbole,'001919',973
DESTINATIONS,Destination,Lake Levico,L66522,974
DESTINATIONS,Destination,Lake Maggiore,'000667',975
DESTINATIONS,Destination,Stresa,'000670',976
DESTINATIONS,Destination,Arona,L64262,977
DESTINATIONS,Destination,Meina,'004118',978
DESTINATIONS,Destination,Pallanza,'000669',979
DESTINATIONS,Destination,Lake Molveno,L60888,980
DESTINATIONS,Destination,Molveno,'001918',981
DESTINATIONS,Destination,Lake Orta,L66784,982
DESTINATIONS,Destination,Livigno,'000650',983
DESTINATIONS,Destination,Livorno (for Florence and Pisa),CMS095,984
DESTINATIONS,Destination,Madonna di Campiglio,'001456',985
DESTINATIONS,Destination,Marina di Carrara (for Florence and Pisa),'005186',986
DESTINATIONS,Destination,Milan,'001655',987
DESTINATIONS,Destination,Naples (for Pompeii & Capri),'001629',988
DESTINATIONS,Destination,Ortisei,L23581,989
DESTINATIONS,Destination,Passo Tonale,'001470',990
DESTINATIONS,Destination,Perugia,'003295',991
DESTINATIONS,Destination,Pila,'002482',992
DESTINATIONS,Destination,Pinzolo,L65003,993
DESTINATIONS,Destination,Piombino (for Siena and Pisa),L44068,994
DESTINATIONS,Destination,Puglia,'002891',995
DESTINATIONS,Destination,Bari,L34766,996
DESTINATIONS,Destination,Brindisi,'002868',997
DESTINATIONS,Destination,Carovigno,L50315,998
DESTINATIONS,Destination,Castelleneta Marina,L64305,999
DESTINATIONS,Destination,Gallipoli,L46904,1000
DESTINATIONS,Destination,Lecce,'003248',1001
DESTINATIONS,Destination,Margherita di Savoia,L71983,1002
DESTINATIONS,Destination,Marina di Ugento,'008927',1003
DESTINATIONS,Destination,Monopoli,'003249',1004
DESTINATIONS,Destination,Ostuni,'003250',1005
DESTINATIONS,Destination,Otranto,'003419',1006
DESTINATIONS,Destination,Polignano a Mare,L62244,1007
DESTINATIONS,Destination,Santa Maria Al Bagno,L46903,1008
DESTINATIONS,Destination,Santa Maria di Leuca,L46901,1009
DESTINATIONS,Destination,Selva di Fasano,'003579',1010
DESTINATIONS,Destination,Vernole,L46883,1011
DESTINATIONS,Destination,Ravenna (For Bologna),L55163,1012
DESTINATIONS,Destination,Rimini,'001128',1013
DESTINATIONS,Destination,Rome,L47461,1014
DESTINATIONS,Destination,Salerno (for Pompeii and Amalfi Coast),'004390',1015
DESTINATIONS,Destination,San Martino di Castrozza,L61802,1016
DESTINATIONS,Destination,Sanremo,'005741',1017
DESTINATIONS,Destination,Sansicario,'003974',1018
DESTINATIONS,Destination,Santa Cristina Val Gardena,'002412',1019
DESTINATIONS,Destination,Sardinia,'000678',1020
DESTINATIONS,Destination,Alghero Area,L44162,1021
DESTINATIONS,Destination,Alghero,'000679',1022
DESTINATIONS,Destination,Porto Torres,L47107,1023
DESTINATIONS,Destination,Olbia Area,L44161,1024
DESTINATIONS,Destination,Baia Sardinia,'003253',1025
DESTINATIONS,Destination,Budoni,'006082',1026
DESTINATIONS,Destination,Cannigione,'003256',1027
DESTINATIONS,Destination,Golfo Aranci,L63762,1028
DESTINATIONS,Destination,Matta e Peru,L46322,1029
DESTINATIONS,Destination,Olbia,'002844',1030
DESTINATIONS,Destination,Orosei,L71184,1031
DESTINATIONS,Destination,Palau,'003432',1032
DESTINATIONS,Destination,Porto Cervo,'002875',1033
DESTINATIONS,Destination,Porto Rotondo,'006085',1034
DESTINATIONS,Destination,San Pantaleo,'003260',1035
DESTINATIONS,Destination,San Teodoro,L46307,1036
DESTINATIONS,Destination,Sant Antonio Di Gallura,'005786',1037
DESTINATIONS,Destination,Santa Teresa Gallura,'006091',1038
DESTINATIONS,Destination,Cagliari Area,L63023,1039
DESTINATIONS,Destination,Arbatax,'003251',1040
DESTINATIONS,Destination,Cagliari,'003683',1041
DESTINATIONS,Destination,Chia,'003582',1042
DESTINATIONS,Destination,Santa Margherita di Pula,'003261',1043
DESTINATIONS,Destination,Villasimius,'003262',1044
DESTINATIONS,Destination,Pula (Sardinia),'003797',1045
DESTINATIONS,Destination,Sauze dOulx,'000651',1046
DESTINATIONS,Destination,Savona (for Genoa and Turin),L47103,1047
DESTINATIONS,Destination,Selva Val Gardena,'001431',1048
DESTINATIONS,Destination,Sestriere,'001461',1049
DESTINATIONS,Destination,Sicily,'000681',1050
DESTINATIONS,Destination,Acireale,'006093',1051
DESTINATIONS,Destination,Alcamo,'006094',1052
DESTINATIONS,Destination,Avola,L59822,1053
DESTINATIONS,Destination,Brucoli,'006095',1054
DESTINATIONS,Destination,Campofelice di Roccella,'007806',1055
DESTINATIONS,Destination,Castellammare del Golfo,'003263',1056
DESTINATIONS,Destination,Castelmola,'003766',1057
DESTINATIONS,Destination,Catania,'006099',1058
DESTINATIONS,Destination,Catania (for Mount Etna & Taormina),L70997,1059
DESTINATIONS,Destination,Cefalu,'002681',1060
DESTINATIONS,Destination,Citta Del Mare,L68022,1061
DESTINATIONS,Destination,East Coast,L71303,1062
DESTINATIONS,Destination,Forza DAgro,'002714',1063
DESTINATIONS,Destination,Gaggi,L61028,1064
DESTINATIONS,Destination,Giardini Naxos,'000682',1065
DESTINATIONS,Destination,Giarre,L62223,1066
DESTINATIONS,Destination,Letojanni,'000683',1067
DESTINATIONS,Destination,Marina di Ragusa,'006102',1068
DESTINATIONS,Destination,Mazara del Vallo,'004141',1069
DESTINATIONS,Destination,Mazzeo,L71373,1070
DESTINATIONS,Destination,Messina (for Mount Etna),'002627',1071
DESTINATIONS,Destination,Modica,'006104',1072
DESTINATIONS,Destination,North Coast,L71302,1073
DESTINATIONS,Destination,Noto,'003467',1074
DESTINATIONS,Destination,Palermo,'002691',1075
DESTINATIONS,Destination,Pozzallo,L56062,1076
DESTINATIONS,Destination,Sampieri,L69502,1077
DESTINATIONS,Destination,Santa Venerina,'004380',1078
DESTINATIONS,Destination,Siracusa,'003270',1079
DESTINATIONS,Destination,Taormina,'000686',1080
DESTINATIONS,Destination,Taormina Mare,'002710',1081
DESTINATIONS,Destination,Trapani,'003588',1082
DESTINATIONS,Destination,Villafranca Tirrena,'006110',1083
DESTINATIONS,Destination,Trieste,'002635',1084
DESTINATIONS,Destination,Turin,'003455',1085
DESTINATIONS,Destination,Tuscany,'002230',1086
DESTINATIONS,Destination,Arezzo,'003013',1087
DESTINATIONS,Destination,Lido di Camaiore,'000690',1088
DESTINATIONS,Destination,Marina di Pietrasanta,'002716',1089
DESTINATIONS,Destination,Pisa,'003597',1090
DESTINATIONS,Destination,Tirrenia,'003780',1091
DESTINATIONS,Destination,Viareggio,'000693',1092
DESTINATIONS,Destination,Siena,'001586',1093
DESTINATIONS,Destination,Val di Fassa,'002410',1094
DESTINATIONS,Destination,Venetian Riviera,'000695',1095
DESTINATIONS,Destination,Lido di Jesolo,'000696',1096
DESTINATIONS,Destination,Venice,'000655',1097
DESTINATIONS,Destination,Verona,'000656',1098
DESTINATIONS,Destination,Jersey,JEY,1099
DESTINATIONS,Destination,Lapland,'002179',1100
DESTINATIONS,Destination,Arctic Lakeland,L69802,1101
DESTINATIONS,Destination,Hetta,L44721,1102
DESTINATIONS,Destination,Iso-Syöte,'003883',1103
DESTINATIONS,Destination,Kuusamo,L49301,1104
DESTINATIONS,Destination,Levi,'002181',1105
DESTINATIONS,Destination,Luosto,'008306',1106
DESTINATIONS,Destination,Pallas,'004422',1107
DESTINATIONS,Destination,Pyhä,'003884',1108
DESTINATIONS,Destination,Rovaniemi,'002503',1109
DESTINATIONS,Destination,Ruka,'003870',1110
DESTINATIONS,Destination,Saariselka,'004506',1111
DESTINATIONS,Destination,Salla,'003979',1112
DESTINATIONS,Destination,Ylläs,'002180',1113
DESTINATIONS,Destination,Latvia,LVA,1114
DESTINATIONS,Destination,Riga,'002266',1115
DESTINATIONS,Destination,Lithuania,LTU,1116
DESTINATIONS,Destination,Vilnius,L59962,1117
DESTINATIONS,Destination,Luxembourg,LUX,1118
DESTINATIONS,Destination,Luxembourg City,'003475',1119
DESTINATIONS,Destination,Malta,MLT,1120
DESTINATIONS,Destination,Bugibba,'000556',1121
DESTINATIONS,Destination,Gzira,L70212,1122
DESTINATIONS,Destination,Mdina,'002711',1123
DESTINATIONS,Destination,Mellieha Bay,'001268',1124
DESTINATIONS,Destination,Naxxar,'007586',1125
DESTINATIONS,Destination,Paradise Bay,'000561',1126
DESTINATIONS,Destination,Qawra,'000562',1127
DESTINATIONS,Destination,San Anton,'000563',1128
DESTINATIONS,Destination,Sliema,'000565',1129
DESTINATIONS,Destination,St Julians,'001246',1130
DESTINATIONS,Destination,St PaulS Bay,'000568',1131
DESTINATIONS,Destination,Valletta,'000570',1132
DESTINATIONS,Destination,Monaco,MCO,1133
DESTINATIONS,Destination,Monte Carlo,'000584',1134
DESTINATIONS,Destination,Montenegro,MNE,1135
DESTINATIONS,Destination,Becici,'002765',1136
DESTINATIONS,Destination,Bijela,L56703,1137
DESTINATIONS,Destination,Budva,'002766',1138
DESTINATIONS,Destination,Herceg Novi,L66527,1139
DESTINATIONS,Destination,Igalo,L50443,1140
DESTINATIONS,Destination,Kotor,L00203,1141
DESTINATIONS,Destination,Perast,L51044,1142
DESTINATIONS,Destination,Petrovac,'000470',1143
DESTINATIONS,Destination,Podgorica,L67242,1144
DESTINATIONS,Destination,Tivat,L50786,1145
DESTINATIONS,Destination,Ulcinj,'006567',1146
DESTINATIONS,Destination,Netherlands,NLD,1147
DESTINATIONS,Destination,Amsterdam,'000613',1148
DESTINATIONS,Destination,Arnhem,L53267,1149
DESTINATIONS,Destination,Nijmegen,L56911,1150
DESTINATIONS,Destination,Rotterdam,'003452',1151
DESTINATIONS,Destination,Veere,L53329,1152
DESTINATIONS,Destination,North Macedonia,MKD,1153
DESTINATIONS,Destination,Lake Ohrid,L00982,1154
DESTINATIONS,Destination,Dolno Konjsko,L61503,1155
DESTINATIONS,Destination,Ohrid,L61275,1156
DESTINATIONS,Destination,Pestani,L61685,1157
DESTINATIONS,Destination,Sveti Stefan,L61462,1158
DESTINATIONS,Destination,Struga,L64482,1159
DESTINATIONS,Destination,Lagadin,L65214,1160
DESTINATIONS,Destination,Norway,NOR,1161
DESTINATIONS,Destination,Beitostølen,'002449',1162
DESTINATIONS,Destination,Gausta,L67462,1163
DESTINATIONS,Destination,Geilo,'002450',1164
DESTINATIONS,Destination,Myrkdalen,L68902,1165
DESTINATIONS,Destination,Norefjell,L63270,1166
DESTINATIONS,Destination,Oslo,'000591',1167
DESTINATIONS,Destination,Tromso,'002833',1168
DESTINATIONS,Destination,Trysil,L45282,1169
DESTINATIONS,Destination,Voss,'002448',1170
DESTINATIONS,Destination,Poland,POL,1171
DESTINATIONS,Destination,Gdansk,'002259',1172
DESTINATIONS,Destination,Krakow,'001528',1173
DESTINATIONS,Destination,Warsaw,'001533',1174
DESTINATIONS,Destination,Portugal,PRT,1175
DESTINATIONS,Destination,Azores,'001344',1176
DESTINATIONS,Destination,Ponta Delgada,L27685,1177
DESTINATIONS,Destination,Estoril Coast,L66022,1178
DESTINATIONS,Destination,Cascais,'000527',1179
DESTINATIONS,Destination,Ericeira,'000529',1180
DESTINATIONS,Destination,Sintra,'003321',1181
DESTINATIONS,Destination,Estoril,'000530',1182
DESTINATIONS,Destination,Lisbon,'000531',1183
DESTINATIONS,Destination,Madeira,'000157',1184
DESTINATIONS,Destination,Calheta,'001652',1185
DESTINATIONS,Destination,Camara de Lobos,'003878',1186
DESTINATIONS,Destination,Canical,'007986',1187
DESTINATIONS,Destination,Canico de Baixo,'000494',1188
DESTINATIONS,Destination,Funchal,'000158',1189
DESTINATIONS,Destination,Machico,'000493',1190
DESTINATIONS,Destination,Ponta Do Sol,'002497',1191
DESTINATIONS,Destination,Porto Moniz,L65562,1192
DESTINATIONS,Destination,Prazeres,'001590',1193
DESTINATIONS,Destination,Ribeira Brava,'004063',1194
DESTINATIONS,Destination,Santa Cruz,'002724',1195
DESTINATIONS,Destination,Santana,'001588',1196
DESTINATIONS,Destination,Santo da Serra,'001589',1197
DESTINATIONS,Destination,Sao Vicente,'001591',1198
DESTINATIONS,Destination,Porto,'004070',1199
DESTINATIONS,Destination,Leixoes (for Porto),L51444,1200
DESTINATIONS,Destination,The Algarve,'000154',1201
DESTINATIONS,Destination,Acoteias,'000495',1202
DESTINATIONS,Destination,Albufeira,'000172',1203
DESTINATIONS,Destination,Alcantarilha,'000496',1204
DESTINATIONS,Destination,Aljezur,L67742,1205
DESTINATIONS,Destination,Almancil,'000498',1206
DESTINATIONS,Destination,Alte,'002990',1207
DESTINATIONS,Destination,Alvor,'000499',1208
DESTINATIONS,Destination,Armacao de Pera,'000500',1209
DESTINATIONS,Destination,Balaia,'001965',1210
DESTINATIONS,Destination,Boliqueime,'002359',1211
DESTINATIONS,Destination,Branqueira,'001966',1212
DESTINATIONS,Destination,Carvoeiro,'000501',1213
DESTINATIONS,Destination,Faro,'004926',1214
DESTINATIONS,Destination,Ferragudo,'001974',1215
DESTINATIONS,Destination,Guia,'002360',1216
DESTINATIONS,Destination,Lagos,'000508',1217
DESTINATIONS,Destination,Monchique,'002989',1218
DESTINATIONS,Destination,Monte Gordo,'001928',1219
DESTINATIONS,Destination,Olhao,'000510',1220
DESTINATIONS,Destination,Olhos dAgua,'001969',1221
DESTINATIONS,Destination,Porches,'001967',1222
DESTINATIONS,Destination,Portimao,'000511',1223
DESTINATIONS,Destination,Praia dOura,'001377',1224
DESTINATIONS,Destination,Praia da Gale,'001562',1225
DESTINATIONS,Destination,Praia da Luz,'000512',1226
DESTINATIONS,Destination,Praia da Rocha,'000513',1227
DESTINATIONS,Destination,Praia do Vau,'001408',1228
DESTINATIONS,Destination,Praia dos Salgados,'002361',1229
DESTINATIONS,Destination,Quarteira,'000515',1230
DESTINATIONS,Destination,Quinta dos Alamos,'003626',1231
DESTINATIONS,Destination,Sagres,'000520',1232
DESTINATIONS,Destination,Salema,L55202,1233
DESTINATIONS,Destination,Sao Joao,'000155',1234
DESTINATIONS,Destination,Sao Rafael,'001658',1235
DESTINATIONS,Destination,Sesmarias,'004397',1236
DESTINATIONS,Destination,Tavira,'000522',1237
DESTINATIONS,Destination,Vale De Garrao,'002723',1238
DESTINATIONS,Destination,Vale Do Lobo,'000523',1239
DESTINATIONS,Destination,Vale de Parra,'001971',1240
DESTINATIONS,Destination,Vilamoura,'000525',1241
DESTINATIONS,Destination,Vila Nova de Gaia,L64457,1242
DESTINATIONS,Destination,Romania,ROU,1243
DESTINATIONS,Destination,Bucharest,L59964,1244
DESTINATIONS,Destination,Serbia,SRB,1245
DESTINATIONS,Destination,Belgrade,L53284,1246
DESTINATIONS,Destination,Cruising the Iron Gates,L53283,1247
DESTINATIONS,Destination,Donji Milanovac,L54282,1248
DESTINATIONS,Destination,Kladovo,L68986,1249
DESTINATIONS,Destination,Novi Sad,L53302,1250
DESTINATIONS,Destination,Slovakia,SVK,1251
DESTINATIONS,Destination,Bratislava,'003479',1252
DESTINATIONS,Destination,Slovenia,SVN,1253
DESTINATIONS,Destination,Bled,'000463',1254
DESTINATIONS,Destination,Bohinj,'001515',1255
DESTINATIONS,Destination,Koper,CMS022,1256
DESTINATIONS,Destination,Kranjska Gora,'001175',1257
DESTINATIONS,Destination,Ljubljana,'002485',1258
DESTINATIONS,Destination,Slovenian Coast,L66083,1259
DESTINATIONS,Destination,Portoroz,'001647',1260
DESTINATIONS,Destination,Izola,'002494',1261
DESTINATIONS,Destination,Spain,ESP,1262
DESTINATIONS,Destination,A Coruna,L64717,1263
DESTINATIONS,Destination,Andalucia,'002894',1264
DESTINATIONS,Destination,Costa de Almeria,'000361',1265
DESTINATIONS,Destination,Agua Amarga,L68703,1266
DESTINATIONS,Destination,Aguadulce,'001162',1267
DESTINATIONS,Destination,Almeria,'001723',1268
DESTINATIONS,Destination,Almerimar,L45741,1269
DESTINATIONS,Destination,Carboneras,L68627,1270
DESTINATIONS,Destination,El Toyo,'004908',1271
DESTINATIONS,Destination,Mojacar,'000363',1272
DESTINATIONS,Destination,Roquetas de Mar,'000364',1273
DESTINATIONS,Destination,Vera,L46481,1274
DESTINATIONS,Destination,Costa de la Luz,'002150',1275
DESTINATIONS,Destination,Algeciras,L67188,1276
DESTINATIONS,Destination,Barbate,L67189,1277
DESTINATIONS,Destination,Chiclana de la Frontera,'008006',1278
DESTINATIONS,Destination,Chipiona,'002777',1279
DESTINATIONS,Destination,Conil De La Frontera,'002573',1280
DESTINATIONS,Destination,Costa Ballena,L67190,1281
DESTINATIONS,Destination,El Rompido,'002749',1282
DESTINATIONS,Destination,Huelva,L57324,1283
DESTINATIONS,Destination,Isla Canela,'002313',1284
DESTINATIONS,Destination,Islantilla,'002151',1285
DESTINATIONS,Destination,La Fontanilla,L67182,1286
DESTINATIONS,Destination,Los Barrios,L67162,1287
DESTINATIONS,Destination,Novo Sancti Petri,'002556',1288
DESTINATIONS,Destination,Puerto De Santa Maria,L64734,1289
DESTINATIONS,Destination,Rota,L64186,1290
DESTINATIONS,Destination,San Fernando,L67187,1291
DESTINATIONS,Destination,Sanlucar De Barrameda,L67184,1292
DESTINATIONS,Destination,Zahara de los Atunes,'002755',1293
DESTINATIONS,Destination,Costa del Sol,'000365',1294
DESTINATIONS,Destination,Benahavis,'003316',1295
DESTINATIONS,Destination,Benalmadena,'000366',1296
DESTINATIONS,Destination,Benalmadena Pueblo,'004012',1297
DESTINATIONS,Destination,Calahonda,'003161',1298
DESTINATIONS,Destination,Estepona,'001704',1299
DESTINATIONS,Destination,Frigiliana,'001680',1300
DESTINATIONS,Destination,Fuengirola,'000367',1301
DESTINATIONS,Destination,Marbella,'000368',1303
DESTINATIONS,Destination,Mijas,'001930',1304
DESTINATIONS,Destination,Nerja,'000369',1305
DESTINATIONS,Destination,Puerto Banus,'002005',1306
DESTINATIONS,Destination,San Pedro de Alcantara,'002220',1307
DESTINATIONS,Destination,Sotogrande,'001975',1308
DESTINATIONS,Destination,Torre del Mar,L66964,1309
DESTINATIONS,Destination,Torre de Benagalbon,L69642,1310
DESTINATIONS,Destination,Torremolinos,'000371',1311
DESTINATIONS,Destination,Torrox,'002602',1312
DESTINATIONS,Destination,Vinuela,L50042,1313
DESTINATIONS,Destination,Ronda,'003320',1314
DESTINATIONS,Destination,Seville,'000346',1315
DESTINATIONS,Destination,Balearic Islands,L00041,1316
DESTINATIONS,Destination,Formentera,C00042,1317
DESTINATIONS,Destination,Platja de Migjorn,L29802,1318
DESTINATIONS,Destination,Es Pujols,L29806,1319
DESTINATIONS,Destination,Ibiza,'000242',1320
DESTINATIONS,Destination,Cala Gracio,'000243',1321
DESTINATIONS,Destination,Cala Llonga,'000244',1322
DESTINATIONS,Destination,Cala Pada,L36921,1323
DESTINATIONS,Destination,Cala San Vicente,'001388',1324
DESTINATIONS,Destination,Cala Tarida,'000245',1325
DESTINATIONS,Destination,Es Cana,'000246',1326
DESTINATIONS,Destination,Es Figueral,'004420',1327
DESTINATIONS,Destination,Figueretas,'000247',1328
DESTINATIONS,Destination,Ibiza Beach Stay,L57325,1329
DESTINATIONS,Destination,Ibiza Town,'002050',1330
DESTINATIONS,Destination,Playa den Bossa,'000249',1331
DESTINATIONS,Destination,Port des Torrent,'000250',1332
DESTINATIONS,Destination,Portinatx,'000251',1333
DESTINATIONS,Destination,Puerto San Miguel,'001293',1334
DESTINATIONS,Destination,SArgamassa,'000259',1335
DESTINATIONS,Destination,San Antonio,'000253',1336
DESTINATIONS,Destination,San Antonio Bay,'000254',1337
DESTINATIONS,Destination,Sant Josep de sa Talaia,'000256',1338
DESTINATIONS,Destination,Sant Rafel,'000257',1339
DESTINATIONS,Destination,Santa Eulalia,'000258',1340
DESTINATIONS,Destination,Ses Paisses,'003976',1341
DESTINATIONS,Destination,Talamanca,'001681',1342
DESTINATIONS,Destination,Majorca,'000122',1343
DESTINATIONS,Destination,Alaro,'004173',1344
DESTINATIONS,Destination,Alcudia,'000260',1345
DESTINATIONS,Destination,Arenal,'000261',1346
DESTINATIONS,Destination,Ariany,L65134,1347
DESTINATIONS,Destination,Can Pastilla,'000271',1348
DESTINATIONS,Destination,Can Picafort,'000272',1349
DESTINATIONS,Destination,Caimari,'003355',1350
DESTINATIONS,Destination,Cala Agulla,L66985,1351
DESTINATIONS,Destination,Cala Bona,'000262',1352
DESTINATIONS,Destination,Cala Figuera,'003353',1353
DESTINATIONS,Destination,Cala Mayor,'001722',1354
DESTINATIONS,Destination,Cala Mesquida,'001150',1355
DESTINATIONS,Destination,Cala Millor,'000263',1356
DESTINATIONS,Destination,Cala Ratjada,'000265',1357
DESTINATIONS,Destination,Cala Vinas,'000267',1359
DESTINATIONS,Destination,Cala dOr,'000123',1360
DESTINATIONS,Destination,Calas de Mallorca,'000268',1361
DESTINATIONS,Destination,Camp de Mar,'000270',1362
DESTINATIONS,Destination,Campos,'003352',1363
DESTINATIONS,Destination,Canyamel,L63882,1364
DESTINATIONS,Destination,Capdepera,L66984,1365
DESTINATIONS,Destination,Cas Concos Des Cavaller,L68485,1366
DESTINATIONS,Destination,Colonia Sant Jordi,'004174',1367
DESTINATIONS,Destination,Consell,L65130,1368
DESTINATIONS,Destination,Costa de los Pinos,'000273',1369
DESTINATIONS,Destination,Deia,'000275',1370
DESTINATIONS,Destination,Eastern Beaches,L72004,1371
DESTINATIONS,Destination,Es Coll DEn Rabassa,L66982,1372
DESTINATIONS,Destination,Estellenchs,'004166',1373
DESTINATIONS,Destination,Felanitx,'008026',1374
DESTINATIONS,Destination,Font de Sa Cala,'000277',1375
DESTINATIONS,Destination,Fornalutx,'003350',1376
DESTINATIONS,Destination,Illetas,'000279',1377
DESTINATIONS,Destination,Inca,'001575',1378
DESTINATIONS,Destination,Llucmajor,L45661,1379
DESTINATIONS,Destination,Magaluf,'000280',1380
DESTINATIONS,Destination,Manacor,L65129,1381
DESTINATIONS,Destination,Muro,L65127,1382
DESTINATIONS,Destination,Northern Beaches,L72002,1383
DESTINATIONS,Destination,Orient,'001523',1384
DESTINATIONS,Destination,Paguera,'000281',1385
DESTINATIONS,Destination,Palma,'000282',1386
DESTINATIONS,Destination,Palma Nova,'000283',1387
DESTINATIONS,Destination,Playa de Muro,'002358',1388
DESTINATIONS,Destination,Playa de Palma,'000285',1389
DESTINATIONS,Destination,Pollensa,'000286',1390
DESTINATIONS,Destination,Porreres,L65133,1391
DESTINATIONS,Destination,Port DAndratx,'000290',1392
DESTINATIONS,Destination,Portals Nous,'001558',1393
DESTINATIONS,Destination,Porto Colom,'000287',1394
DESTINATIONS,Destination,Porto Cristo,'000288',1395
DESTINATIONS,Destination,Portopetro,'000124',1396
DESTINATIONS,Destination,Puerto Pollensa,'000292',1397
DESTINATIONS,Destination,Puerto de Alcudia,L66727,1398
DESTINATIONS,Destination,Puerto de Soller,'000291',1399
DESTINATIONS,Destination,Puig de Ros,'002918',1400
DESTINATIONS,Destination,Pula Golf,'001678',1401
DESTINATIONS,Destination,Sillot,'001289',1402
DESTINATIONS,Destination,Sa Coma,'000293',1403
DESTINATIONS,Destination,San Agustin (Majorca),'002748',1404
DESTINATIONS,Destination,Sant Elm,L66809,1405
DESTINATIONS,Destination,Santa Maria Del Cami,'001703',1406
DESTINATIONS,Destination,Santa Ponsa,'000294',1407
DESTINATIONS,Destination,Santanyi,'003376',1408
DESTINATIONS,Destination,Soller,'003380',1409
DESTINATIONS,Destination,South-Eastern Beaches,L72005,1410
DESTINATIONS,Destination,South-Western Beaches,L72008,1411
DESTINATIONS,Destination,Torrenova,CL0220,1412
DESTINATIONS,Destination,Torrent de Cala Pi,L65132,1413
DESTINATIONS,Destination,Valldemossa,'002886',1414
DESTINATIONS,Destination,Menorca,'000127',1415
DESTINATIONS,Destination,Arenal den Castell,'000295',1416
DESTINATIONS,Destination,Binibeca,'000296',1417
DESTINATIONS,Destination,Cala Alcaufar,'001697',1418
DESTINATIONS,Destination,Cala Blanca,'000298',1419
DESTINATIONS,Destination,Cala Canutells,'001386',1420
DESTINATIONS,Destination,Cala Galdana,'000299',1421
DESTINATIONS,Destination,Calan Blanes,'000300',1422
DESTINATIONS,Destination,Calan Bosch,'001299',1423
DESTINATIONS,Destination,Calan Forcat,'000302',1424
DESTINATIONS,Destination,Calan Porter,'001295',1425
DESTINATIONS,Destination,Ciutadella,'001287',1426
DESTINATIONS,Destination,Es Castell,'001285',1427
DESTINATIONS,Destination,Es Mercadal,'004005',1428
DESTINATIONS,Destination,Ferreries,'003383',1429
DESTINATIONS,Destination,Mahon,'001502',1430
DESTINATIONS,Destination,Playa de Fornells,'001412',1431
DESTINATIONS,Destination,Punta Prima,'001565',1432
DESTINATIONS,Destination,SAlgar,'000306',1433
DESTINATIONS,Destination,Sa Caleta,'001708',1434
DESTINATIONS,Destination,Santandria,'002089',1435
DESTINATIONS,Destination,Santo Tomas,'000308',1436
DESTINATIONS,Destination,Son Bou,'000129',1437
DESTINATIONS,Destination,Son Parc,'000309',1438
DESTINATIONS,Destination,Son Xoriguer,'002088',1439
DESTINATIONS,Destination,Baqueira-Beret,'005086',1440
DESTINATIONS,Destination,Barcelona,'000373',1441
DESTINATIONS,Destination,Bilbao,'002820',1442
DESTINATIONS,Destination,Cadiz,'002625',1443
DESTINATIONS,Destination,Canary Islands,L00042,1444
DESTINATIONS,Destination,Fuerteventura,'000312',1445
DESTINATIONS,Destination,Corralejo,'000314',1446
DESTINATIONS,Destination,Costa Caleta,'001253',1447
DESTINATIONS,Destination,Costa Calma,'001612',1448
DESTINATIONS,Destination,El Cotillo,L63883,1449
DESTINATIONS,Destination,Esquinzo,L50832,1450
DESTINATIONS,Destination,Jandia,'000315',1451
DESTINATIONS,Destination,La Pared,L67279,1452
DESTINATIONS,Destination,Las Playitas,L44923,1453
DESTINATIONS,Destination,Morro Jable,'003434',1454
DESTINATIONS,Destination,Nuevo Horizonte,'001281',1455
DESTINATIONS,Destination,Puerto del Rosario,L24561,1456
DESTINATIONS,Destination,Solana Matorra,L67280,1457
DESTINATIONS,Destination,Tarajalejo,L67273,1458
DESTINATIONS,Destination,Gran Canaria,'000318',1459
DESTINATIONS,Destination,Agaete,L66762,1460
DESTINATIONS,Destination,Amadores,'002575',1461
DESTINATIONS,Destination,Arguineguin,'000319',1462
DESTINATIONS,Destination,Arucas,L66744,1463
DESTINATIONS,Destination,Bahia Feliz,'000320',1464
DESTINATIONS,Destination,Balito Beach,'002048',1465
DESTINATIONS,Destination,Cruz de Tejeda,L66749,1466
DESTINATIONS,Destination,El Salobre,'004041',1467
DESTINATIONS,Destination,La Aldea,L66826,1468
DESTINATIONS,Destination,Las Burrillas,L66807,1469
DESTINATIONS,Destination,Las Palmas,'001610',1470
DESTINATIONS,Destination,Mahmutlar,L66822,1471
DESTINATIONS,Destination,Maspalomas,'000322',1472
DESTINATIONS,Destination,Meloneras,'002569',1473
DESTINATIONS,Destination,Playa Taurito,'001266',1474
DESTINATIONS,Destination,Playa del Cura,'001264',1475
DESTINATIONS,Destination,Playa del Ingles,'000323',1476
DESTINATIONS,Destination,Puerto Mogan,'001230',1477
DESTINATIONS,Destination,San Agustin (Gran Canaria),'000326',1479
DESTINATIONS,Destination,Vecindario,L66823,1480
DESTINATIONS,Destination,La Gomera,'000327',1481
DESTINATIONS,Destination,Playa de Santiago,'003359',1482
DESTINATIONS,Destination,Valle Gran Rey,'006069',1484
DESTINATIONS,Destination,La Palma,'001940',1485
DESTINATIONS,Destination,Brena Baja,'002077',1486
DESTINATIONS,Destination,Fuencaliente,'002599',1487
DESTINATIONS,Destination,Los Cancajos,'002746',1488
DESTINATIONS,Destination,Puerto Naos,'001942',1489
DESTINATIONS,Destination,Santa Cruz de La Palma,'002393',1490
DESTINATIONS,Destination,Tazacorte,L43744,1491
DESTINATIONS,Destination,Lanzarote,'000329',1492
DESTINATIONS,Destination,Arrecife,'002639',1493
DESTINATIONS,Destination,Costa Teguise,'000321',1494
DESTINATIONS,Destination,Haria,L64342,1495
DESTINATIONS,Destination,Matagorda,'000331',1496
DESTINATIONS,Destination,Playa Blanca,'000332',1497
DESTINATIONS,Destination,Playa de los Pocillos,'000333',1498
DESTINATIONS,Destination,Puerto Calero,'002779',1499
DESTINATIONS,Destination,Puerto del Carmen,'000334',1500
DESTINATIONS,Destination,Yaiza,'006070',1501
DESTINATIONS,Destination,Tenerife,'000335',1502
DESTINATIONS,Destination,Buenavista del Norte,L44281,1503
DESTINATIONS,Destination,Callao Salvaje,'001709',1504
DESTINATIONS,Destination,Chayofa,'006071',1505
DESTINATIONS,Destination,Costa Adeje,'001685',1506
DESTINATIONS,Destination,Costa Del Silencio,'001172',1507
DESTINATIONS,Destination,El Medano,'005206',1508
DESTINATIONS,Destination,Garachico,'002888',1509
DESTINATIONS,Destination,Golf del Sur,'002689',1510
DESTINATIONS,Destination,Guia de Isora,'003893',1511
DESTINATIONS,Destination,Las Caletillas,'001944',1512
DESTINATIONS,Destination,Los Cristianos,'000336',1513
DESTINATIONS,Destination,Los Gigantes,'000337',1514
DESTINATIONS,Destination,Playa Paraiso,'000003',1515
DESTINATIONS,Destination,Playa de la Arena,'001335',1516
DESTINATIONS,Destination,Playa de las Americas,'000338',1517
DESTINATIONS,Destination,Puertito de Los Silos,L67281,1518
DESTINATIONS,Destination,Puerto de Santiago,'000341',1519
DESTINATIONS,Destination,Puerto de la Cruz,'000340',1520
DESTINATIONS,Destination,San Cristobal De La Laguna,L66989,1521
DESTINATIONS,Destination,San Miguel de Abona,'003423',1522
DESTINATIONS,Destination,Santa Cruz de Tenerife,'001673',1523
DESTINATIONS,Destination,Tenerife South,'004466',1524
DESTINATIONS,Destination,Vilaflor,'003392',1525
DESTINATIONS,Destination,Catalonia,'003330',1526
DESTINATIONS,Destination,Costa Dorada,'000372',1527
DESTINATIONS,Destination,Cambrils,'001337',1528
DESTINATIONS,Destination,Cap de Salou,'002576',1529
DESTINATIONS,Destination,Castelldefels,L67942,1530
DESTINATIONS,Destination,Coma-Ruga,L67042,1531
DESTINATIONS,Destination,La Pineda,'001336',1532
DESTINATIONS,Destination,PortAventura,'002315',1533
DESTINATIONS,Destination,Salou,'000374',1534
DESTINATIONS,Destination,Tarragona,'002845',1535
DESTINATIONS,Destination,Costa Brava,'000351',1536
DESTINATIONS,Destination,Calella De La Costa,'000353',1537
DESTINATIONS,Destination,LEstartit,'000354',1538
DESTINATIONS,Destination,Lloret de Mar,'000355',1539
DESTINATIONS,Destination,Malgrat de Mar,'000356',1540
DESTINATIONS,Destination,Palamos,'002628',1541
DESTINATIONS,Destination,Pineda de Mar,'000357',1542
DESTINATIONS,Destination,Platja DAro,'000358',1543
DESTINATIONS,Destination,Platja De Fornells,L67283,1544
DESTINATIONS,Destination,Roses,'003798',1545
DESTINATIONS,Destination,SAgaro,L67185,1546
DESTINATIONS,Destination,Santa Susanna,'000359',1547
DESTINATIONS,Destination,Tossa de Mar,'000360',1548
DESTINATIONS,Destination,Madrid,'000345',1549
DESTINATIONS,Destination,Malaga,L66226,1550
DESTINATIONS,Destination,Melilla,L62704,1551
DESTINATIONS,Destination,Murcia,L45866,1552
DESTINATIONS,Destination,Costa Calida,L45864,1553
DESTINATIONS,Destination,Cartagena,'002693',1554
DESTINATIONS,Destination,Murcia City,'007008',1555
DESTINATIONS,Destination,San Sebastian,L64735,1556
DESTINATIONS,Destination,Santiago de Compostela,'003369',1557
DESTINATIONS,Destination,Sierra Nevada,'000370',1558
DESTINATIONS,Destination,Sitges,'000375',1559
DESTINATIONS,Destination,Valencia,'002700',1560
DESTINATIONS,Destination,Valencia Region,'002501',1561
DESTINATIONS,Destination,Costa Blanca,'000347',1562
DESTINATIONS,Destination,Albir,'003815',1563
DESTINATIONS,Destination,Alicante,'001707',1564
DESTINATIONS,Destination,Altea,'004256',1565
DESTINATIONS,Destination,Benidorm,'000349',1566
DESTINATIONS,Destination,Cala Finestrat,'002238',1567
DESTINATIONS,Destination,Calpe,'001910',1568
DESTINATIONS,Destination,Campomar,L68622,1569
DESTINATIONS,Destination,Denia,'002001',1570
DESTINATIONS,Destination,El Campello,'004165',1571
DESTINATIONS,Destination,Elche,'003840',1572
DESTINATIONS,Destination,Guardamar del Segura,L46301,1573
DESTINATIONS,Destination,Moraira,'002000',1574
DESTINATIONS,Destination,Playa De San Juan,L47425,1575
DESTINATIONS,Destination,Torrevieja,'003839',1576
DESTINATIONS,Destination,Villajoyosa,'001497',1577
DESTINATIONS,Destination,Valencia City,L60747,1578
DESTINATIONS,Destination,Vigo Port,L36461,1579
DESTINATIONS,Destination,Sweden,SWE,1580
DESTINATIONS,Destination,Högfjället,L72024,1581
DESTINATIONS,Destination,Hundfjället,L72023,1582
DESTINATIONS,Destination,Kläppen,L68802,1583
DESTINATIONS,Destination,Stöten,L68663,1584
DESTINATIONS,Destination,Stockholm,'000396',1585
DESTINATIONS,Destination,Switzerland,CHE,1586
DESTINATIONS,Destination,Basel,L53198,1587
DESTINATIONS,Destination,Crans Montana,'002419',1588
DESTINATIONS,Destination,Davos,'000401',1589
DESTINATIONS,Destination,Engelberg,'002420',1590
DESTINATIONS,Destination,Geneva,'001663',1591
DESTINATIONS,Destination,Grindelwald,'000402',1592
DESTINATIONS,Destination,Interlaken,'000403',1593
DESTINATIONS,Destination,Lake Maggiore (Switzerland),L70622,1594
DESTINATIONS,Destination,Ascona,'001410',1595
DESTINATIONS,Destination,Locarno,'001310',1596
DESTINATIONS,Destination,Lucerne,'000407',1597
DESTINATIONS,Destination,Lugano,'001664',1598
DESTINATIONS,Destination,Pontresina,'000410',1599
DESTINATIONS,Destination,Saas-Fee,'000411',1600
DESTINATIONS,Destination,St Moritz,'000412',1601
DESTINATIONS,Destination,Wengen,'000414',1602
DESTINATIONS,Destination,Zermatt,'000415',1603
DESTINATIONS,Destination,Zurich,'001203',1604
DESTINATIONS,Destination,Turkey,TUR,1605
DESTINATIONS,Destination,Antalya area,'001379',1606
DESTINATIONS,Destination,Alanya,'000443',1607
DESTINATIONS,Destination,Antalya,'001387',1608
DESTINATIONS,Destination,Avsallar,L66622,1609
DESTINATIONS,Destination,Beldibi,'000445',1610
DESTINATIONS,Destination,Belek,'001637',1611
DESTINATIONS,Destination,Camyuva,'007566',1612
DESTINATIONS,Destination,Cenger,L66812,1613
DESTINATIONS,Destination,Cirali,L66656,1614
DESTINATIONS,Destination,Colakli,'007406',1615
DESTINATIONS,Destination,Goynuk,L66362,1616
DESTINATIONS,Destination,Incekum,'002299',1617
DESTINATIONS,Destination,Kaleici,L37491,1618
DESTINATIONS,Destination,Kemer,'000453',1619
DESTINATIONS,Destination,Kiris,'001563',1620
DESTINATIONS,Destination,Kizilagac,L66816,1621
DESTINATIONS,Destination,Kizilot,L66322,1622
DESTINATIONS,Destination,Konakli,'002133',1623
DESTINATIONS,Destination,Konyaalti,'004915',1624
DESTINATIONS,Destination,Kuzdere,L66490,1625
DESTINATIONS,Destination,Lara Beach,'003187',1626
DESTINATIONS,Destination,Manavgat,'003557',1627
DESTINATIONS,Destination,Okurcalar,L61142,1628
DESTINATIONS,Destination,Side,'000457',1629
DESTINATIONS,Destination,Tekirova,'000458',1630
DESTINATIONS,Destination,Turkler,'006966',1631
DESTINATIONS,Destination,Ulupinar,L66651,1632
DESTINATIONS,Destination,Bodrum area,'001559',1633
DESTINATIONS,Destination,Akbuk,'008126',1634
DESTINATIONS,Destination,Akyarlar,'006266',1635
DESTINATIONS,Destination,Altinkum,'000444',1636
DESTINATIONS,Destination,Bitez,'001334',1637
DESTINATIONS,Destination,Bodrum,'000446',1638
DESTINATIONS,Destination,Didim,'007506',1639
DESTINATIONS,Destination,Gümbet,'000450',1640
DESTINATIONS,Destination,Gumusluk,'003394',1641
DESTINATIONS,Destination,Gundogan,'003556',1642
DESTINATIONS,Destination,Guvercinlik,L56802,1643
DESTINATIONS,Destination,Ortakent,'003395',1644
DESTINATIONS,Destination,Torba,'002131',1645
DESTINATIONS,Destination,Turgutreis,'000459',1646
DESTINATIONS,Destination,Yalikavak,'001756',1647
DESTINATIONS,Destination,Dalaman area,'000442',1648
DESTINATIONS,Destination,Calis Beach,'000447',1649
DESTINATIONS,Destination,Dalaman,L67304,1650
DESTINATIONS,Destination,Dalyan,'002127',1651
DESTINATIONS,Destination,Fethiye,'000449',1652
DESTINATIONS,Destination,Gocek,'002345',1653
DESTINATIONS,Destination,Guzelyurt,L67276,1654
DESTINATIONS,Destination,Hisaronu,'001639',1655
DESTINATIONS,Destination,Icmeler,'000451',1656
DESTINATIONS,Destination,Kalkan,'002217',1657
DESTINATIONS,Destination,Kas,'002106',1658
DESTINATIONS,Destination,Marmaris,'000455',1659
DESTINATIONS,Destination,Olu Deniz,'000456',1660
DESTINATIONS,Destination,Ovacik,'002910',1661
DESTINATIONS,Destination,Sarigerme,'003546',1662
DESTINATIONS,Destination,Selimiye,'005526',1663
DESTINATIONS,Destination,Turunc,'002129',1664
DESTINATIONS,Destination,Uzunyurt,L67277,1665
DESTINATIONS,Destination,Istanbul,'000452',1666
DESTINATIONS,Destination,Izmir,CMS036,1667
DESTINATIONS,Destination,Izmir area,'001453',1668
DESTINATIONS,Destination,Alacati,L67269,1669
DESTINATIONS,Destination,Cesme,'000448',1670
DESTINATIONS,Destination,Izmir City,L66802,1671
DESTINATIONS,Destination,Kusadasi,'000454',1672
DESTINATIONS,Destination,Ozdere,'002577',1673
DESTINATIONS,Destination,Seferihisar,L36641,1674
DESTINATIONS,Destination,Sigacik,L66645,1675
DESTINATIONS,Destination,Kusadasi (for Ephesus),L69742,1676
DESTINATIONS,Destination,United Kingdom,GBR,1677
DESTINATIONS,Destination,North America,NNN,1678
DESTINATIONS,Destination,United States of America,USA,1679
DESTINATIONS,Destination,Aspen Snowmass,'001547',1680
DESTINATIONS,Destination,Beaver Creek,'002396',1681
DESTINATIONS,Destination,Boston,'000222',1682
DESTINATIONS,Destination,Breckenridge,'000099',1683
DESTINATIONS,Destination,Chicago,'001600',1684
DESTINATIONS,Destination,Florida,'000207',1685
DESTINATIONS,Destination,Cocoa Beach,'002390',1686
DESTINATIONS,Destination,Melbourne Beach,L60324,1687
DESTINATIONS,Destination,Miami,'001152',1688
DESTINATIONS,Destination,Orlando,'000210',1689
DESTINATIONS,Destination,Championsgate,'004480',1690
DESTINATIONS,Destination,Clermont,L67804,1691
DESTINATIONS,Destination,Davenport,'004197',1692
DESTINATIONS,Destination,Greater Orlando,L65843,1693
DESTINATIONS,Destination,Haines City,L67805,1694
DESTINATIONS,Destination,International Drive,'000208',1695
DESTINATIONS,Destination,Kissimmee,'000209',1696
DESTINATIONS,Destination,Lake Buena Vista,'001541',1697
DESTINATIONS,Destination,Universal Orlando Resort,'002913',1698
DESTINATIONS,Destination,Walt Disney World Resort,'001695',1699
DESTINATIONS,Destination,Gulf Coast,'004245',1700
DESTINATIONS,Destination,Atlantic Coast,L62064,1701
DESTINATIONS,Destination,Las Vegas,'000219',1702
DESTINATIONS,Destination,Los Angeles,'000095',1703
DESTINATIONS,Destination,Nashville,'002043',1704
DESTINATIONS,Destination,New Orleans,'000216',1705
DESTINATIONS,Destination,New York,'001758',1706
DESTINATIONS,Destination,Park City,'000228',1707
DESTINATIONS,Destination,San Francisco,'000096',1708
DESTINATIONS,Destination,Sun Valley,'002401',1709
DESTINATIONS,Destination,Vail,'000101',1710
DESTINATIONS,Destination,Washington DC,'001799',1711
DESTINATIONS,Destination,Canada,CAN,1712
DESTINATIONS,Destination,Banff,'000756',1713
DESTINATIONS,Destination,Fernie,'002461',1714
DESTINATIONS,Destination,Jasper,'000759',1715
DESTINATIONS,Destination,Lake Louise,'000762',1716
DESTINATIONS,Destination,Montreal,'000763',1717
DESTINATIONS,Destination,Panorama,'004299',1718
DESTINATIONS,Destination,Toronto,'000768',1719
DESTINATIONS,Destination,Tremblant,'002586',1720
DESTINATIONS,Destination,Vancouver,'000769',1721
DESTINATIONS,Destination,Whistler,'001360',1722
DESTINATIONS,Destination,South America,SSS,1723
DESTINATIONS,Destination,Brazil,BRA,1724
DESTINATIONS,Destination,Peru,PER,1725
DESTINATIONS,Destination,Tropea,'003414',1726
DESTINATIONS,Destination,Porto Santo Island,'007346',1727
FACILITIES,Facilities,Other Facilities,FT000O,1728
FACILITIES,Facilities,Food and Drink,FT000F,1729
FACILITIES,Facilities,Health and Beauty,FT000H,1730
FACILITIES,Facilities,Entertainment,FT000E,1731
FACILITIES,Facilities,Sports and Activities,FT000S,1732
FACILITIES,Facilities,Pool,FT000P,1733
FACILITIES,Facilities,Villa Layout,FT000V,1734
FACILITIES,Facilities,Kitchen Facilities,FT000K,1735
FACILITIES,Facilities,Safety deposit boxes,STO4,1736
FACILITIES,Facilities,24-hour reception,STO1,1737
FACILITIES,Facilities,Parking,ST28,1738
FACILITIES,Facilities,Laundry service,LST45,1740
FACILITIES,Facilities,Bar,ST3,1741
FACILITIES,Facilities,Luggage store,LST47,1742
FACILITIES,Facilities,Wi-Fi*,STO8,1743
FACILITIES,Facilities,Local cuisine,LST46,1745
FACILITIES,Facilities,Free Wi-Fi,STO7,1746
FACILITIES,Facilities,Gym,ST14,1747
FACILITIES,Facilities,Scuba - additional info,ST35A,1748
FACILITIES,Facilities,Massage,LST49,1749
FACILITIES,Facilities,Outdoor pool,STP8,1750
FACILITIES,Facilities,Kids pool,ST23,1751
FACILITIES,Facilities,Evening entertainment programme,ST8,1752
FACILITIES,Facilities,Buffet restaurant,STF2,1753
FACILITIES,Facilities,Bike hire,LST11,1755
FACILITIES,Facilities,Pool bar,STF11,1756
FACILITIES,Facilities,Currency exchange,LST24,1758
FACILITIES,Facilities,Badminton,LST9,1759
FACILITIES,Facilities,Volleyball,LST79,1760
FACILITIES,Facilities,Gardens,ST12,1761
FACILITIES,Facilities,Billiards,LST12,1762
FACILITIES,Facilities,Tennis,ST42,1763
FACILITIES,Facilities,Café,STF14,1764
FACILITIES,Facilities,Games room,ST11,1765
FACILITIES,Facilities,Pizza restaurant,LST60,1766
FACILITIES,Facilities,Darts,LST25,1769
FACILITIES,Facilities,Spa,ST37,1770
FACILITIES,Facilities,Watersports,ST26,1771
FACILITIES,Facilities,Kids club,ST22,1772
FACILITIES,Facilities,Snorkelling,LST68,1773
FACILITIES,Facilities,Kayaks,LST44,1774
FACILITIES,Facilities,Gift shop,LST33,1775
FACILITIES,Facilities,Aqua aerobics,STS2,1776
FACILITIES,Facilities,Indoor pool,ST18,1778
FACILITIES,Facilities,Sauna,ST34,1779
FACILITIES,Facilities,Turkish bath,LST76,1780
FACILITIES,Facilities,Minigolf,ST25,1781
FACILITIES,Facilities,Hot tub/whirlpool,ST17,1782
FACILITIES,Facilities,Jet-ski,LST41,1783
FACILITIES,Facilities,Golf course,ST13,1784
FACILITIES,Facilities,Snack bar,STF13,1785
FACILITIES,Facilities,Table tennis,LST73,1786
FACILITIES,Facilities,Playground,ST29,1787
FACILITIES,Facilities,Pool table,LST61,1788
FACILITIES,Facilities,Football,LST29,1789
FACILITIES,Facilities,Daytime activity programme,STS3,1790
FACILITIES,Facilities,Internet area,ST20,1791
FACILITIES,Facilities,Reception area,ST32,1792
FACILITIES,Facilities,A la carte dining,LST1,1793
FACILITIES,Facilities,Live music,STE6,1794
FACILITIES,Facilities,Mini-market,LST53,1795
FACILITIES,Facilities,Beauty salon/treatments,ST4,1796
FACILITIES,Facilities,Steam room,ST40,1797
FACILITIES,Facilities,Shopping,ST36,1798
FACILITIES,Facilities,Basketball,LST10,1799
FACILITIES,Facilities,Pool towels,LST62,1800
FACILITIES,Facilities,Water polo,LST80,1801
FACILITIES,Facilities,Porter,LST63,1802
FACILITIES,Facilities,Hairdressing,ST15,1803
FACILITIES,Facilities,Mediterranean restaurant,LST50,1804
FACILITIES,Facilities,Fish/seafood restaurant,LST27,1805
FACILITIES,Facilities,Italian restaurant,LST39,1806
FACILITIES,Facilities,Aerobics,STS1,1807
FACILITIES,Facilities,Fitness classes/room,LST28,1808
FACILITIES,Facilities,Asian restaurant,LST7,1809
FACILITIES,Facilities,Restaurant dress code,STF15,1810
FACILITIES,Facilities,Shuttle bus,STO6,1811
FACILITIES,Facilities,Mini-disco,LST51,1812
FACILITIES,Facilities,Arcade machines,LST4,1813
FACILITIES,Facilities,Scuba,ST35,1814
FACILITIES,Facilities,Kids dining,STF7,1815
FACILITIES,Facilities,Multi-sports court,STS5,1816
FACILITIES,Facilities,Archery,LST5,1817
FACILITIES,Facilities,Boccia,LST14,1818
FACILITIES,Facilities,Air hockey,LST3,1819
FACILITIES,Facilities,Baby equipment,STO2,1820
FACILITIES,Facilities,Reading room,ST31,1821
FACILITIES,Facilities,Video games,LST78,1822
FACILITIES,Facilities,Foreign language lessons,LST30,1823
FACILITIES,Facilities,Bingo,LST13,1824
FACILITIES,Facilities,Adult only areas,STO13,1825
FACILITIES,Facilities,Jewellers,LST42,1826
FACILITIES,Facilities,Mini-football,LST52,1827
FACILITIES,Facilities,International restaurant,LST38,1828
FACILITIES,Facilities,Karaoke,LST43,1829
FACILITIES,Facilities,Pedalos,LST57,1830
FACILITIES,Facilities,Private beach,STO11,1831
FACILITIES,Facilities,Water-skiing,LST81,1832
FACILITIES,Facilities,Waterslide,ST44,1833
FACILITIES,Facilities,Live sport screenings,STE1,1834
FACILITIES,Facilities,Internet facilities,ST20A,1835
FACILITIES,Facilities,French restaurant,LST31,1836
FACILITIES,Facilities,Creperie,STF4,1837
FACILITIES,Facilities,Golf offers,LST34,1838
FACILITIES,Facilities,Outdoor area,STO9,1839
FACILITIES,Facilities,Saltwater pool,STP17,1840
FACILITIES,Facilities,Infinity pool,STP16,1841
FACILITIES,Facilities,Creche,ST6,1842
FACILITIES,Facilities,Christmas gala meals,STF3,1843
FACILITIES,Facilities,New Year gala meals,STF9,1844
FACILITIES,Facilities,Onsite waterpark,STP6,1845
FACILITIES,Facilities,Offsite Waterpark,STP61,1846
FACILITIES,Facilities,Splash park,STP11,1847
FACILITIES,Facilities,Shuffleboard,LST67,1848
FACILITIES,Facilities,Disco,ST7,1849
FACILITIES,Facilities,Self-service laundry,STO5,1850
FACILITIES,Facilities,Cinema,ST5,1851
FACILITIES,Facilities,Kids slide,STP3,1852
FACILITIES,Facilities,Aromatherapy,LST6,1853
FACILITIES,Facilities,Japanese restaurant,LST40,1854
FACILITIES,Facilities,Cooking class,STE8,1855
FACILITIES,Facilities,Ayurvedic treatments,LST8,1856
FACILITIES,Facilities,Body wraps,LST16,1857
FACILITIES,Facilities,Facials,LST26,1858
FACILITIES,Facilities,Manicure,LST48,1859
FACILITIES,Facilities,Pedicure,LST58,1860
FACILITIES,Facilities,Splash pool,ST38,1861
FACILITIES,Facilities,Boules,LST17,1862
FACILITIES,Facilities,Grill/steakhouse restaurant,STF6,1863
FACILITIES,Facilities,Catamaran,LST21,1864
FACILITIES,Facilities,Mexican restaurant,STF8,1865
FACILITIES,Facilities,Reflexology,LST64,1866
FACILITIES,Facilities,Waxing,LST82,1867
FACILITIES,Facilities,Indian restaurant,LST37,1868
FACILITIES,Facilities,Burgers/fast food,LST19,1869
FACILITIES,Facilities,Lazy river,STP4,1870
FACILITIES,Facilities,Double bedroom,STV008,1871
FACILITIES,Facilities,Lounge,STV006,1872
FACILITIES,Facilities,Dining area,STV007,1873
FACILITIES,Facilities,Twin bedroom,STV009,1874
FACILITIES,Facilities,Separate bathroom,STV011,1875
FACILITIES,Facilities,Microwave,STK007,1876
FACILITIES,Facilities,Dishwasher,STK002,1877
FACILITIES,Facilities,Washing machine,STK012,1878
FACILITIES,Facilities,Kitchen,STV005,1879
FACILITIES,Facilities,Fusion restaurant,LST32,1880
FACILITIES,Facilities,Select Your Room available,LST69,1881
FACILITIES,Facilities,Swim Academy,ST41,1882
FACILITIES,Facilities,Photo shop,LST59,1883
FACILITIES,Facilities,Jogging track,ST21,1884
FACILITIES,Facilities,Thai restaurant,LST74,1885
FACILITIES,Facilities,Organic restaurant,LST55,1886
FACILITIES,Facilities,Spray ground,STP12,1887
FACILITIES,Facilities,Football Academy,ST9,1888
FACILITIES,Facilities,Coffee maker,STK001,1889
FACILITIES,Facilities,Kettle,STK006,1890
FACILITIES,Facilities,Single bedroom,STV010,1891
FACILITIES,Facilities,Hob,STK005,1892
FACILITIES,Facilities,Fridge,STK013,1893
FACILITIES,Facilities,Other,STV014,1894
FACILITIES,Facilities,Kids cooking class,STE7,1895
FACILITIES,Facilities,Toaster,STK011,1896
FACILITIES,Facilities,Stage Academy,ST39,1897
FACILITIES,Facilities,British restaurant,LST18,1898
FACILITIES,Facilities,Bodyboarding,LST15,1899
FACILITIES,Facilities,Chinese restaurant,LST22,1900
FACILITIES,Facilities,Thalassotherapy pool,LST75,1901
FACILITIES,Facilities,Vegetarian restaurant,LST77,1902
FACILITIES,Facilities,Oven,STK009,1903
FACILITIES,Facilities,Fridge-freezer,STK003,1904
FACILITIES,Facilities,Surf simulator,STP13,1905
FACILITIES,Facilities,Feature slide,STP2,1906
FACILITIES,Facilities,En suite bathroom,STV012,1907
FACILITIES,Facilities,Separate toilet,STV013,1908
FACILITIES,Facilities,Villa outdoor area,STV004,1909
FACILITIES,Facilities,Grill,STK004,1910
FACILITIES,Facilities,Upper floor rooms,STV001,1911
FACILITIES,Facilities,Aerial Adventure,ST16,1912
FACILITIES,Facilities,Wave pool,STP15,1913
FACILITIES,Facilities,Lower floor rooms,STV002,1914
FACILITIES,Facilities,Tube slide,STP14,1915
FACILITIES,Facilities,Multi-lane slide,STP5,1916
FACILITIES,Facilities,Sunbeds,LST71,1917
FACILITIES,Facilities,Parasols,ST19,1918
FACILITIES,Facilities,Onboard Support,STO014,1921
FACILITIES,Facilities,Mini-oven,STK008,1922
FACILITIES,Facilities,Sandwich toaster,STK010,1923
FACILITIES,Facilities,Onboard Experience,STO015,1924
FACILITIES,Facilities,Greener and fairer hotels,STO12,1925
FACILITIES,Facilities,Cruise ship,STO10,1926
FACILITIES,Facilities,Body slide,STP1,1927
FACILITIES,Facilities,Speed slide,STP10,1928
FACILITIES,Facilities,Middle floor rooms,STV003,1929
CARRIER,Flight: Airlines,9Air,AQ,1930
CARRIER,Flight: Airlines,Wings of Alaska,K5,1931
CARRIER,Flight: Airlines,Wizz Air,W9,1932
CARRIER,Flight: Airlines,Air Norway,M3,1933
CARRIER,Flight: Airlines,ABX Air,GB,1934
CARRIER,Flight: Airlines,Sunwing Airlines,KO,1935
CARRIER,Flight: Airlines,Adria Airways,JP,1936
CARRIER,Flight: Airlines,Aegean Airlines,A3,1937
CARRIER,Flight: Airlines,Aer Lingus Regional,RE,1939
CARRIER,Flight: Airlines,Empire Airlines,EM,1940
CARRIER,Flight: Airlines,Aero Condor,Q6,1941
CARRIER,Flight: Airlines,SCAT,DV,1942
CARRIER,Flight: Airlines,Aero Mongolia,M0,1943
CARRIER,Flight: Airlines,Silk Way West Airlines,'7L',1944
CARRIER,Flight: Airlines,Aero-Charter Airlines,DW,1945
CARRIER,Flight: Airlines,Aerocon,A4,1946
CARRIER,Flight: Airlines,American Jet,AJ,1947
CARRIER,Flight: Airlines,Aeroflot Russian Airlines,SU,1948
CARRIER,Flight: Airlines,Aerogal,'2K',1949
CARRIER,Flight: Airlines,Key Lime Air,KG,1950
CARRIER,Flight: Airlines,Air Guyane Express,'3S',1951
CARRIER,Flight: Airlines,Aerolineas Argentinas,AR,1952
CARRIER,Flight: Airlines,Aerolineas MAS,N3,1953
CARRIER,Flight: Airlines,Aerolineas Sosa,P4,1954
CARRIER,Flight: Airlines,Aeromar,VW,1955
CARRIER,Flight: Airlines,Aeromexico,AM,1956
CARRIER,Flight: Airlines,Aeromexico Connect,'5D',1957
CARRIER,Flight: Airlines,Aeropelican Air Services,OT,1958
CARRIER,Flight: Airlines,Aeropostal,VH,1959
CARRIER,Flight: Airlines,Al-Naser Airlines,'6N',1960
CARRIER,Flight: Airlines,AeroUnion,'6R',1961
CARRIER,Flight: Airlines,Aerovias DAP,X8,1962
CARRIER,Flight: Airlines,Afric Aviation,L8,1963
CARRIER,Flight: Airlines,Air Niamey,AW,1964
CARRIER,Flight: Airlines,African Express Airways,XU,1965
CARRIER,Flight: Airlines,Afriqiyah Airways,'8U',1966
CARRIER,Flight: Airlines,Aigle Azur,ZI,1967
CARRIER,Flight: Airlines,Kabo Air,N9,1968
CARRIER,Flight: Airlines,Air Algerie,AH,1969
CARRIER,Flight: Airlines,Air Alps,A6,1970
CARRIER,Flight: Airlines,Air Arabia,G9,1971
CARRIER,Flight: Airlines,Air Arabia Egypt,E5,1972
CARRIER,Flight: Airlines,Air Arabia Maroc,'3O',1973
CARRIER,Flight: Airlines,Air Armenia,QN,1974
CARRIER,Flight: Airlines,Air Astana,KC,1975
CARRIER,Flight: Airlines,Air Atlanta Icelandic,CC,1976
CARRIER,Flight: Airlines,Air Austral,UU,1977
CARRIER,Flight: Airlines,Air Bashkortostan,ZU,1978
CARRIER,Flight: Airlines,Air Bishkek,KR,1979
CARRIER,Flight: Airlines,Air Bissau International,YL,1980
CARRIER,Flight: Airlines,Air Botswana,BP,1981
CARRIER,Flight: Airlines,Air Burkina,'2J',1982
CARRIER,Flight: Airlines,Ecuato Guineana de Aviacion,'8Y',1983
CARRIER,Flight: Airlines,Air Busan,BX,1984
CARRIER,Flight: Airlines,Air Cairo,MC,1985
CARRIER,Flight: Airlines,Air Caledonie,TY,1986
CARRIER,Flight: Airlines,Air Canada,AC,1987
CARRIER,Flight: Airlines,Air Caraibes Atlantique,TX,1988
CARRIER,Flight: Airlines,Air Cargo Carriers,'2Q',1989
CARRIER,Flight: Airlines,Cargolux,CV,1990
CARRIER,Flight: Airlines,Dalian Airlines,CA,1991
CARRIER,Flight: Airlines,Air Class Lineas Aereas,QD,1992
CARRIER,Flight: Airlines,Aruba Airlines,AG,1993
CARRIER,Flight: Airlines,Air Corsica,XK,1994
CARRIER,Flight: Airlines,Air Costa,LB,1995
CARRIER,Flight: Airlines,Air Creebec,YN,1997
CARRIER,Flight: Airlines,Air Do,HD,1998
CARRIER,Flight: Airlines,Lufthansa,LH,1999
CARRIER,Flight: Airlines,Air Europa,UX,2000
CARRIER,Flight: Airlines,Air France,AF,2001
CARRIER,Flight: Airlines,Central Mountain Air,ZX,2002
CARRIER,Flight: Airlines,FlyCongo,EO,2003
CARRIER,Flight: Airlines,Air Greenland,GL,2004
CARRIER,Flight: Airlines,Allegiant Air,G4,2005
CARRIER,Flight: Airlines,Taban Air,HH,2006
CARRIER,Flight: Airlines,LTA - Linea Turistica Aerotuy,LD,2007
CARRIER,Flight: Airlines,Air Iceland,NY,2008
CARRIER,Flight: Airlines,Air India,AI,2009
CARRIER,Flight: Airlines,Air India Regional,CD,2010
CARRIER,Flight: Airlines,Mexicana Link,I6,2011
CARRIER,Flight: Airlines,Air Inuit,'3H',2012
CARRIER,Flight: Airlines,Caribbean Airlines,BW,2013
CARRIER,Flight: Airlines,Air Japan / ANA,NQ,2014
CARRIER,Flight: Airlines,Air KBZ,K7,2015
CARRIER,Flight: Airlines,Air Kiribati,'4A',2016
CARRIER,Flight: Airlines,Air Koryo,JS,2017
CARRIER,Flight: Airlines,Air Labrador,WJ,2018
CARRIER,Flight: Airlines,PAWA Dominicana,'7Q',2019
CARRIER,Flight: Airlines,Ruili Airlines,DR,2020
CARRIER,Flight: Airlines,Air Macau,NX,2021
CARRIER,Flight: Airlines,Air Madagascar,MD,2022
CARRIER,Flight: Airlines,Air Malawi,QM,2023
CARRIER,Flight: Airlines,AirAsia India,I5,2024
CARRIER,Flight: Airlines,KM Malta Airlines,KM,2025
CARRIER,Flight: Airlines,Mahfooz Aviation,M2,2026
CARRIER,Flight: Airlines,Air Mandalay,'6T',2027
CARRIER,Flight: Airlines,Air Marshall Islands,CW,2028
CARRIER,Flight: Airlines,Hunnu Air,MR,2029
CARRIER,Flight: Airlines,Air Mauritius,MK,2030
CARRIER,Flight: Airlines,Trans Attico,ML,2031
CARRIER,Flight: Airlines,Air Moldova,'9U',2032
CARRIER,Flight: Airlines,Air Tahiti,VT,2033
CARRIER,Flight: Airlines,Air Namibia,SW,2034
CARRIER,Flight: Airlines,Air New Zealand,NZ,2035
CARRIER,Flight: Airlines,Air Niugini,PX,2036
CARRIER,Flight: Airlines,Air North - Yukons Airline,'4N',2037
CARRIER,Flight: Airlines,Air Nostrum (Iberia Regional),YW,2038
CARRIER,Flight: Airlines,Alba Star,AP,2039
CARRIER,Flight: Airlines,Air Onix Airlines,OG,2040
CARRIER,Flight: Airlines,Air Panama,'7P',2041
CARRIER,Flight: Airlines,Air People International,'3D',2042
CARRIER,Flight: Airlines,Air Rarotonga,GZ,2043
CARRIER,Flight: Airlines,Air Saint-Pierre,PJ,2044
CARRIER,Flight: Airlines,Air Seychelles,HM,2045
CARRIER,Flight: Airlines,Air Sinai,'4D',2046
CARRIER,Flight: Airlines,Yunnan Ying An Airlines,YI,2047
CARRIER,Flight: Airlines,Air Tahiti Nui,TN,2048
CARRIER,Flight: Airlines,Air Tanzania,TC,2049
CARRIER,Flight: Airlines,Air Tindi,'8T',2050
CARRIER,Flight: Airlines,Air Transport International - ATI,'8C',2051
CARRIER,Flight: Airlines,Air Uganda,U7,2052
CARRIER,Flight: Airlines,Air Urga,'3N',2053
CARRIER,Flight: Airlines,DHL Air,DO,2054
CARRIER,Flight: Airlines,National Airways (NAC),NF,2055
CARRIER,Flight: Airlines,Med-View Airline,VL,2056
CARRIER,Flight: Airlines,Air Wisconsin / US Airways Express,ZW,2057
CARRIER,Flight: Airlines,Air Zimbabwe,UM,2058
CARRIER,Flight: Airlines,Flair Airlines,F8,2059
CARRIER,Flight: Airlines,AirAsia,AK,2060
CARRIER,Flight: Airlines,AirAsia Philippines,PQ,2061
CARRIER,Flight: Airlines,AirAsia X,D7,2062
CARRIER,Flight: Airlines,AirBaltic,BT,2063
CARRIER,Flight: Airlines,AirBerlin,AB,2064
CARRIER,Flight: Airlines,AirExplore,ED,2065
CARRIER,Flight: Airlines,AirBridgeCargo,RU,2066
CARRIER,Flight: Airlines,Airbus Transport International,'4Y',2067
CARRIER,Flight: Airlines,Aircalin,SB,2068
CARRIER,Flight: Airlines,Air-India Express,IX,2069
CARRIER,Flight: Airlines,Airkenya Express,P2,2070
CARRIER,Flight: Airlines,Felix Airways,FO,2071
CARRIER,Flight: Airlines,Airlines PNG,CG,2072
CARRIER,Flight: Airlines,Avies,U3,2073
CARRIER,Flight: Airlines,AirNorth Regional,TL,2074
CARRIER,Flight: Airlines,Puerto Rico Air Management,'2P',2075
CARRIER,Flight: Airlines,AirTran Airways,FL,2076
CARRIER,Flight: Airlines,Wasaya Airways,WG,2077
CARRIER,Flight: Airlines,AJT Air International,E9,2078
CARRIER,Flight: Airlines,AK Bars Aero,'2B',2079
CARRIER,Flight: Airlines,Aklak Air,'6L',2080
CARRIER,Flight: Airlines,Alania Airlines,'2D',2081
CARRIER,Flight: Airlines,Solar Cargo,AS,2082
CARRIER,Flight: Airlines,Alaska Horizon,QX,2083
CARRIER,Flight: Airlines,Jubba Airways,J5,2084
CARRIER,Flight: Airlines,JetStar,JQ,2085
CARRIER,Flight: Airlines,Punto Azul,ZR,2086
CARRIER,Flight: Airlines,Alidaunia,D4,2087
CARRIER,Flight: Airlines,Alitalia,AZ,2088
CARRIER,Flight: Airlines,Alitalia CityLiner,CT,2089
CARRIER,Flight: Airlines,Alliance Airlines,QQ,2090
CARRIER,Flight: Airlines,Warbelows Air,'4W',2091
CARRIER,Flight: Airlines,USA Jet Airlines,UJ,2092
CARRIER,Flight: Airlines,Aloha Air Cargo,KH,2093
CARRIER,Flight: Airlines,Alpine Air Express,'5A',2094
CARRIER,Flight: Airlines,Kalitta Air,K4,2095
CARRIER,Flight: Airlines,Amaszonas,Z8,2096
CARRIER,Flight: Airlines,AMC Airlines,YJ,2097
CARRIER,Flight: Airlines,American Airlines,AA,2098
CARRIER,Flight: Airlines,Amerijet International,M6,2099
CARRIER,Flight: Airlines,Ameristar Air Cargo,'7Z',2100
CARRIER,Flight: Airlines,ANA - All Nippon Airways,NH,2101
CARRIER,Flight: Airlines,ANA Wings,EH,2102
CARRIER,Flight: Airlines,Omni Air International,OY,2103
CARRIER,Flight: Airlines,San Juan Airlines,'2G',2104
CARRIER,Flight: Airlines,Angola Air Charter,'7X',2105
CARRIER,Flight: Airlines,Anguilla Air Services,Q3,2106
CARRIER,Flight: Airlines,Antrak Air,O4,2107
CARRIER,Flight: Airlines,Orbest Orizonia Airlines,IP,2108
CARRIER,Flight: Airlines,Eastar Jet,ZE,2109
CARRIER,Flight: Airlines,Ariana Afghan Airlines,FG,2110
CARRIER,Flight: Airlines,Swiftair,W3,2111
CARRIER,Flight: Airlines,WXYZ fly Netherlands,OR,2112
CARRIER,Flight: Airlines,Arkia Israeli Airlines,IZ,2113
CARRIER,Flight: Airlines,ASERCA Airlines,R7,2114
CARRIER,Flight: Airlines,Asia Atlantic Airlines,HB,2115
CARRIER,Flight: Airlines,Golden Myanmar Airlines,Y5,2116
CARRIER,Flight: Airlines,Asky Airlines,KP,2117
CARRIER,Flight: Airlines,Asian Express,KV,2118
CARRIER,Flight: Airlines,Asiana Airlines,OZ,2119
CARRIER,Flight: Airlines,Kenn Borek Air,'4K',2120
CARRIER,Flight: Airlines,Cielos Airlines,A2,2121
CARRIER,Flight: Airlines,Wright Air Service,'8V',2122
CARRIER,Flight: Airlines,ATA Airlines,I3,2123
CARRIER,Flight: Airlines,Athens Airways,ZF,2124
CARRIER,Flight: Airlines,FlyEasy,EX,2125
CARRIER,Flight: Airlines,Atlantic Airways,RC,2126
CARRIER,Flight: Airlines,Avior Airlines,'9V',2127
CARRIER,Flight: Airlines,Isles of Scilly Skybus,'5Y',2128
CARRIER,Flight: Airlines,Atlasjet Airlines,KK,2129
CARRIER,Flight: Airlines,ATRAN Cargo Airlines,V8,2130
CARRIER,Flight: Airlines,Augsburg Airways,IQ,2131
CARRIER,Flight: Airlines,Aurigny Air Services,GR,2132
CARRIER,Flight: Airlines,Austral Lineas Aereas,AU,2133
CARRIER,Flight: Airlines,Austrian,OS,2134
CARRIER,Flight: Airlines,Promech Air,Z3,2135
CARRIER,Flight: Airlines,Passaredo Transportes Aereos,P3,2136
CARRIER,Flight: Airlines,Livingston,JN,2137
CARRIER,Flight: Airlines,Avia Traffic,YK,2138
CARRIER,Flight: Airlines,Avialeasing,EC,2139
CARRIER,Flight: Airlines,Avianca,AV,2140
CARRIER,Flight: Airlines,Avianca Brazil,O6,2141
CARRIER,Flight: Airlines,Avianca Cargo,QT,2142
CARRIER,Flight: Airlines,Aviastar,MV,2143
CARRIER,Flight: Airlines,Perimeter Aviation,'4B',2144
CARRIER,Flight: Airlines,TAM Linhas Aereas,JJ,2145
CARRIER,Flight: Airlines,SkyWest Airlines,OO,2146
CARRIER,Flight: Airlines,Azerbaijan Airlines,J2,2147
CARRIER,Flight: Airlines,Azul,AD,2148
CARRIER,Flight: Airlines,B&H Airlines,JA,2149
CARRIER,Flight: Airlines,Jordan International Air Cargo,J4,2150
CARRIER,Flight: Airlines,Bahamasair,UP,2151
CARRIER,Flight: Airlines,Bangkok Airways,PG,2152
CARRIER,Flight: Airlines,Bankair,B4,2153
CARRIER,Flight: Airlines,Chanchangi Airlines,'5B',2154
CARRIER,Flight: Airlines,Interlink Airlines,ID,2155
CARRIER,Flight: Airlines,Bearskin Airlines,JV,2156
CARRIER,Flight: Airlines,Bek Air,Z9,2157
CARRIER,Flight: Airlines,Belair,'4T',2158
CARRIER,Flight: Airlines,Belavia Belarusian Airlines,B2,2159
CARRIER,Flight: Airlines,SF Airlines,O3,2160
CARRIER,Flight: Airlines,Bemidji Airlines,CH,2161
CARRIER,Flight: Airlines,Easy Fly Express,'8E',2162
CARRIER,Flight: Airlines,Berjaya Air,J8,2163
CARRIER,Flight: Airlines,Bhutan Airlines,B3,2164
CARRIER,Flight: Airlines,Biman Banglasdesh Airlines,BG,2165
CARRIER,Flight: Airlines,NHT Linhas Aereas,NT,2166
CARRIER,Flight: Airlines,Bismillah Airlines,'5Z',2167
CARRIER,Flight: Airlines,Blue Air,'0B',2168
CARRIER,Flight: Airlines,Bluebird Airways,BZ,2169
CARRIER,Flight: Airlines,Blue Panorama Airlines,BV,2170
CARRIER,Flight: Airlines,Blue1,KF,2171
CARRIER,Flight: Airlines,Bluebird Cargo,BF,2172
CARRIER,Flight: Airlines,bmi Regional,WW,2173
CARRIER,Flight: Airlines,Boliviana de Aviacion - BoA,OB,2174
CARRIER,Flight: Airlines,Nouvelair,BJ,2175
CARRIER,Flight: Airlines,Eritrean Airlines,B8,2176
CARRIER,Flight: Airlines,BQB Lineas Aereas,'5Q',2177
CARRIER,Flight: Airlines,Braathens Regional,DC,2178
CARRIER,Flight: Airlines,Thomas Cook Airlines Belgium,FQ,2179
CARRIER,Flight: Airlines,British Airways,BA,2180
CARRIER,Flight: Airlines,Brussels Airlines,SN,2181
CARRIER,Flight: Airlines,Bural,U4,2182
CARRIER,Flight: Airlines,Bukovyna Airlines,BQ,2183
CARRIER,Flight: Airlines,Bulgaria Air,FB,2184
CARRIER,Flight: Airlines,Buraq Air,UZ,2185
CARRIER,Flight: Airlines,Gambia Bird,'3B',2186
CARRIER,Flight: Airlines,Business Air,'8B',2187
CARRIER,Flight: Airlines,BVI Airways,XV,2188
CARRIER,Flight: Airlines,CAA - Compagnie Africaine dAviation,BU,2189
CARRIER,Flight: Airlines,Nature Air,'5C',2190
CARRIER,Flight: Airlines,Camair,QC,2191
CARRIER,Flight: Airlines,Cambodia Angkor Air,K6,2192
CARRIER,Flight: Airlines,Cambodia Bayon Airlines,BD,2193
CARRIER,Flight: Airlines,Canadian North,'5T',2194
CARRIER,Flight: Airlines,Tropic Air,PM,2195
CARRIER,Flight: Airlines,CanJet Airlines,C6,2196
CARRIER,Flight: Airlines,Cape Air,'9K',2197
CARRIER,Flight: Airlines,Deer Air,JD,2198
CARRIER,Flight: Airlines,Cardig Air Cargo,'8F',2199
CARRIER,Flight: Airlines,La Costena,W8,2200
CARRIER,Flight: Airlines,Cronos Airlines,C8,2201
CARRIER,Flight: Airlines,Iran Airtour,B9,2202
CARRIER,Flight: Airlines,Carpatair,V3,2203
CARRIER,Flight: Airlines,Caspian Airlines,RV,2204
CARRIER,Flight: Airlines,Cathay Pacific,CX,2205
CARRIER,Flight: Airlines,Cayman Airways,KX,2206
CARRIER,Flight: Airlines,Cebu Pacific Air,'5J',2207
CARRIER,Flight: Airlines,Ceiba Intercontinental,C2,2208
CARRIER,Flight: Airlines,Centurion Air Cargo,WE,2209
CARRIER,Flight: Airlines,Chalair Aviation,CE,2210
CARRIER,Flight: Airlines,LADE - Lineas Aereas Del Estado,'5U',2211
CARRIER,Flight: Airlines,Cham Wings Airlines,'6Q',2212
CARRIER,Flight: Airlines,Changan Airlines,'2Z',2213
CARRIER,Flight: Airlines,Chautauqua Airlines,RP,2214
CARRIER,Flight: Airlines,Chengdu Airlines,EU,2215
CARRIER,Flight: Airlines,China Airlines,CI,2216
CARRIER,Flight: Airlines,China Cargo Airlines,CK,2217
CARRIER,Flight: Airlines,China Eastern Yunnan,MU,2218
CARRIER,Flight: Airlines,China Express Airlines,G5,2219
CARRIER,Flight: Airlines,China Southern Airlines,CZ,2220
CARRIER,Flight: Airlines,China United Airlines,KN,2221
CARRIER,Flight: Airlines,Chongqing Airlines,'0Q',2222
CARRIER,Flight: Airlines,Citilink,QG,2223
CARRIER,Flight: Airlines,Semeyavia,E8,2224
CARRIER,Flight: Airlines,CityJet,WX,2225
CARRIER,Flight: Airlines,SA Alliance Air Express,ZM,2226
CARRIER,Flight: Airlines,Star Air,DQ,2227
CARRIER,Flight: Airlines,Cobham Aviation Services,NC,2228
CARRIER,Flight: Airlines,Comair / Kulula,MN,2229
CARRIER,Flight: Airlines,CommutAir / United Express,C5,2230
CARRIER,Flight: Airlines,Comores Aviation International,O5,2231
CARRIER,Flight: Airlines,Compass Airlines,CP,2232
CARRIER,Flight: Airlines,Condor,DE,2233
CARRIER,Flight: Airlines,SA Express,XZ,2234
CARRIER,Flight: Airlines,Conviasa,VO,2235
CARRIER,Flight: Airlines,Copa Airlines,CM,2236
CARRIER,Flight: Airlines,Copa Airlines Colombia,P5,2237
CARRIER,Flight: Airlines,Corendon Airlines,XC,2238
CARRIER,Flight: Airlines,Corsair International,SS,2239
CARRIER,Flight: Airlines,Jeju Air,'7C',2240
CARRIER,Flight: Airlines,Croatia Airlines,OU,2241
CARRIER,Flight: Airlines,Cruiser Linhas Aereas,J6,2242
CARRIER,Flight: Airlines,CSA Czech Airlines,OK,2243
CARRIER,Flight: Airlines,Cubana de Aviacion,CU,2244
CARRIER,Flight: Airlines,Dana Air,'9J',2245
CARRIER,Flight: Airlines,Danish Air Transport - DAT,DX,2246
CARRIER,Flight: Airlines,Delta Air Lines,DL,2247
CARRIER,Flight: Airlines,Denim Air,J7,2248
CARRIER,Flight: Airlines,DHL Aero Expreso,D5,2249
CARRIER,Flight: Airlines,DHL de Guatemala,L3,2250
CARRIER,Flight: Airlines,DHL Ecuador,'7T',2251
CARRIER,Flight: Airlines,DHL International Aviation ME,ES,2252
CARRIER,Flight: Airlines,Direktflyg,HS,2253
CARRIER,Flight: Airlines,Dniproavia,Z6,2254
CARRIER,Flight: Airlines,Donavia,D9,2255
CARRIER,Flight: Airlines,RACSA,R6,2256
CARRIER,Flight: Airlines,DragonAir,KA,2257
CARRIER,Flight: Airlines,Druk Air,KB,2258
CARRIER,Flight: Airlines,Eagle Air,H7,2259
CARRIER,Flight: Airlines,Ernest Airlines,EG,2260
CARRIER,Flight: Airlines,East Horizon Airlines,EA,2261
CARRIER,Flight: Airlines,Eastern Airways,T3,2262
CARRIER,Flight: Airlines,Qantas Airways,QF,2263
CARRIER,Flight: Airlines,Eastern SkyJets,EE,2264
CARRIER,Flight: Airlines,Far Eastern Air Transport,EF,2265
CARRIER,Flight: Airlines,EasyJet,U2,2266
CARRIER,Flight: Airlines,easyJet Switzerland,DS,2267
CARRIER,Flight: Airlines,Edelweiss Air,WK,2269
CARRIER,Flight: Airlines,Shenzhen Airlines,ZH,2270
CARRIER,Flight: Airlines,EgyptAir Express,MS,2271
CARRIER,Flight: Airlines,El Al,LY,2272
CARRIER,Flight: Airlines,Emirates Airline,EK,2273
CARRIER,Flight: Airlines,Endeavor Air,'9E',2274
CARRIER,Flight: Airlines,Envoy Air,MQ,2275
CARRIER,Flight: Airlines,Estafeta Carga Aerea,E7,2276
CARRIER,Flight: Airlines,Estonian Air,OV,2277
CARRIER,Flight: Airlines,Ethiopian Airlines,ET,2278
CARRIER,Flight: Airlines,Etihad Airways,EY,2279
CARRIER,Flight: Airlines,Volare Aircompany,F7,2280
CARRIER,Flight: Airlines,Euroatlantic Airways,YU,2281
CARRIER,Flight: Airlines,EuroLOT,K2,2282
CARRIER,Flight: Airlines,Europe Airpost,'5O',2283
CARRIER,Flight: Airlines,European AirTransport,QY,2284
CARRIER,Flight: Airlines,Eurowings,EW,2285
CARRIER,Flight: Airlines,EVA Air,BR,2286
CARRIER,Flight: Airlines,K-Mile Air,'8K',2287
CARRIER,Flight: Airlines,Sun-Air of Scandinavia,EZ,2288
CARRIER,Flight: Airlines,Jetstar Asia,'3K',2289
CARRIER,Flight: Airlines,Express Air,XN,2290
CARRIER,Flight: Airlines,ExpressJet,XE,2291
CARRIER,Flight: Airlines,SafariLink Aviation,F2,2292
CARRIER,Flight: Airlines,Fars Air Qeshm,QE,2293
CARRIER,Flight: Airlines,Sky King,F3,2294
CARRIER,Flight: Airlines,FastJet,FN,2295
CARRIER,Flight: Airlines,FedEx Express,FX,2296
CARRIER,Flight: Airlines,Fiji Airways,FJ,2297
CARRIER,Flight: Airlines,Finnair,AY,2298
CARRIER,Flight: Airlines,Firefly,FY,2299
CARRIER,Flight: Airlines,First Air,'7F',2300
CARRIER,Flight: Airlines,Florida West International Airlines,RF,2301
CARRIER,Flight: Airlines,Fly540,'5H',2302
CARRIER,Flight: Airlines,Fly540 Ghana,'5G',2303
CARRIER,Flight: Airlines,FlyBe,BE,2304
CARRIER,Flight: Airlines,FlyBy Nordic,FC,2305
CARRIER,Flight: Airlines,flyDubai,FZ,2306
CARRIER,Flight: Airlines,Flyglinjen,TE,2307
CARRIER,Flight: Airlines,FlyMontserrat,'5M',2308
CARRIER,Flight: Airlines,Flynas,XY,2309
CARRIER,Flight: Airlines,Hamburg Airways,HK,2310
CARRIER,Flight: Airlines,Freebird Airlines,FH,2311
CARRIER,Flight: Airlines,Freedom Air,FP,2312
CARRIER,Flight: Airlines,Frontier Airlines,F9,2313
CARRIER,Flight: Airlines,Fuji Dream Airlines,JH,2314
CARRIER,Flight: Airlines,Gabon Airlines Cargo,'6G',2315
CARRIER,Flight: Airlines,Garuda Indonesia Airways,GA,2316
CARRIER,Flight: Airlines,Gazpromavia Aviation,'4G',2317
CARRIER,Flight: Airlines,Georgian Airways,A9,2318
CARRIER,Flight: Airlines,Germania,ST,2319
CARRIER,Flight: Airlines,Germanwings,'4U',2320
CARRIER,Flight: Airlines,Guinea Bissau Airlines,G6,2321
CARRIER,Flight: Airlines,Star Flyer,'7G',2322
CARRIER,Flight: Airlines,Global Supply Systems,XH,2323
CARRIER,Flight: Airlines,Globus,GH,2324
CARRIER,Flight: Airlines,Go Air,G8,2325
CARRIER,Flight: Airlines,Mesa Airlines,YV,2326
CARRIER,Flight: Airlines,KAPO,G7,2327
CARRIER,Flight: Airlines,GOL Linhas Aereas Inteligentes,G3,2328
CARRIER,Flight: Airlines,Gorkha Airlines,G1,2329
CARRIER,Flight: Airlines,Grand Canyon Airlines,YR,2330
CARRIER,Flight: Airlines,Grand China Air,CN,2331
CARRIER,Flight: Airlines,Sky Gabon,GV,2332
CARRIER,Flight: Airlines,Great Lakes Airlines,ZK,2333
CARRIER,Flight: Airlines,Grozny Avia,ZG,2334
CARRIER,Flight: Airlines,Jazeera Airways,J9,2336
CARRIER,Flight: Airlines,Gulf Air,GF,2337
CARRIER,Flight: Airlines,Hainan Airlines,HU,2338
CARRIER,Flight: Airlines,Saga Airlines,H3,2339
CARRIER,Flight: Airlines,Hawaiian Airlines,HA,2340
CARRIER,Flight: Airlines,Hawkair Aviation Services,BH,2341
CARRIER,Flight: Airlines,Heavylift Cargo Airlines,HN,2342
CARRIER,Flight: Airlines,Hebei Airlines,NS,2343
CARRIER,Flight: Airlines,Heli Air Monaco,YO,2344
CARRIER,Flight: Airlines,Helijet Airways,JB,2345
CARRIER,Flight: Airlines,Helitt Airlines,H9,2346
CARRIER,Flight: Airlines,Hellenic Imperial Airways,HT,2347
CARRIER,Flight: Airlines,Helvetic Airways,'2L',2348
CARRIER,Flight: Airlines,Hemus Air,DU,2349
CARRIER,Flight: Airlines,Henan Airlines,VD,2350
CARRIER,Flight: Airlines,Hex Air,UD,2351
CARRIER,Flight: Airlines,Odessa Airlines,'5K',2352
CARRIER,Flight: Airlines,Hong Kong Airlines,HX,2353
CARRIER,Flight: Airlines,Hong Kong Express Airways,UO,2354
CARRIER,Flight: Airlines,Juneyao Airlines,HO,2355
CARRIER,Flight: Airlines,IBC Airways,II,2356
CARRIER,Flight: Airlines,Iberia,IB,2357
CARRIER,Flight: Airlines,Iberia Express,I2,2358
CARRIER,Flight: Airlines,Ibex Airlines,FW,2359
CARRIER,Flight: Airlines,Icelandair,FI,2360
CARRIER,Flight: Airlines,IFL Group / Gulf & Caribbean Air,IF,2361
CARRIER,Flight: Airlines,I-Fly,H5,2362
CARRIER,Flight: Airlines,IndiGo Airlines,'6E',2363
CARRIER,Flight: Airlines,Paramount Airways,I7,2364
CARRIER,Flight: Airlines,Indonesia AirAsia,QZ,2365
CARRIER,Flight: Airlines,Insel Air,'7I',2366
CARRIER,Flight: Airlines,Inter Air Airlines,D6,2367
CARRIER,Flight: Airlines,National Airways Cameroon,'9O',2368
CARRIER,Flight: Airlines,InterCaribbean Airways,JY,2369
CARRIER,Flight: Airlines,Intercontinental Airways,'5W',2370
CARRIER,Flight: Airlines,Interjet,'4O',2371
CARRIER,Flight: Airlines,InterSky,'3L',2372
CARRIER,Flight: Airlines,IrAero Airlines,RD,2373
CARRIER,Flight: Airlines,Iran Air,IR,2374
CARRIER,Flight: Airlines,Iran Aseman Airlines,EP,2375
CARRIER,Flight: Airlines,Iraqi Airways,IA,2376
CARRIER,Flight: Airlines,Irtysh-Air,IH,2377
CARRIER,Flight: Airlines,Island Air,WP,2378
CARRIER,Flight: Airlines,Island Airlines,IS,2379
CARRIER,Flight: Airlines,Islena Airlines,WC,2380
CARRIER,Flight: Airlines,Israir,'6H',2381
CARRIER,Flight: Airlines,Izair,'4I',2382
CARRIER,Flight: Airlines,Izhavia,I8,2383
CARRIER,Flight: Airlines,J-Air,XM,2384
CARRIER,Flight: Airlines,Japan Air Commuter,'3X',2385
CARRIER,Flight: Airlines,Japan Airlines,JL,2386
CARRIER,Flight: Airlines,Japan Transocean Air,NU,2387
CARRIER,Flight: Airlines,South Supreme Airlines,JU,2388
CARRIER,Flight: Airlines,Jazz Air,QK,2389
CARRIER,Flight: Airlines,Jet Airways,'9W',2390
CARRIER,Flight: Airlines,Jet Asia Airways,JF,2391
CARRIER,Flight: Airlines,Jet Aviation Business Jets,PP,2392
CARRIER,Flight: Airlines,Jet Express Gabon,G2,2393
CARRIER,Flight: Airlines,Jet2,LS,2394
CARRIER,Flight: Airlines,Jet4You,'8J',2395
CARRIER,Flight: Airlines,JetAir,O2,2396
CARRIER,Flight: Airlines,Jetairfly / WXYZ,TB,2397
CARRIER,Flight: Airlines,JetBlue Airways,B6,2398
CARRIER,Flight: Airlines,Jetclub,'0J',2399
CARRIER,Flight: Airlines,JetKonnect,S2,2400
CARRIER,Flight: Airlines,Red Wings Airlines,WZ,2401
CARRIER,Flight: Airlines,JetStar Japan,GK,2402
CARRIER,Flight: Airlines,JetStar Pacific,BL,2403
CARRIER,Flight: Airlines,Jett8 Airlines,JX,2404
CARRIER,Flight: Airlines,Jin Air,LJ,2405
CARRIER,Flight: Airlines,Jordan Aviation,R5,2406
CARRIER,Flight: Airlines,Joy Air,JR,2407
CARRIER,Flight: Airlines,Kalitta Charters,K9,2408
CARRIER,Flight: Airlines,KalStar Aviation,KD,2409
CARRIER,Flight: Airlines,Kam Air,RQ,2410
CARRIER,Flight: Airlines,Kaya Airlines,IK,2411
CARRIER,Flight: Airlines,Kelowna Flightcraft,KW,2412
CARRIER,Flight: Airlines,Kenmore Air,M5,2413
CARRIER,Flight: Airlines,Kenya Airways,KQ,2414
CARRIER,Flight: Airlines,Kish Air,Y9,2415
CARRIER,Flight: Airlines,Kivalliq Air,FK,2416
CARRIER,Flight: Airlines,KLM,KL,2417
CARRIER,Flight: Airlines,KLM Cityhopper,WA,2418
CARRIER,Flight: Airlines,Korean Air,KE,2419
CARRIER,Flight: Airlines,Korongo Airlines,ZC,2420
CARRIER,Flight: Airlines,Kunming Airlines,KY,2421
CARRIER,Flight: Airlines,Kuwait Airways,KU,2422
CARRIER,Flight: Airlines,Kygyzstan Aircompany,QH,2423
CARRIER,Flight: Airlines,La Compagnie,B0,2424
CARRIER,Flight: Airlines,LAM Mozambique,TM,2425
CARRIER,Flight: Airlines,LATAM Airlines,LA,2426
CARRIER,Flight: Airlines,LAN Argentina,'4M',2427
CARRIER,Flight: Airlines,LAN Cargo,UC,2428
CARRIER,Flight: Airlines,TAPO-Avia,'4C',2429
CARRIER,Flight: Airlines,LAN Ecuador,XL,2430
CARRIER,Flight: Airlines,LAN Express,LU,2431
CARRIER,Flight: Airlines,LAN Peru,LP,2432
CARRIER,Flight: Airlines,Lanco,L7,2433
CARRIER,Flight: Airlines,LASER Airlines,QL,2434
CARRIER,Flight: Airlines,Lao Airlines,QV,2435
CARRIER,Flight: Airlines,Lao Central Airlines,LF,2436
CARRIER,Flight: Airlines,Lauda Air,NG,2437
CARRIER,Flight: Airlines,LGW - Luftfahrtgesellschaft Walter,HE,2439
CARRIER,Flight: Airlines,LIAT,LI,2440
CARRIER,Flight: Airlines,Libyan Airlines,LN,2441
CARRIER,Flight: Airlines,Lignes Aeriennes Congolaises - LAC,'4V',2442
CARRIER,Flight: Airlines,Lina Congo,GC,2443
CARRIER,Flight: Airlines,Lion Airlines,JT,2444
CARRIER,Flight: Airlines,Cobalt Air,CO,2445
CARRIER,Flight: Airlines,LOT Polish Airlines,LO,2446
CARRIER,Flight: Airlines,Lucky Air,'8L',2447
CARRIER,Flight: Airlines,Lufthansa Cityline,CL,2448
CARRIER,Flight: Airlines,Lugansk Airlines,LE,2449
CARRIER,Flight: Airlines,Luxair,LG,2450
CARRIER,Flight: Airlines,Lynden Air Cargo,L2,2451
CARRIER,Flight: Airlines,Macair Jet,VM,2452
CARRIER,Flight: Airlines,Mahan Air,W5,2453
CARRIER,Flight: Airlines,Malaysia Airlines,MH,2454
CARRIER,Flight: Airlines,Maldivian,Q2,2455
CARRIER,Flight: Airlines,Malindo Air,OD,2456
CARRIER,Flight: Airlines,Malmo Aviation,TF,2457
CARRIER,Flight: Airlines,Mandarin Airlines,AE,2458
CARRIER,Flight: Airlines,Mango,JE,2459
CARRIER,Flight: Airlines,Mid Airlines,'7Y',2460
CARRIER,Flight: Airlines,Mount Cook Airlines,NM,2461
CARRIER,Flight: Airlines,Tropical Airways dHaiti,M7,2462
CARRIER,Flight: Airlines,Martinair,MP,2463
CARRIER,Flight: Airlines,Maya Island Air,MY,2464
CARRIER,Flight: Airlines,TbilAviaMsheni Airlines,L6,2465
CARRIER,Flight: Airlines,MaxAir,NR,2466
CARRIER,Flight: Airlines,Mistral Air,'7M',2467
CARRIER,Flight: Airlines,Medavia,N5,2468
CARRIER,Flight: Airlines,Mega Maldives Airlines,LV,2469
CARRIER,Flight: Airlines,Air Italy,IG,2470
CARRIER,Flight: Airlines,Merpati Nusantara Airlines,MZ,2471
CARRIER,Flight: Airlines,MetroJet,'7K',2472
CARRIER,Flight: Airlines,Miami Air International,LL,2473
CARRIER,Flight: Airlines,MIAT - Mongolian Airlines,OM,2474
CARRIER,Flight: Airlines,Middle East Airlines - MEA,ME,2475
CARRIER,Flight: Airlines,Midex Airlines,MG,2476
CARRIER,Flight: Airlines,Midwest Airlines,YX,2477
CARRIER,Flight: Airlines,Mihin Lanka,MJ,2478
CARRIER,Flight: Airlines,MNG Airlines,MB,2479
CARRIER,Flight: Airlines,Mokulele Airlines,MW,2480
CARRIER,Flight: Airlines,Moldavian Airlines,'2M',2481
CARRIER,Flight: Airlines,Monarch Airlines,ZB,2482
CARRIER,Flight: Airlines,Montenegro Airlines,YM,2483
CARRIER,Flight: Airlines,Moskovia Airlines,'3R',2484
CARRIER,Flight: Airlines,Motor Sich Airlines,M9,2485
CARRIER,Flight: Airlines,MRK Airlines,'6V',2486
CARRIER,Flight: Airlines,Myanmar Airways International - MAI,'8M',2487
CARRIER,Flight: Airlines,Myanmar National Airways,UB,2488
CARRIER,Flight: Airlines,Tranwest Air,'9T',2489
CARRIER,Flight: Airlines,Naft Airlines,NV,2490
CARRIER,Flight: Airlines,TMA Cargo,T2,2491
CARRIER,Flight: Airlines,Nasair,UE,2492
CARRIER,Flight: Airlines,National Airlines,N8,2493
CARRIER,Flight: Airlines,NAYSA,ZN,2494
CARRIER,Flight: Airlines,Neos,NO,2495
CARRIER,Flight: Airlines,Nepal Airlines,RA,2496
CARRIER,Flight: Airlines,Neptune Air,N7,2497
CARRIER,Flight: Airlines,New England Airlines,EJ,2498
CARRIER,Flight: Airlines,Yuzmashavia,'2N',2499
CARRIER,Flight: Airlines,Niki,HG,2500
CARRIER,Flight: Airlines,Nile Air,NP,2501
CARRIER,Flight: Airlines,Nippon Cargo Airlines,KZ,2502
CARRIER,Flight: Airlines,Nok Air,DD,2503
CARRIER,Flight: Airlines,SGA Airlines,'5E',2504
CARRIER,Flight: Airlines,Shaheen Air International,NL,2505
CARRIER,Flight: Airlines,North Cariboo Air,'5N',2506
CARRIER,Flight: Airlines,Nordic Global Airlines,NJ,2507
CARRIER,Flight: Airlines,NordStar Airlines,Y7,2508
CARRIER,Flight: Airlines,Trans Air Benin,N4,2509
CARRIER,Flight: Airlines,North Wright Airways,HW,2510
CARRIER,Flight: Airlines,Northern Air Cargo,D1,2511
CARRIER,Flight: Airlines,Northern Thurderbird Air,'4R',2512
CARRIER,Flight: Airlines,Northwestern Air,J3,2513
CARRIER,Flight: Airlines,Norwegian,DY,2514
CARRIER,Flight: Airlines,Nova Airways,O9,2515
CARRIER,Flight: Airlines,Novair,'1I',2516
CARRIER,Flight: Airlines,Novo Air,VQ,2517
CARRIER,Flight: Airlines,Okay Airlines,BK,2518
CARRIER,Flight: Airlines,Olympic Air,OA,2519
CARRIER,Flight: Airlines,Oman Air,WY,2520
CARRIER,Flight: Airlines,PGA Express,OC,2521
CARRIER,Flight: Airlines,Orenair,R2,2523
CARRIER,Flight: Airlines,Orient Thai Airlines,OX,2524
CARRIER,Flight: Airlines,Our Airline,ON,2525
CARRIER,Flight: Airlines,Overland Airways,OJ,2526
CARRIER,Flight: Airlines,Trade Air,'8P',2527
CARRIER,Flight: Airlines,Operated by Lauda,LW,2528
CARRIER,Flight: Airlines,PacificFlier.com,PI,2529
CARRIER,Flight: Airlines,Pakistan International Airlines,PK,2530
CARRIER,Flight: Airlines,PAL Airlines,PB,2531
CARRIER,Flight: Airlines,Primera Air,PF,2532
CARRIER,Flight: Airlines,PAN Air (TNT),PV,2533
CARRIER,Flight: Airlines,Payam Air,'2F',2534
CARRIER,Flight: Airlines,Peach,MM,2535
CARRIER,Flight: Airlines,Pegasus Airlines,PC,2536
CARRIER,Flight: Airlines,Royal Daisy Airlines,'6D',2537
CARRIER,Flight: Airlines,PenAir,KS,2538
CARRIER,Flight: Airlines,Peoples Vienna Line,PE,2539
CARRIER,Flight: Airlines,Peruvian Airlines,P9,2540
CARRIER,Flight: Airlines,Petra Airlines,'9P',2541
CARRIER,Flight: Airlines,Ukraine International Airlines,PS,2542
CARRIER,Flight: Airlines,PGA - Portugalia Airlines,NI,2543
CARRIER,Flight: Airlines,Philippine Airlines,PR,2544
CARRIER,Flight: Airlines,Satena,'9R',2545
CARRIER,Flight: Airlines,US Airways,US,2546
CARRIER,Flight: Airlines,Polet Airlines,PO,2547
CARRIER,Flight: Airlines,Polynesian Airlines,PH,2548
CARRIER,Flight: Airlines,Porter Airlines,PD,2549
CARRIER,Flight: Airlines,Precision Air,PW,2550
CARRIER,Flight: Airlines,Principal Airlines - PAL,'5P',2551
CARRIER,Flight: Airlines,Private Wings,'8W',2552
CARRIER,Flight: Airlines,Privilege Style,P6,2553
CARRIER,Flight: Airlines,Proflight Zambia,P0,2554
CARRIER,Flight: Airlines,Pullmantur Air,EB,2555
CARRIER,Flight: Airlines,Qingdao Airlines,QW,2556
CARRIER,Flight: Airlines,Ravn Alaska,'7H',2557
CARRIER,Flight: Airlines,Real Tonga,RT,2558
CARRIER,Flight: Airlines,Regent Airways,RX,2559
CARRIER,Flight: Airlines,Royal Falcon Airlines,RL,2560
CARRIER,Flight: Airlines,Republic Airlines,RW,2561
CARRIER,Flight: Airlines,Rex - Regional Express,ZL,2562
CARRIER,Flight: Airlines,Romavia,WQ,2563
CARRIER,Flight: Airlines,Rossiya Airlines,FV,2564
CARRIER,Flight: Airlines,Rotana Jet,RG,2565
CARRIER,Flight: Airlines,Rovos Air,'6P',2566
CARRIER,Flight: Airlines,Royal Air Maroc,AT,2567
CARRIER,Flight: Airlines,Royal Brunei Airlines,BI,2568
CARRIER,Flight: Airlines,Royal Jordanian Airlines,RJ,2569
CARRIER,Flight: Airlines,Royal Wings,RY,2570
CARRIER,Flight: Airlines,Rus Aviation,R4,2571
CARRIER,Flight: Airlines,RusLine,'7R',2572
CARRIER,Flight: Airlines,Russian Sky,P7,2573
CARRIER,Flight: Airlines,RwandAir,WB,2574
CARRIER,Flight: Airlines,Ryanair,FR,2575
CARRIER,Flight: Airlines,S7 Airlines,S7,2576
CARRIER,Flight: Airlines,South African Airways,SA,2577
CARRIER,Flight: Airlines,Safair,FA,2578
CARRIER,Flight: Airlines,Safi Airlines,'4Q',2579
CARRIER,Flight: Airlines,Superior Aviation,SO,2580
CARRIER,Flight: Airlines,Samarkand Airways,C7,2581
CARRIER,Flight: Airlines,SANSA,RZ,2582
CARRIER,Flight: Airlines,Saravia,'6W',2583
CARRIER,Flight: Airlines,Scandinavian Airlines - SAS,SK,2584
CARRIER,Flight: Airlines,SAT Airlines,HZ,2585
CARRIER,Flight: Airlines,SATA Air Acores,SP,2586
CARRIER,Flight: Airlines,SATA International,S4,2587
CARRIER,Flight: Airlines,Saudia,SV,2588
CARRIER,Flight: Airlines,SBA Airlines,S3,2589
CARRIER,Flight: Airlines,Scandinavian Air Link,'8N',2590
CARRIER,Flight: Airlines,Scoot,TZ,2591
CARRIER,Flight: Airlines,ScotAirways,CB,2592
CARRIER,Flight: Airlines,Seaborne Airlines,BB,2593
CARRIER,Flight: Airlines,Senegal Airlines,DN,2594
CARRIER,Flight: Airlines,Servant Air,'8D',2595
CARRIER,Flight: Airlines,Servicios Aereos Profesionales - SAP,'5S',2596
CARRIER,Flight: Airlines,Severstal Air Company,D2,2597
CARRIER,Flight: Airlines,Shandong Airlines,SC,2598
CARRIER,Flight: Airlines,Shanghai Airlines,FM,2599
CARRIER,Flight: Airlines,Sharp Airlines,SH,2600
CARRIER,Flight: Airlines,Shovkoviy Shlyah Airlines,S8,2601
CARRIER,Flight: Airlines,Small Planet,S5,2602
CARRIER,Flight: Airlines,Sichuan Airlines,'3U',2603
CARRIER,Flight: Airlines,Blue Islands,SI,2604
CARRIER,Flight: Airlines,Silk Way Airlines,ZP,2605
CARRIER,Flight: Airlines,SilkAir,MI,2606
CARRIER,Flight: Airlines,Silver Airways,'3M',2607
CARRIER,Flight: Airlines,Singapore Airlines,SQ,2608
CARRIER,Flight: Airlines,Vanilla Air,JW,2609
CARRIER,Flight: Airlines,Sky Airline,H2,2610
CARRIER,Flight: Airlines,Sky Bahamas,Q7,2611
CARRIER,Flight: Airlines,Sky Express,GQ,2612
CARRIER,Flight: Airlines,Sky Lease Cargo,GG,2613
CARRIER,Flight: Airlines,Sky Regional / Air Canada Express,RS,2614
CARRIER,Flight: Airlines,Sky Work Airlines,SX,2615
CARRIER,Flight: Airlines,Skymark Airlines,BC,2616
CARRIER,Flight: Airlines,Skynet Asia Airways,'6J',2617
CARRIER,Flight: Airlines,Smart Aviation,M4,2618
CARRIER,Flight: Airlines,Travel Service Airlines,QS,2619
CARRIER,Flight: Airlines,SmartLynx Airlines,'6Y',2620
CARRIER,Flight: Airlines,Sol Lineas Aereas,'8R',2621
CARRIER,Flight: Airlines,Aer Lingus,IE,2622
CARRIER,Flight: Airlines,Somon Air,'4J',2623
CARRIER,Flight: Airlines,South Airlines,YG,2624
CARRIER,Flight: Airlines,Spring Airlines,'9S',2625
CARRIER,Flight: Airlines,Southwest Airlines,WN,2626
CARRIER,Flight: Airlines,SpiceJet,SG,2627
CARRIER,Flight: Airlines,Spirit Airlines,NK,2628
CARRIER,Flight: Airlines,SriLankan Airlines,UL,2629
CARRIER,Flight: Airlines,Sriwijaya Airlines,SJ,2630
CARRIER,Flight: Airlines,Star Air Aviation,'6S',2631
CARRIER,Flight: Airlines,Star Peru,'2I',2632
CARRIER,Flight: Airlines,Sudan Airways,SD,2633
CARRIER,Flight: Airlines,Sun Air,'1V',2634
CARRIER,Flight: Airlines,Sun Country Airlines,SY,2635
CARRIER,Flight: Airlines,Sun Express,XQ,2636
CARRIER,Flight: Airlines,Sunshine Express,CQ,2637
CARRIER,Flight: Airlines,Surinam Airways - SLM,PY,2638
CARRIER,Flight: Airlines,Swiss International Air Lines,LX,2639
CARRIER,Flight: Airlines,British Midland Airlines,BM,2640
CARRIER,Flight: Airlines,Sylt Air,'7E',2641
CARRIER,Flight: Airlines,Syphax Airlines,FS,2642
CARRIER,Flight: Airlines,Syrianair,RB,2643
CARRIER,Flight: Airlines,TAAG Angola Airlines,DT,2644
CARRIER,Flight: Airlines,Tara Air,TA,2645
CARRIER,Flight: Airlines,TACA Costa Rica,LR,2646
CARRIER,Flight: Airlines,TACA Peru,T0,2647
CARRIER,Flight: Airlines,TACV - Cabo Verde Airlines,VR,2648
CARRIER,Flight: Airlines,Tailwind Airlines,TI,2649
CARRIER,Flight: Airlines,Tajik Air,'7J',2650
CARRIER,Flight: Airlines,TAM Airlines,PZ,2651
CARRIER,Flight: Airlines,TAME Linea Aerea Del Ecuador,EQ,2652
CARRIER,Flight: Airlines,Tandem Aero,TQ,2653
CARRIER,Flight: Airlines,TAP Portugal,TP,2654
CARRIER,Flight: Airlines,TAROM,RO,2655
CARRIER,Flight: Airlines,Tasman Cargo Airlines,HJ,2656
CARRIER,Flight: Airlines,Tassili Airlines,SF,2657
CARRIER,Flight: Airlines,Tatarstan Air,U9,2658
CARRIER,Flight: Airlines,Thai AirAsia,FD,2659
CARRIER,Flight: Airlines,Thai Airways International,TG,2660
CARRIER,Flight: Airlines,Thomas Cook Airlines Scandinavia,DK,2662
CARRIER,Flight: Airlines,WXYZ - Sth Term,BY,2663
CARRIER,Flight: Airlines,Tianjin Airlines,GS,2664
CARRIER,Flight: Airlines,Tibet Airlines,TV,2665
CARRIER,Flight: Airlines,Tunisavia,TT,2666
CARRIER,Flight: Airlines,Tiger Airways,TR,2667
CARRIER,Flight: Airlines,Titan Airways,ZT,2668
CARRIER,Flight: Airlines,TNT Airways,'3V',2669
CARRIER,Flight: Airlines,Transavia France,TO,2670
CARRIER,Flight: Airlines,Toumai Air Tchad,'9D',2671
CARRIER,Flight: Airlines,Trans Air Congo,Q8,2672
CARRIER,Flight: Airlines,Operated by Malta Air,AL,2673
CARRIER,Flight: Airlines,Trans States Airlines,AX,2674
CARRIER,Flight: Airlines,Transaero Airlines,UN,2675
CARRIER,Flight: Airlines,TransAsia Airways,GE,2676
CARRIER,Flight: Airlines,Transavia Airlines,HV,2677
CARRIER,Flight: Airlines,Transcarga International Airways,T9,2678
CARRIER,Flight: Airlines,Twin Jet,T7,2679
CARRIER,Flight: Airlines,Transmile Air Services,TH,2680
CARRIER,Flight: Airlines,WXYZfly Nordic,'6B',2681
CARRIER,Flight: Airlines,Tulpar Air Service,'2T',2682
CARRIER,Flight: Airlines,Tunisair,TU,2683
CARRIER,Flight: Airlines,Tunisair Express,UG,2684
CARRIER,Flight: Airlines,Turan Air,'3T',2685
CARRIER,Flight: Airlines,Turkish Airlines,TK,2686
CARRIER,Flight: Airlines,Turkmenistan Airlines,T5,2687
CARRIER,Flight: Airlines,TWay Airlines,TW,2688
CARRIER,Flight: Airlines,ULS Airlines Cargo,GO,2689
CARRIER,Flight: Airlines,UM Air,UF,2690
CARRIER,Flight: Airlines,Uni Air,B7,2691
CARRIER,Flight: Airlines,United Airlines,UA,2692
CARRIER,Flight: Airlines,United Airways,'4H',2693
CARRIER,Flight: Airlines,Uni-Top Airlines,UW,2694
CARRIER,Flight: Airlines,UPS Airlines,'5X',2695
CARRIER,Flight: Airlines,Ural Airlines,U6,2696
CARRIER,Flight: Airlines,Urumqi Air,UQ,2697
CARRIER,Flight: Airlines,US-Bangla Airlines,BS,2698
CARRIER,Flight: Airlines,UTair Aviation,UT,2699
CARRIER,Flight: Airlines,UTair-Express,UR,2700
CARRIER,Flight: Airlines,UTair-Ukraine,QU,2701
CARRIER,Flight: Airlines,Uzbekistan Airways,HY,2702
CARRIER,Flight: Airlines,Valuair,VF,2703
CARRIER,Flight: Airlines,Vensecar International,K1,2704
CARRIER,Flight: Airlines,Vieques Air Link,V4,2705
CARRIER,Flight: Airlines,Vietjet Air,VJ,2706
CARRIER,Flight: Airlines,Vietnam Air Service - VASCO,'0V',2707
CARRIER,Flight: Airlines,Vietnam Airlines,VN,2708
CARRIER,Flight: Airlines,Virgin America,VX,2709
CARRIER,Flight: Airlines,Virgin Atlantic Airways,VS,2710
CARRIER,Flight: Airlines,Virgin Samoa,VA,2711
CARRIER,Flight: Airlines,Virgin Australia Airlines (NZ),DJ,2712
CARRIER,Flight: Airlines,Vision Airlines,V2,2713
CARRIER,Flight: Airlines,Vistara,UK,2714
CARRIER,Flight: Airlines,VivaAeroBus,VB,2715
CARRIER,Flight: Airlines,Vladivostok Air,XF,2716
CARRIER,Flight: Airlines,VLM Airlines,VG,2717
CARRIER,Flight: Airlines,Volaris,Y4,2718
CARRIER,Flight: Airlines,Volga-Dnepr Airlines,VI,2719
CARRIER,Flight: Airlines,Voyager Airlines,V6,2721
CARRIER,Flight: Airlines,Vueling Airlines,VY,2722
CARRIER,Flight: Airlines,WaltAir,XW,2723
CARRIER,Flight: Airlines,WDL Aviation,WL,2724
CARRIER,Flight: Airlines,Welcome Air,'2W',2725
CARRIER,Flight: Airlines,West Afrfican Link,'1W',2726
CARRIER,Flight: Airlines,West Atlantic Sweden,PT,2727
CARRIER,Flight: Airlines,West China Airlines,PN,2728
CARRIER,Flight: Airlines,West Coast Air,'8O',2729
CARRIER,Flight: Airlines,Westair Benin,WH,2730
CARRIER,Flight: Airlines,WestJet Airlines,WS,2731
CARRIER,Flight: Airlines,WestJet Encore,WR,2732
CARRIER,Flight: Airlines,White Airways,WI,2733
CARRIER,Flight: Airlines,White Eagle Aviation,W2,2734
CARRIER,Flight: Airlines,Wideroe,WF,2735
CARRIER,Flight: Airlines,Wimbi Dira Airways,'9C',2736
CARRIER,Flight: Airlines,Winair,WM,2737
CARRIER,Flight: Airlines,Wind Rose Aviation,'7W',2738
CARRIER,Flight: Airlines,Wings Air,IW,2739
CARRIER,Flight: Airlines,Wings of Lebanon,L4,2740
CARRIER,Flight: Airlines,Wizz Air Ukraine,WU,2742
CARRIER,Flight: Airlines,Xiamen Airlines,MF,2743
CARRIER,Flight: Airlines,XL Airways France,SE,2744
CARRIER,Flight: Airlines,Xtra Airways,XP,2745
CARRIER,Flight: Airlines,Yakutia Airlines,R3,2746
CARRIER,Flight: Airlines,Yamal Airlines,YC,2747
CARRIER,Flight: Airlines,Yangon Airways,YH,2748
CARRIER,Flight: Airlines,Yangtse River Express,Y8,2749
CARRIER,Flight: Airlines,Yemenia,IY,2750
CARRIER,Flight: Airlines,Yeti Airlines,YA,2751
CARRIER,Flight: Airlines,Zagros Airlines,ZV,2752
CARRIER,Flight: Airlines,ZagrosJet,Z4,2753
CARRIER,Flight: Airlines,Zambia Skyways,K8,2754
CARRIER,Flight: Airlines,Zhejiang Loong Airlines,GJ,2755
CARRIER,Flight: Airlines,ZimexAviation,C4,2756
CARRIER,Flight: Airlines,Norse Atlantic Airways,Z0,2757
CARRIER,Flight: Airlines,British Airways Euroflyer,AO,2758
CARRIER,Flight: Airlines,Operated by Buzz,RR,2759
CARRIER,Flight: Airlines,Operated by Ryanair UK,RK,2760
CARRIER,Flight: Airlines,BA CityFlyer,CJ,2761
CARRIER,Flight: Airlines,ASL Airlines,ABR,2763
CARRIER,Flight: Airlines,Balkan Air Holidays,BGH,2765
CARRIER,Flight: Airlines,Jet Air Fly,JAF,2767
CARRIER,Flight: Airlines,Onur Air,OHY,2768
CARRIER,Flight: Airlines,Thomas Cook,TCX,2769
CARRIER,Flight: Airlines,Volotea,VOE,2770
CARRIER,Flight: Airlines,WXYZfly,X3,2771
CARRIER,Flight: Airlines,WXYZ Airways,TOM,2772
CARRIER,Flight: Airlines,Qatar Airways,QR,2773
CARRIER,Flight: Airlines,Air Transat,TS,2774
CARRIER,Flight: Airlines,Loganair,LM,2776
CARRIER,Flight: Airlines,Corendon Airlines Europe,XR,2779
DEPARTURETIMEBACK,Flight: Departure Time (back),Morning - 06:00-11:59,A,2780
DEPARTURETIMEBACK,Flight: Departure Time (back),Afternoon - 12:00-17:59,B,2781
DEPARTURETIMEBACK,Flight: Departure Time (back),Evening - 18:00-20:59,C,2782
DEPARTURETIMEBACK,Flight: Departure Time (back),Night - 21:00-05:59,D,2783
DEPARTURETIMEOUT,Flight: Departure Time (out),Morning - 06:00-11:59,A,2784
DEPARTURETIMEOUT,Flight: Departure Time (out),Afternoon - 12:00-17:59,B,2785
DEPARTURETIMEOUT,Flight: Departure Time (out),Evening - 18:00-20:59,C,2786
DEPARTURETIMEOUT,Flight: Departure Time (out),Night - 21:00-05:59,D,2787
FLIGHTSTOPS,Flight: Stops,Direct Flights,direct,2788
FREECHILDPLACES,Free Child Place,Free Child Places,dc,2789
HOLIDAYTYPE,Holiday Type: Holiday Type,Cities',CITY,2790
HOLIDAYTYPE,Holiday Type: Holiday Type,Beach',BEACH,2791
HOLIDAYTYPE,Holiday Type: Holiday Type,Lakes & Mountains',LAKES,2792
BESTFOR,Holiday Type: Best For,Adults Only,P00057,2793
BESTFOR,Holiday Type: Best For,Award winners,P00056,2794
BESTFOR,Holiday Type: Best For,Beachfront,P00051,2795
BESTFOR,Holiday Type: Best For,Contemporary style,P00054,2796
BESTFOR,Holiday Type: Best For,Families,P00052,2797
BESTFOR,Holiday Type: Best For,Local flavour,P00059,2798
BESTFOR,Holiday Type: Best For,Luxury,P00050,2799
BESTFOR,Holiday Type: Best For,Nightlife,P00058,2800
BESTFOR,Holiday Type: Best For,Spa and Relaxation,P00053,2801
BESTFOR,Holiday Type: Best For,Sports and Activities,P00060,2802
BESTFOR,Holiday Type: Best For,Weddings,P00055,2803
BESTFOR,Holiday Type: Best For,Walking,P00072,2804
BESTFOR,Holiday Type: Best For,Lakeside Resort,P00073,2805
BESTFOR,Holiday Type: Best For,Green & Fair Hotels,ACCGRF,2806
BESTFOR,Holiday Type: Best For,WXYZ Kids Club,ACCTKC,2807
BESTFOR,Holiday Type: Best For,All Inclusive Beach,P00068,2808
CONCEPTS,Holiday Type: Holidays by WXYZ,City Breaks,P00071,2809
CONCEPTS,Holiday Type: Holidays by WXYZ,Splashworld,FCU119,2817
CONCEPTS,Holiday Type: Holidays by WXYZ,Lapland Explorer,P00LEX,2822
CONCEPTS,Holiday Type: Holidays by WXYZ,Classic Lapland,P00CLP,2826
CONCEPTS,Holiday Type: Holidays by WXYZ,Platinum,PLT,2828
CONCEPTS,Holiday Type: Holidays by WXYZ,Lakes & Mountains,LAM,2829
CONCEPTS,Holiday Type: Holidays by WXYZ,A la Carte,ALC,2830
CONCEPTS,Holiday Type: Holidays by WXYZ,WXYZ Blue,BLU,2831
CONCEPTS,Holiday Type: Holidays by WXYZ,Scene Holidays,SCE,2832
CONCEPTS,Holiday Type: Holidays by WXYZ,WXYZ Suneo,FSO,2833
CONCEPTS,Holiday Type: Holidays by WXYZ,SplashWorld Holidays,FSP,2834
CONCEPTS,Holiday Type: Holidays by WXYZ,Lakes & Mountains platinum,PRM,2835
CONCEPTS,Holiday Type: Holidays by WXYZ,WXYZ Magic Life,FMA,2836
CONCEPTS,Holiday Type: Holidays by WXYZ,SENSATORI BY WXYZ BLUE,SEN,2837
CONCEPTS,Holiday Type: Holidays by WXYZ,Holiday Villages,FHV,2838
CONCEPTS,Holiday Type: Holidays by WXYZ,Small & Friendly,SnF,2839
CONCEPTS,Holiday Type: Holidays by WXYZ,Gold,GLD,2840
CONCEPTS,Holiday Type: Holidays by WXYZ,Family Resorts,FAM,2841
CONCEPTS,Holiday Type: Holidays by WXYZ,Couples,COU,2842
CONCEPTS,Holiday Type: Holidays by WXYZ,Villas Collection,TVP,2843
CONCEPTS,Holiday Type: Holidays by WXYZ,Simply,SIM,2844
CONCEPTS,Holiday Type: Holidays by WXYZ,Skytours,SKY,2845
CONCEPTS,Holiday Type: Holidays by WXYZ,Sensatori Menus,DB14AE7845FDE320,2847
CONCEPTS,Holiday Type: Holidays by WXYZ,All Inclusive Drinks,'42F26D71A415D9F2',2848
CONCEPTS,Holiday Type: Holidays by WXYZ,Tours,TOU,2849
CONCEPTS,Holiday Type: Holidays by WXYZ,Lapland Day Trips,'22359026D06EA3FE',2850
CONCEPTS,Holiday Type: Holidays by WXYZ,First Choice Kids Club,FHV_Z05,2851
CONCEPTS,Holiday Type: Holidays by WXYZ,WXYZ Handpicked,HPD,2852
CONCEPTS,Holiday Type: Holidays by WXYZ,Academies,FHV_Z02,2853
CONCEPTS,Holiday Type: Holidays by WXYZ,Pool towels,PTOW,2854
CONCEPTS,Holiday Type: Holidays by WXYZ,Free Wi-Fi,WIFI,2855
CONCEPTS,Holiday Type: Holidays by WXYZ,HV Creche,TWI,2856
CONCEPTS,Holiday Type: Holidays by WXYZ,HV Club,SUP,2858
CONCEPTS,Holiday Type: Holidays by WXYZ,HV Crew,MEG,2859
CONCEPTS,Holiday Type: Holidays by WXYZ,escape!,ESC,2860
CONCEPTS,Holiday Type: Holidays by WXYZ,Kids’ Clubs,'16311C6D23FDD2F6',2861
CONCEPTS,Holiday Type: Holidays by WXYZ,Peace Of Mind,PEACEOM,2862
CONCEPTS,Holiday Type: Holidays by WXYZ,Tots,'305098E8EA2DCBF3',2863
CONCEPTS,Holiday Type: Holidays by WXYZ,Team,'17B4785C0D0F900B',2864
CONCEPTS,Holiday Type: Holidays by WXYZ,Tribe,FE4B7594A5AC5A8C,2865
CONCEPTS,Holiday Type: Holidays by WXYZ,Crèches,AFC,2866
CONCEPTS,Holiday Type: Holidays by WXYZ,The Slide Guide,'4C921428CE0EFF85',2867
CONCEPTS,Holiday Type: Holidays by WXYZ,Multi-Lane Slides,MultiLane,2868
CONCEPTS,Holiday Type: Holidays by WXYZ,Wave Pool,WavePool,2869
CONCEPTS,Holiday Type: Holidays by WXYZ,Tube Slides,TubeSlide,2870
CONCEPTS,Holiday Type: Holidays by WXYZ,Speed Slides,SpeedSlide,2871
CONCEPTS,Holiday Type: Holidays by WXYZ,Body Slides,BodySlide,2872
CONCEPTS,Holiday Type: Holidays by WXYZ,Lazy River,LazyRiver,2873
CONCEPTS,Holiday Type: Holidays by WXYZ,Kids Slides,KidsSlide,2874
CONCEPTS,Holiday Type: Holidays by WXYZ,Bowl Slides,BowlSlide,2875
CONCEPTS,Holiday Type: Holidays by WXYZ,Sidewinders & Boomerangos,Sidewinders,2876
CONCEPTS,Holiday Type: Holidays by WXYZ,Rapids,Rapids,2877
CONCEPTS,Holiday Type: Holidays by WXYZ,Why book with us?,'34C2890FD41811F0',2879
CONCEPTS,Holiday Type: Holidays by WXYZ,Planning Your Wedding Abroad,'8556B8FA017A2A58',2880
CONCEPTS,Holiday Type: Holidays by WXYZ,Types Of Wedding,A71222F8A3D53C20,2881
CONCEPTS,Holiday Type: Holidays by WXYZ,CELEBRATION OF VOWS,'821D4A8C619F7CE6',2882
CONCEPTS,Holiday Type: Holidays by WXYZ,Over To You,F4F75CCF0D5C67F5,2883
CONCEPTS,Holiday Type: Holidays by WXYZ,10 Top Tips For Marrying Abroad,A950FA6770017F1E,2884
CONCEPTS,Holiday Type: Holidays by WXYZ,WEDDING DESTINATIONS,F2C66A055DB3B673,2885
CONCEPTS,Holiday Type: Holidays by WXYZ,Our Exclusive Partners,F8E9BC5C399F6B8D,2886
CONCEPTS,Holiday Type: Holidays by WXYZ,Football Academy,SFAF,2887
CONCEPTS,Holiday Type: Holidays by WXYZ,Swim Academy,AFSF,2888
CONCEPTS,Holiday Type: Holidays by WXYZ,Stage Academy,BMMPIFBO,2889
CONCEPTS,Holiday Type: Holidays by WXYZ,Rookie Lifeguard Academy,E0685754F5D065B4,2890
CONCEPTS,Holiday Type: Holidays by WXYZ,Parent & Toddler,D3B6CABF5DAFB5D3,2891
CONCEPTS,Holiday Type: Holidays by WXYZ,Lapland,LAP,2896
CONCEPTS,Holiday Type: Holidays by WXYZ,Santas Wonderland,SWL,2898
CONCEPTS,Holiday Type: Holidays by WXYZ,Island Cruises,P00IEC,2900
CONCEPTS,Holiday Type: Holidays by WXYZ,Florida,THFLO,2902
CONCEPTS,Holiday Type: Holidays by WXYZ,Faraway Shores,THFAS,2903
CONCEPTS,Holiday Type: Holidays by WXYZ,Summer Sun,FCSUM,2904
CONCEPTS,Holiday Type: Holidays by WXYZ,Collections,C5BF6EFC216C6DB2,2905
CONCEPTS,Holiday Type: Holidays by WXYZ,Best For...,'3B7E0217BD2AB133',2906
CONCEPTS,Holiday Type: Holidays by WXYZ,See the sea,'8B7F6C02A7A5D677',2907
CONCEPTS,Holiday Type: Holidays by WXYZ,Upgrade your stay,FC662EFCA83A3920,2908
CONCEPTS,Holiday Type: Holidays by WXYZ,Gourmet Dining,DBA57E88751A1B1D,2909
CONCEPTS,Holiday Type: Holidays by WXYZ,Pools,'8310A43DD7A3926C',2910
CONCEPTS,Holiday Type: Holidays by WXYZ,Infinity Pools,'5CA9DE1A0B45CB6C',2911
CONCEPTS,Holiday Type: Holidays by WXYZ,FOR KIDS,F55D5B8B9481A253,2912
CONCEPTS,Holiday Type: Holidays by WXYZ,Captain T,'8AF8855505AD2440',2913
CONCEPTS,Holiday Type: Holidays by WXYZ,Teens,A319F57F6F8E344B,2914
CONCEPTS,Holiday Type: Holidays by WXYZ,Family Rooms,'69F85D636E393084',2915
CONCEPTS,Holiday Type: Holidays by WXYZ,Childrens Menus,'43816E706C37283A',2916
CONCEPTS,Holiday Type: Holidays by WXYZ,The Caribbean,FCA9155146EACC8F,2917
CONCEPTS,Holiday Type: Holidays by WXYZ,3 Great Things About The Caribbean...,CBA3F9945DCF677D,2920
CONCEPTS,Holiday Type: Holidays by WXYZ,Top up your tan on a white-sand beach,CA3C0A594C761495,2921
CONCEPTS,Holiday Type: Holidays by WXYZ,Dance at an authentic reggae bar,'0D5CEFF74FF25B93',2922
CONCEPTS,Holiday Type: Holidays by WXYZ,Pick a path through the rainforest,AA056BB599ADE599,2923
CONCEPTS,Holiday Type: Holidays by WXYZ,The Art Of Singing,CTAS,2924
CONCEPTS,Holiday Type: Holidays by WXYZ,The Art Of Chocolate Making,CTACM,2925
CONCEPTS,Holiday Type: Holidays by WXYZ,Sip rum cocktails at a beachfront bar,B749130A7F1783D2,2926
CONCEPTS,Holiday Type: Holidays by WXYZ,Explore the islands’ lush landscapes,'492D6571F162BB97',2927
CONCEPTS,Holiday Type: Holidays by WXYZ,When To Go,AA2AA8930D1BF855,2928
CONCEPTS,Holiday Type: Holidays by WXYZ,Nursery,'5F6EDC62735A8293',2929
CONCEPTS,Holiday Type: Holidays by WXYZ,State-of-the-art Rooms,F16AC7BD9EF80193,2930
CONCEPTS,Holiday Type: Holidays by WXYZ,Whats On,E878A6294937BF95,2932
CONCEPTS,Holiday Type: Holidays by WXYZ,Designed with Families in Mind,'535DDF1668D71CC9',2933
CONCEPTS,Holiday Type: Holidays by WXYZ,For Little Ones,'21D03618C9899CE6',2935
CONCEPTS,Holiday Type: Holidays by WXYZ,10 Reasons to Choose Couples,BE2F04490D654FB0,2936
CONCEPTS,Holiday Type: Holidays by WXYZ,Holidays Tailored for Two,'365F898B27A39698',2937
CONCEPTS,Holiday Type: Holidays by WXYZ,10 Reasons to Choose Family Resorts,EF523CA8F1779E12,2938
CONCEPTS,Holiday Type: Holidays by WXYZ,Your Questions Answered,'737B144A3FAB43CE',2939
CONCEPTS,Holiday Type: Holidays by WXYZ,10 Reasons To Choose Weddings by WXYZ,C750379B7591A322,2940
CONCEPTS,Holiday Type: Holidays by WXYZ,Planning Your Destination Wedding,'93DD105365C5E65E',2941
CONCEPTS,Holiday Type: Holidays by WXYZ,Which Wedding?,'8EA9F67834FA395F',2942
CONCEPTS,Holiday Type: Holidays by WXYZ,The More The Merrier,'3A90BA0E8DBEA151',2943
CONCEPTS,Holiday Type: Holidays by WXYZ,Happy Ever After by WXYZ,'7B9C2A8F4ED1E705',2944
CONCEPTS,Holiday Type: Holidays by WXYZ,10 Tips for Marrying Abroad,DD530E028736EADA,2946
CONCEPTS,Holiday Type: Holidays by WXYZ,Platinum villas,B2DF8A366AF3973B,2950
CONCEPTS,Holiday Type: Holidays by WXYZ,Retreat villas,'32DA0911096A6081',2951
CONCEPTS,Holiday Type: Holidays by WXYZ,Family-friendly villas,'43BC70574361C5AE',2952
CONCEPTS,Holiday Type: Holidays by WXYZ,Villa resorts,A8CEB6565727C4FA,2953
CONCEPTS,Holiday Type: Holidays by WXYZ,Robinson,ROB,2954
CONCEPTS,Holiday Type: Holidays by WXYZ,Hayes & Jarvis,'40924BA41DA82185',2955
CONCEPTS,Holiday Type: Holidays by WXYZ,SCENE,NRG,2956
CONCEPTS,Holiday Type: Holidays by WXYZ,10 Reasons To Choose Scene,BD128AC953FFB253,2957
CONCEPTS,Holiday Type: Holidays by WXYZ,Offers,'8413D5EC89718585',2959
CONCEPTS,Holiday Type: Holidays by WXYZ,Days and nights out,'62EDFE179FB21098',2960
CONCEPTS,Holiday Type: Holidays by WXYZ,Our service,'646224DFB334372F',2961
CONCEPTS,Holiday Type: Holidays by WXYZ,Contact Us,E4948891255DEBFC,2962
CONCEPTS,Holiday Type: Holidays by WXYZ,People like you,'72C2DA8BAE0D4396',2963
CONCEPTS,Holiday Type: Holidays by WXYZ,Sensimar/Couples,SMR,2964
CONCEPTS,Holiday Type: Holidays by WXYZ,WXYZ BLUE FOR FAMILIES,VIL,2965
CONCEPTS,Holiday Type: Holidays by WXYZ,10 REASONS TO CHOOSE WXYZ BLUE FOR TWO,'1DE56F30DE66F6EB',2966
CONCEPTS,Holiday Type: Holidays by WXYZ,Holidays Tailored for Adults,D7748FB450963C7A,2967
CONCEPTS,Holiday Type: Holidays by WXYZ,WXYZ BLUE FOR TWO,SSR,2969
CONCEPTS,Holiday Type: Holidays by WXYZ,Lapland Adventure,LAD,2970
CONCEPTS,Holiday Type: Holidays by WXYZ,Northern Lights and Golden Circle Tour,NLT,2971
CONCEPTS,Holiday Type: Holidays by WXYZ,SPORTS LOVERS PARADISE,'5275984AF37E700038189D90EB4CFF21',2973
CONCEPTS,Holiday Type: Holidays by WXYZ,WELLFIT,'8AAA5C4D2AFABC2A5A43ED5367C6AFFB',2974
CONCEPTS,Holiday Type: Holidays by WXYZ,WELLBEING,'84CEA7034D0A72616B19A0E7B3A7872E',2977
CONCEPTS,Holiday Type: Holidays by WXYZ,FROM DAY TO NIGHT,'0F4F12DDA6BBCC1E5FC283B15696B81F',2978
CONCEPTS,Holiday Type: Holidays by WXYZ,COMFY ACCOMMODATION,'8E05DE15FC19F2ACC8C773F37A4FD6D3',2979
CONCEPTS,Holiday Type: Holidays by WXYZ,CHILDCARE,'5EA71EF94DE47B2F62B617BF82426FEA',2981
CONCEPTS,Holiday Type: Holidays by WXYZ,ENTERTAINMENT,DACCE93C244A2E148F5C8323E097F151,2982
CONCEPTS,Holiday Type: Holidays by WXYZ,AUTHENTIC CUISINE,F51AB305A457BB936CF708AF0D1420BE,2984
CONCEPTS,Holiday Type: Holidays by WXYZ,ACTIVITIES,F5D84671F110AF186120CB240296FDFC,2985
CONCEPTS,Holiday Type: Holidays by WXYZ,WELL-CONNECTED,ECC65B87A836A64FA288118927FDA694,2986
CONCEPTS,Holiday Type: Holidays by WXYZ,Arctic Adventurer,ARA,2987
CONCEPTS,Holiday Type: Holidays by WXYZ,WXYZ Tours,TTR,2988
CONCEPTS,Holiday Type: Holidays by WXYZ,Where in the world,'5F9092C03903A010ED6FC92A0E092AB3',2989
CONCEPTS,Holiday Type: Holidays by WXYZ,24/7 support,D4F49154F26FC9D1A941AC4F48DEF4A6,2990
CONCEPTS,Holiday Type: Holidays by WXYZ,Out and about,B6589CC29C567A2DA31C6E6C38E2D2C4,2991
CONCEPTS,Holiday Type: Holidays by WXYZ,Group getaways,'40C1BEF2B6486B71A76B23593EE36E6E',2992
CONCEPTS,Holiday Type: Holidays by WXYZ,Location,E41B9EDDDACAE349A10EC0DB838D2CD8,2993
CONCEPTS,Holiday Type: Holidays by WXYZ,ROOMS,F2A1C60994D37DC2516ED0DB4F541840,2995
CONCEPTS,Holiday Type: Holidays by WXYZ,HOTELS,'79452B4638715149C069E05B847DCF84',3000
CONCEPTS,Holiday Type: Holidays by WXYZ,SERVICE,'1D531E9B99DD83010A14068DBD08E6E3',3001
CONCEPTS,Holiday Type: Holidays by WXYZ,QUALITY MARK,AF5C7CF4ECD5E7EB84FD7635AA5A2135,3002
CONCEPTS,Holiday Type: Holidays by WXYZ,LUXURY TOUCHES,AE347DB0E0242C2CE23A03DD78C6B8CB,3003
CONCEPTS,Holiday Type: Holidays by WXYZ,LOCATIONS,'3DFE7168B36CC29211631ACAADA87CF8',3004
CONCEPTS,Holiday Type: Holidays by WXYZ,SCENE - IRE,'6EE7F18C84B18660CD558A22EB66B9C5',3006
CONCEPTS,Holiday Type: Holidays by WXYZ,WHERE TO STAY,'9460B4E0487D5907153ED29BBF2B571D',3007
CONCEPTS,Holiday Type: Holidays by WXYZ,EXPERT REPS,'5D682D6DA18FA57D1CDC84DDD69B5AC9',3008
CONCEPTS,Holiday Type: Holidays by WXYZ,EASY EXCURSIONS,F4A5B844FBD303E185531B330EC87542,3009
CONCEPTS,Holiday Type: Holidays by WXYZ,GOLD - IRE,'254B969F3E75B77CB389CF4F823DD5F9',3010
CONCEPTS,Holiday Type: Holidays by WXYZ,Dining,F6AC0461DEB618EE3440A29F97DA8BBE,3012
CONCEPTS,Holiday Type: Holidays by WXYZ,EXPERT SERVICE,BD7533F249B36CFCB9246A855100DC2F,3015
CONCEPTS,Holiday Type: Holidays by WXYZ,WXYZ MAGIC LIFE - FC,D1FE8B328473686515DC17BE82C436D9,3016
CONCEPTS,Holiday Type: Holidays by WXYZ,Weddings by WXYZ,WEDTH,3017
CONCEPTS,Holiday Type: Holidays by WXYZ,Weddings by First Choice,WEDFC,3018
CONCEPTS,Holiday Type: Holidays by WXYZ,PLATINUM - IRE,'4939E4D01B4D93ACBCDE11F75BEC3C76',3019
CONCEPTS,Holiday Type: Holidays by WXYZ,HIGH STANDARDS,'3264A1E867F86B677B3F6874B7107378',3020
CONCEPTS,Holiday Type: Holidays by WXYZ,THE FINER THINGS,A2A229EF4A8F388096AC3DF552F8D327,3021
CONCEPTS,Holiday Type: Holidays by WXYZ,Around The World,'739FFDEE30A7DB1CC68463B4832C276B',3022
CONCEPTS,Holiday Type: Holidays by WXYZ,The best waterparks,D03E99C7472A9481B2F83B83815BF257,3023
CONCEPTS,Holiday Type: Holidays by WXYZ,Make a splash,'779C048B47D77172D7A0D6E7289EEF26',3024
CONCEPTS,Holiday Type: Holidays by WXYZ,Kids clubs,'436F1A408F0260DC79F30C555813A2B5',3025
CONCEPTS,Holiday Type: Holidays by WXYZ,FOOD AND DRINK,A81888FAA8E2E693505724A64709AD3F,3028
CONCEPTS,Holiday Type: Holidays by WXYZ,SOMETHING FOR EVERYONE,'1537C17773A29B8B33F976F6371AEB24',3029
CONCEPTS,Holiday Type: Holidays by WXYZ,Daytime Activities,'9AF844C4317D9F747BBD9A80B92E86DF',3030
CONCEPTS,Holiday Type: Holidays by WXYZ,Evening Entertainment,DDE9C07FFA8CC029FEFE59A0658D1B3B,3031
CONCEPTS,Holiday Type: Holidays by WXYZ,HV Clubs,'0EDABC9233CCD9A2DA6524B14AD77509',3032
CONCEPTS,Holiday Type: Holidays by WXYZ,For Adults,'949DA4DEDEFBE9956A30F676E0D4099D',3034
CONCEPTS,Holiday Type: Holidays by WXYZ,RIU,RIU,3036
CONCEPTS,Holiday Type: Holidays by WXYZ,Crystal Ski Holidays,CRY,3037
CONCEPTS,Holiday Type: Holidays by WXYZ,EXPERT PLANNING,'3F8592238EA3AB962C7A0F5AFD45129A',3038
CONCEPTS,Holiday Type: Holidays by WXYZ,FAQS,B2B7F67846F5CCF72A0900BA04D05E6A,3039
CONCEPTS,Holiday Type: Holidays by WXYZ,SPECIAL TOUCHES,'791071FE80B3EE43679E07660C64E235',3040
CONCEPTS,Holiday Type: Holidays by WXYZ,Q&A,CA6BB5BB8E65C07BC37205F7CDA382AE,3043
CONCEPTS,Holiday Type: Holidays by WXYZ,Special extras,'0C0D98FA333B4D23932302DAE00E9C0B',3044
CONCEPTS,Holiday Type: Holidays by WXYZ,Top places to get married abroad,'59AFD8EA3A675E4AFB54AE3ACF0AEEB1',3045
CONCEPTS,Holiday Type: Holidays by WXYZ,Top tips,'181B64FD51E1B6AB1F361858D4439706',3046
CONCEPTS,Holiday Type: Holidays by WXYZ,Wedding types,A458A4DBAC9AB02ECFF614499F724296,3047
CONCEPTS,Holiday Type: Holidays by WXYZ,DAYTIMES,FD3D8DF3E87BE824C46C390A46A8CEDD,3049
CONCEPTS,Holiday Type: Holidays by WXYZ,AFTER DARK,CCA1D9B9796AB684F24D9801CB20BAAF,3050
CONCEPTS,Holiday Type: Holidays by WXYZ,FOR ALL,CE6CF6567536A52CB20FAE891CCFAA92,3053
CONCEPTS,Holiday Type: Holidays by WXYZ,FOR TWO,'20AE1606FAADC9B4FB944B119F89112B',3054
CONCEPTS,Holiday Type: Holidays by WXYZ,FOR FAMILIES,'05CFC21B28743C3E9BFDA68DB767F79E',3055
CONCEPTS,Holiday Type: Holidays by WXYZ,Lapland SnowClub,LSN,3056
CONCEPTS,Holiday Type: Holidays by WXYZ,Crystal Finest,FNE,3057
CONCEPTS,Holiday Type: Holidays by WXYZ,HIGHLY RATED PLACES TO STAY,'0429841A9956F5BC6BF93751B53C3C62',3058
CONCEPTS,Holiday Type: Holidays by WXYZ,FIRST-RATE FACILITIES,CB6EC79B20A6BE7DCD81274BB39B77B6,3059
CONCEPTS,Holiday Type: Holidays by WXYZ,ENDLESS ENTERTAINMENT,'8FDF4FB27382C8CD174F34776C3BA609',3060
CONCEPTS,Holiday Type: Holidays by WXYZ,KIDS LOVE ROBINSON,'44BAF35456C61CF7D48F5E5CC20407FD',3061
CONCEPTS,Holiday Type: Holidays by WXYZ,SUSTAINABILITY,'753706A48EDDD8B95FDA57A687D1CD51',3062
CONCEPTS,Holiday Type: Holidays by WXYZ,Family activities,'45C28690327AB76FB565F123C9D7222E',3063
CONCEPTS,Holiday Type: Holidays by WXYZ,SENSATORI,'2F70D48C6DD30CA4EB5F5167848FA8E9',3064
CONCEPTS,Holiday Type: Holidays by WXYZ,ROSTER OF ROOMS,F40B96198359078A6A16E20223F3D988,3065
CONCEPTS,Holiday Type: Holidays by WXYZ,Summit Collection,SCT,3066
PRICEPP,Price Per Person,"A numerical value that corresponds max price, e.g. 303956.34",max,3067
PRICEPP,Price Per Person,"A numerical value that corresponds min price, e.g. 256.68",min,3068
WXYZRATING,WXYZ Rating,1 and over,1,3069
WXYZRATING,WXYZ Rating,2 and over,2,3070
WXYZRATING,WXYZ Rating,3 and over,3,3071
WXYZRATING,WXYZ Rating,4 and over,4,3072
WXYZRATING,WXYZ Rating,5 and over,5,3073
DEPARTUREAIRPORTS,Departure Points,Agadir,AGA,3074
DEPARTUREAIRPORTS,Departure Points,V. C. Bird International,ANU,3075
DEPARTUREAIRPORTS,Departure Points,Adnan Menderes,ADB,3076
DEPARTUREAIRPORTS,Departure Points,Malaga Costa del Sol,AGP,3077
DEPARTUREAIRPORTS,Departure Points,Aberdeen,ABZ,3078
DEPARTUREAIRPORTS,Departure Points,Alicante,ALC,3079
DEPARTUREAIRPORTS,Departure Points,Lanzarote,ACE,3080
DEPARTUREAIRPORTS,Departure Points,Aspen,ASE,3081
DEPARTUREAIRPORTS,Departure Points,Queen Alia International,AMM,3082
DEPARTUREAIRPORTS,Departure Points,Aqaba,AQJ,3083
DEPARTUREAIRPORTS,Departure Points,Athens International,ATH,3084
DEPARTUREAIRPORTS,Departure Points,Queen Beatrix International,AUA,3085
DEPARTUREAIRPORTS,Departure Points,Abu Dhabi International,AUH,3086
DEPARTUREAIRPORTS,Departure Points,Amsterdam,AMS,3087
DEPARTUREAIRPORTS,Departure Points,Hartsfield-Jackson Atlanta,ATL,3088
DEPARTUREAIRPORTS,Departure Points,Stockholm,ARN,3089
DEPARTUREAIRPORTS,Departure Points,Antalya,AYT,3090
DEPARTUREAIRPORTS,Departure Points,Barcelona,BCN,3091
DEPARTUREAIRPORTS,Departure Points,Brindisi Salento,BDS,3092
DEPARTUREAIRPORTS,Departure Points,Belfast International,BFS,3093
DEPARTUREAIRPORTS,Departure Points,Berlin Brandenburg,BER,3094
DEPARTUREAIRPORTS,Departure Points,Birmingham,BHX,3095
DEPARTUREAIRPORTS,Departure Points,Bergen Flesland,BGO,3096
DEPARTUREAIRPORTS,Departure Points,Barbados,BGI,3097
DEPARTUREAIRPORTS,Departure Points,Milan Bergamo,BGY,3098
DEPARTUREAIRPORTS,Departure Points,Belfast City,BHD,3099
DEPARTUREAIRPORTS,Departure Points,Bologna,BLQ,3100
DEPARTUREAIRPORTS,Departure Points,Bordeaux Merignac,BOD,3101
DEPARTUREAIRPORTS,Departure Points,Bourgas,BOJ,3102
DEPARTUREAIRPORTS,Departure Points,Nashville,BNA,3103
DEPARTUREAIRPORTS,Departure Points,Boston Logan International,BOS,3104
DEPARTUREAIRPORTS,Departure Points,Biarritz,BIQ,3105
DEPARTUREAIRPORTS,Departure Points,Bangkok International,BKK,3106
DEPARTUREAIRPORTS,Departure Points,Bournemouth,BOH,3107
DEPARTUREAIRPORTS,Departure Points,Milas Bodrum,BJV,3108
DEPARTUREAIRPORTS,Departure Points,Bilbao,BIO,3109
DEPARTUREAIRPORTS,Departure Points,Banjul International Airport,BJL,3110
DEPARTUREAIRPORTS,Departure Points,Brussels,BRU,3111
DEPARTUREAIRPORTS,Departure Points,Bristol,BRS,3112
DEPARTUREAIRPORTS,Departure Points,Basel Mulhouse Freiburg,BSL,3113
DEPARTUREAIRPORTS,Departure Points,Budapest,BUD,3114
DEPARTUREAIRPORTS,Departure Points,Boa Vista,BVC,3115
DEPARTUREAIRPORTS,Departure Points,Cagliari Elmas,CAG,3116
DEPARTUREAIRPORTS,Departure Points,Paris Beauvais,BVA,3117
DEPARTUREAIRPORTS,Departure Points,Cologne Bonn,CGN,3118
DEPARTUREAIRPORTS,Departure Points,Cairo International,CAI,3119
DEPARTUREAIRPORTS,Departure Points,Corfu,CFU,3120
DEPARTUREAIRPORTS,Departure Points,Paris Charles de Gaulle,CDG,3121
DEPARTUREAIRPORTS,Departure Points,Rome Ciampino,CIA,3122
DEPARTUREAIRPORTS,Departure Points,Chambéry,CMF,3123
DEPARTUREAIRPORTS,Departure Points,Colombo International,CMB,3124
DEPARTUREAIRPORTS,Departure Points,Casablanca Mohammed V,CMN,3125
DEPARTUREAIRPORTS,Departure Points,Crete Chania,CHQ,3126
DEPARTUREAIRPORTS,Departure Points,Cape Town International,CPT,3127
DEPARTUREAIRPORTS,Departure Points,Copenhagen,CPH,3128
DEPARTUREAIRPORTS,Departure Points,Brussels South Charleroi,CRL,3129
DEPARTUREAIRPORTS,Departure Points,Sicily Catania,CTA,3130
DEPARTUREAIRPORTS,Departure Points,New Chitose,CTS,3131
DEPARTUREAIRPORTS,Departure Points,Curacao International,CUR,3132
DEPARTUREAIRPORTS,Departure Points,Cancun,CUN,3133
DEPARTUREAIRPORTS,Departure Points,Cardiff,CWL,3134
DEPARTUREAIRPORTS,Departure Points,Dubrovnik,DBV,3135
DEPARTUREAIRPORTS,Departure Points,Blaise Diagne International,DSS,3136
DEPARTUREAIRPORTS,Departure Points,Djerba Island,DJE,3137
DEPARTUREAIRPORTS,Departure Points,Dalaman,DLM,3138
DEPARTUREAIRPORTS,Departure Points,Dublin,DUB,3139
DEPARTUREAIRPORTS,Departure Points,Indira Gandhi,DEL,3140
DEPARTUREAIRPORTS,Departure Points,Ngurah Rai International,DPS,3141
DEPARTUREAIRPORTS,Departure Points,Dusseldorf,DUS,3142
DEPARTUREAIRPORTS,Departure Points,Hamad International,DOH,3143
DEPARTUREAIRPORTS,Departure Points,Denver International,DEN,3144
DEPARTUREAIRPORTS,Departure Points,Dubai International,DXB,3145
DEPARTUREAIRPORTS,Departure Points,Kefalonia,EFL,3146
DEPARTUREAIRPORTS,Departure Points,Essaouira Mogador,ESU,3147
DEPARTUREAIRPORTS,Departure Points,Dubai Al Maktoum,DWC,3148
DEPARTUREAIRPORTS,Departure Points,San Sebastian,EAS,3149
DEPARTUREAIRPORTS,Departure Points,Edinburgh,EDI,3150
DEPARTUREAIRPORTS,Departure Points,East Midlands,EMA,3151
DEPARTUREAIRPORTS,Departure Points,Faro,FAO,3152
DEPARTUREAIRPORTS,Departure Points,Newark Liberty International,EWR,3153
DEPARTUREAIRPORTS,Departure Points,Rome,FCO,3154
DEPARTUREAIRPORTS,Departure Points,Exeter,EXT,3155
DEPARTUREAIRPORTS,Departure Points,Fuerteventura,FUE,3156
DEPARTUREAIRPORTS,Departure Points,Fes Saiss,FEZ,3157
DEPARTUREAIRPORTS,Departure Points,Genoa,GOA,3158
DEPARTUREAIRPORTS,Departure Points,Manohar International Airport,GOX,3159
DEPARTUREAIRPORTS,Departure Points,Frankfurt,FRA,3160
DEPARTUREAIRPORTS,Departure Points,Madeira,FNC,3161
DEPARTUREAIRPORTS,Departure Points,Florence,FLR,3162
DEPARTUREAIRPORTS,Departure Points,Maurice Bishop,GND,3163
DEPARTUREAIRPORTS,Departure Points,Gdansk Lech Walesa,GDN,3164
DEPARTUREAIRPORTS,Departure Points,Girona Costa Brava,GRO,3165
DEPARTUREAIRPORTS,Departure Points,Glasgow,GLA,3166
DEPARTUREAIRPORTS,Departure Points,Rio de Janeiro,GIG,3167
DEPARTUREAIRPORTS,Departure Points,Gibraltar,GIB,3168
DEPARTUREAIRPORTS,Departure Points,Geneva,GVA,3169
DEPARTUREAIRPORTS,Departure Points,Hamburg,HAM,3170
DEPARTUREAIRPORTS,Departure Points,Crete Heraklion,HER,3171
DEPARTUREAIRPORTS,Departure Points,Helsinki,HEL,3172
DEPARTUREAIRPORTS,Departure Points,Granada,GRX,3173
DEPARTUREAIRPORTS,Departure Points,Humberside,HUY,3174
DEPARTUREAIRPORTS,Departure Points,Washington Dulles International,IAD,3175
DEPARTUREAIRPORTS,Departure Points,Phuket,HKT,3176
DEPARTUREAIRPORTS,Departure Points,Tokya Haneda,HND,3177
DEPARTUREAIRPORTS,Departure Points,Hurghada,HRG,3178
DEPARTUREAIRPORTS,Departure Points,Innsbruck,INN,3179
DEPARTUREAIRPORTS,Departure Points,Inverness,INV,3180
DEPARTUREAIRPORTS,Departure Points,Ibiza,IBZ,3181
DEPARTUREAIRPORTS,Departure Points,Istanbul,IST,3182
DEPARTUREAIRPORTS,Departure Points,Jersey,JER,3183
DEPARTUREAIRPORTS,Departure Points,Ivalo,IVL,3184
DEPARTUREAIRPORTS,Departure Points,John F. Kennedy International,JFK,3185
DEPARTUREAIRPORTS,Departure Points,Mykonos,JMK,3186
DEPARTUREAIRPORTS,Departure Points,OR Tambo International,JNB,3187
DEPARTUREAIRPORTS,Departure Points,Kajaani,KAJ,3188
DEPARTUREAIRPORTS,Departure Points,Santorini,JTR,3189
DEPARTUREAIRPORTS,Departure Points,Skiathos,JSI,3190
DEPARTUREAIRPORTS,Departure Points,Kuusamo,KAO,3191
DEPARTUREAIRPORTS,Departure Points,Kos,KGS,3192
DEPARTUREAIRPORTS,Departure Points,Keflavik International,KEF,3193
DEPARTUREAIRPORTS,Departure Points,Kalamata International,KLX,3194
DEPARTUREAIRPORTS,Departure Points,Kuala Lumpur International,KUL,3195
DEPARTUREAIRPORTS,Departure Points,Kittila,KTT,3196
DEPARTUREAIRPORTS,Departure Points,Krakow John Paul II International,KRK,3197
DEPARTUREAIRPORTS,Departure Points,McCarran International,LAS,3198
DEPARTUREAIRPORTS,Departure Points,Los Angeles International,LAX,3199
DEPARTUREAIRPORTS,Departure Points,Kavala,KVA,3200
DEPARTUREAIRPORTS,Departure Points,Leeds Bradford,LBA,3201
DEPARTUREAIRPORTS,Departure Points,Almeria,LEI,3202
DEPARTUREAIRPORTS,Departure Points,London City,LCY,3203
DEPARTUREAIRPORTS,Departure Points,Larnaca,LCA,3204
DEPARTUREAIRPORTS,Departure Points,A Coruna,LCG,3205
DEPARTUREAIRPORTS,Departure Points,London Heathrow,LHR,3206
DEPARTUREAIRPORTS,Departure Points,Jorge Chavez International,LIM,3207
DEPARTUREAIRPORTS,Departure Points,London Gatwick,LGW,3208
DEPARTUREAIRPORTS,Departure Points,Lombok International,LOP,3209
DEPARTUREAIRPORTS,Departure Points,Lisbon,LIS,3210
DEPARTUREAIRPORTS,Departure Points,Liberia,LIR,3211
DEPARTUREAIRPORTS,Departure Points,Ljubljana,LJU,3212
DEPARTUREAIRPORTS,Departure Points,Milan Linate,LIN,3213
DEPARTUREAIRPORTS,Departure Points,London Luton,LTN,3214
DEPARTUREAIRPORTS,Departure Points,Liverpool John Lennon,LPL,3215
DEPARTUREAIRPORTS,Departure Points,La Romana,LRM,3216
DEPARTUREAIRPORTS,Departure Points,Gran Canaria,LPA,3217
DEPARTUREAIRPORTS,Departure Points,Lyon Saint Exupery,LYS,3218
DEPARTUREAIRPORTS,Departure Points,Luxor,LXR,3219
DEPARTUREAIRPORTS,Departure Points,Luxembourg,LUX,3220
DEPARTUREAIRPORTS,Departure Points,Manchester,MAN,3221
DEPARTUREAIRPORTS,Departure Points,Menorca,MAH,3222
DEPARTUREAIRPORTS,Departure Points,Madrid-Barajas,MAD,3223
DEPARTUREAIRPORTS,Departure Points,Muscat International,MCT,3224
DEPARTUREAIRPORTS,Departure Points,Mombasa,MBA,3225
DEPARTUREAIRPORTS,Departure Points,Montego Bay,MBJ,3226
DEPARTUREAIRPORTS,Departure Points,Orlando International,MCO,3227
DEPARTUREAIRPORTS,Departure Points,Mexico City International,MEX,3228
DEPARTUREAIRPORTS,Departure Points,Melbourne Orlando International,MLB,3229
DEPARTUREAIRPORTS,Departure Points,Malta,MLA,3230
DEPARTUREAIRPORTS,Departure Points,Miami International,MIA,3231
DEPARTUREAIRPORTS,Departure Points,Teesside International,MME,3232
DEPARTUREAIRPORTS,Departure Points,Male,MLE,3233
DEPARTUREAIRPORTS,Departure Points,Montpellier Mediterranee,MPL,3234
DEPARTUREAIRPORTS,Departure Points,Mauritius,MRU,3235
DEPARTUREAIRPORTS,Departure Points,Naples,NAP,3236
DEPARTUREAIRPORTS,Departure Points,Marseille Provence,MRS,3237
DEPARTUREAIRPORTS,Departure Points,Munich,MUC,3238
DEPARTUREAIRPORTS,Departure Points,Milan Malpensa,MXP,3239
DEPARTUREAIRPORTS,Departure Points,Louis Armstrong New Orleans International,MSY,3240
DEPARTUREAIRPORTS,Departure Points,Nassau International,NAS,3241
DEPARTUREAIRPORTS,Departure Points,Jomo Kenyatta International,NBO,3242
DEPARTUREAIRPORTS,Departure Points,Enfidha Hammamet,NBE,3243
DEPARTUREAIRPORTS,Departure Points,Norwich,NWI,3244
DEPARTUREAIRPORTS,Departure Points,Ireland West,NOC,3245
DEPARTUREAIRPORTS,Departure Points,Nuremberg,NUE,3246
DEPARTUREAIRPORTS,Departure Points,Nice Cote DAzur,NCE,3247
DEPARTUREAIRPORTS,Departure Points,Tokyo Narita,NRT,3248
DEPARTUREAIRPORTS,Departure Points,OHare International,ORD,3249
DEPARTUREAIRPORTS,Departure Points,Newcastle,NCL,3250
DEPARTUREAIRPORTS,Departure Points,Porto,OPO,3251
DEPARTUREAIRPORTS,Departure Points,Ohrid St Paul The Apostle,OHD,3252
DEPARTUREAIRPORTS,Departure Points,Olbia,OLB,3253
DEPARTUREAIRPORTS,Departure Points,Oslo,OSL,3254
DEPARTUREAIRPORTS,Departure Points,Perugia,PEG,3255
DEPARTUREAIRPORTS,Departure Points,Prague,PRG,3256
DEPARTUREAIRPORTS,Departure Points,Pisa,PSA,3257
DEPARTUREAIRPORTS,Departure Points,Paphos,PFO,3258
DEPARTUREAIRPORTS,Departure Points,Bucharest,OTP,3259
DEPARTUREAIRPORTS,Departure Points,Palma de Mallorca,PMI,3260
DEPARTUREAIRPORTS,Departure Points,Cork,ORK,3261
DEPARTUREAIRPORTS,Departure Points,Palermo,PMO,3262
DEPARTUREAIRPORTS,Departure Points,Praslin Island,PRI,3263
DEPARTUREAIRPORTS,Departure Points,Beijing Capital International,PEK,3264
DEPARTUREAIRPORTS,Departure Points,Paris Orly,ORY,3265
DEPARTUREAIRPORTS,Departure Points,Preveza Lefkas,PVK,3266
DEPARTUREAIRPORTS,Departure Points,Punta Cana,PUJ,3267
DEPARTUREAIRPORTS,Departure Points,Rabat Sale,RBA,3268
DEPARTUREAIRPORTS,Departure Points,Marrakech,RAK,3269
DEPARTUREAIRPORTS,Departure Points,Puerto Vallarta,PVR,3270
DEPARTUREAIRPORTS,Departure Points,Reus,REU,3271
DEPARTUREAIRPORTS,Departure Points,Pula,PUY,3272
DEPARTUREAIRPORTS,Departure Points,Ras Al Khaimah International,RKT,3273
DEPARTUREAIRPORTS,Departure Points,Riga International,RIX,3274
DEPARTUREAIRPORTS,Departure Points,Rijeka,RJK,3275
DEPARTUREAIRPORTS,Departure Points,Rhodes,RHO,3276
DEPARTUREAIRPORTS,Departure Points,Marsa Alam,RMF,3277
DEPARTUREAIRPORTS,Departure Points,Rovaniemi,RVN,3278
DEPARTUREAIRPORTS,Departure Points,Santiago-Rosalia,SCQ,3279
DEPARTUREAIRPORTS,Departure Points,Murcia International,RMU,3280
DEPARTUREAIRPORTS,Departure Points,Salen Trysil,SCR,3281
DEPARTUREAIRPORTS,Departure Points,Seattle-Tacoma International,SEA,3282
DEPARTUREAIRPORTS,Departure Points,Las America International,SDQ,3283
DEPARTUREAIRPORTS,Departure Points,London Southend,SEN,3284
DEPARTUREAIRPORTS,Departure Points,San Francisco International,SFO,3285
DEPARTUREAIRPORTS,Departure Points,Seychelles International,SEZ,3286
DEPARTUREAIRPORTS,Departure Points,Tan Son Nhat International,SGN,3287
DEPARTUREAIRPORTS,Departure Points,Juan Santamaria,SJO,3288
DEPARTUREAIRPORTS,Departure Points,Thessaloniki,SKG,3289
DEPARTUREAIRPORTS,Departure Points,Sal,SID,3290
DEPARTUREAIRPORTS,Departure Points,Sofia,SOF,3291
DEPARTUREAIRPORTS,Departure Points,Samos,SMI,3292
DEPARTUREAIRPORTS,Departure Points,La Palma,SPC,3293
DEPARTUREAIRPORTS,Departure Points,Singapore Changi,SIN,3294
DEPARTUREAIRPORTS,Departure Points,Sharm El Sheikh,SSH,3295
DEPARTUREAIRPORTS,Departure Points,Split,SPU,3296
DEPARTUREAIRPORTS,Departure Points,Southampton,SOU,3297
DEPARTUREAIRPORTS,Departure Points,Stuttgart,STR,3298
DEPARTUREAIRPORTS,Departure Points,Shannon,SNN,3299
DEPARTUREAIRPORTS,Departure Points,London Stansted,STN,3300
DEPARTUREAIRPORTS,Departure Points,Lamezia Terme,SUF,3301
DEPARTUREAIRPORTS,Departure Points,Seville,SVQ,3302
DEPARTUREAIRPORTS,Departure Points,Strasbourg,SXB,3303
DEPARTUREAIRPORTS,Departure Points,Arthur Napoleon Raymond Robinson International,TAB,3304
DEPARTUREAIRPORTS,Departure Points,Taba,TCP,3305
DEPARTUREAIRPORTS,Departure Points,Tenerife South,TFS,3306
DEPARTUREAIRPORTS,Departure Points,Tivat,TIV,3307
DEPARTUREAIRPORTS,Departure Points,Salzburg,SZG,3308
DEPARTUREAIRPORTS,Departure Points,Tirana International,TIA,3309
DEPARTUREAIRPORTS,Departure Points,Tallinn,TLL,3310
DEPARTUREAIRPORTS,Departure Points,Toulouse-Blagnac,TLS,3311
DEPARTUREAIRPORTS,Departure Points,Tromso,TOS,3312
DEPARTUREAIRPORTS,Departure Points,Treviso,TSF,3313
DEPARTUREAIRPORTS,Departure Points,Tangier Ibn Battouta,TNG,3314
DEPARTUREAIRPORTS,Departure Points,Turin,TRN,3315
DEPARTUREAIRPORTS,Departure Points,Hewanorra International,UVF,3316
DEPARTUREAIRPORTS,Departure Points,Varna,VAR,3317
DEPARTUREAIRPORTS,Departure Points,Vilnius International,VNO,3318
DEPARTUREAIRPORTS,Departure Points,Venice,VCE,3319
DEPARTUREAIRPORTS,Departure Points,Vienna,VIE,3320
DEPARTUREAIRPORTS,Departure Points,Valencia,VLC,3321
DEPARTUREAIRPORTS,Departure Points,Verona,VRN,3322
DEPARTUREAIRPORTS,Departure Points,Samui International,USM,3323
DEPARTUREAIRPORTS,Departure Points,Warsaw Choprin,WAW,3324
DEPARTUREAIRPORTS,Departure Points,Halifax Stanfield International,YHZ,3325
DEPARTUREAIRPORTS,Departure Points,Montreal,YUL,3326
DEPARTUREAIRPORTS,Departure Points,Jerez,XRY,3327
DEPARTUREAIRPORTS,Departure Points,Vancouver International,YVR,3328
DEPARTUREAIRPORTS,Departure Points,Toronto Pearson International,YYZ,3329
DEPARTUREAIRPORTS,Departure Points,Zagreb Franjo Tudman,ZAG,3330
DEPARTUREAIRPORTS,Departure Points,Calgary International,YYC,3331
DEPARTUREAIRPORTS,Departure Points,Abeid Amani Karume International,ZNZ,3332
DEPARTUREAIRPORTS,Departure Points,Zurich,ZRH,3333
DEPARTUREAIRPORTS,Departure Points,Zante,ZTH,3334
DEPARTUREAIRPORTS,Departure Points,Sharjah Intl. Airport,SHJ,3335
DEPARTUREAIRPORTS,Departure Points,Fujairah Intl. Airport,FJR,3336
DEPARTUREAIRPORTS,Departure Points,Jardines del Rey Apt,CCC,3337
DEPARTUREAIRPORTS,Departure Points,Juan G. Gomez Airport,VRA,3338
DEPARTUREAIRPORTS,Departure Points,Frank Pais Airport,HOG,3339
DEPARTUREAIRPORTS,Departure Points,Jose Marti Airport,HVA,3340
DEPARTUREAIRPORTS,Departure Points,Abel S.Maria Airport,SNU,3341
DEPARTUREAIRPORTS,Departure Points,El Catey Airport,AZS,3342
DEPARTUREAIRPORTS,Departure Points,La Union Airport,POP,3343
DEPARTUREAIRPORTS,Departure Points,Dabolim Airport,GOI,3344
DEPARTUREAIRPORTS,Departure Points,Cozumel Intl Airport,CZM,3345
DEPARTUREAIRPORTS,Departure Points,Lambert-St Louis,STL,3346
DEPARTUREAIRPORTS,Departure Points,Mississipp Airport,JAN,3347
DEPARTUREAIRPORTS,Departure Points,Minneapolis Airport,MSP,3348
DEPARTUREAIRPORTS,Departure Points,Detroit Airport,DTW,3349
DEPARTUREAIRPORTS,Departure Points,Baltimore Washington Airport,BWI,3350
DEPARTUREAIRPORTS,Departure Points,Bangor International,BGR,3351
DEPARTUREAIRPORTS,Departure Points,Alburquerque International,ABQ,3352
DEPARTUREAIRPORTS,Departure Points,New Hampshire Airport,MHT,3353
DEPARTUREAIRPORTS,Departure Points,Reno/Tahoe International Airport,RNO,3354
DEPARTUREAIRPORTS,Departure Points,Appley Airfield,OMA,3355
DEPARTUREAIRPORTS,Departure Points,Montana Airport,BIL,3356
DEPARTUREAIRPORTS,Departure Points,Standiford Field,SDF,3357
DEPARTUREAIRPORTS,Departure Points,Wyoming Airport,JAC,3358
DEPARTUREAIRPORTS,Departure Points,General Mitchell,MKE,3359
DEPARTUREAIRPORTS,Departure Points,West Virgina Airport,CRW,3360
DEPARTUREAIRPORTS,Departure Points,Tampa International,TPA,3361
DEPARTUREAIRPORTS,Departure Points,Southwest Florida,RSW,3362
DEPARTUREAIRPORTS,Departure Points,Fort Lauderdale International,FLL,3363
DEPARTUREAIRPORTS,Departure Points,Harford Bradley International,BDL,3364
DEPARTUREAIRPORTS,Departure Points,San Jose Airport,SJC,3365
DEPARTUREAIRPORTS,Departure Points,San Diego Airport,SAN,3366
DEPARTUREAIRPORTS,Departure Points,Sacramento Airport,SMF,3367
DEPARTUREAIRPORTS,Departure Points,Arkansas Airport,LIT,3368
DEPARTUREAIRPORTS,Departure Points,Phoenix Airport,PHX,3369
DEPARTUREAIRPORTS,Departure Points,Birmingham Shuttlesworth Airport,BHM,3370
DEPARTUREAIRPORTS,Departure Points,Anchorage Airport,ANC,3371
DEPARTUREAIRPORTS,Departure Points,Orlando Sanford Airport,SFB,3372
DEPARTUREAIRPORTS,Departure Points,Washington Airport,GEG,3373
DEPARTUREAIRPORTS,Departure Points,Virginia Airport,ORF,3374
DEPARTUREAIRPORTS,Departure Points,Richmond Airport,RIC,3375
DEPARTUREAIRPORTS,Departure Points,Vermont Airport,BTV,3376
DEPARTUREAIRPORTS,Departure Points,Salt Lake City Airport,SLC,3377
DEPARTUREAIRPORTS,Departure Points,San Antonio Airport,SAT,3378
DEPARTUREAIRPORTS,Departure Points,Houston Airport,IAH,3379
DEPARTUREAIRPORTS,Departure Points,Iowa Airport,BRL,3380
DEPARTUREAIRPORTS,Departure Points,Indianapolis International,IND,3381
DEPARTUREAIRPORTS,Departure Points,Chicago Airport,MDW,3382
DEPARTUREAIRPORTS,Departure Points,Fort Worth International,DFW,3383
DEPARTUREAIRPORTS,Departure Points,Texas Airport,AUS,3384
DEPARTUREAIRPORTS,Departure Points,Memphis International,MEM,3385
DEPARTUREAIRPORTS,Departure Points,South Dakota Airport,RAP,3386
DEPARTUREAIRPORTS,Departure Points,South Carolina,CHS,3387
DEPARTUREAIRPORTS,Departure Points,Theodore Francis,PVD,3388
DEPARTUREAIRPORTS,Departure Points,Philadelphia International,PHL,3389
DEPARTUREAIRPORTS,Departure Points,Pittsburg International Airport,PIT,3390
DEPARTUREAIRPORTS,Departure Points,Portland International Airport,PDX,3391
DEPARTUREAIRPORTS,Departure Points,Tulsa International,TUL,3392
DEPARTUREAIRPORTS,Departure Points,Hopkins International,CLE,3393
DEPARTUREAIRPORTS,Departure Points,Port Columbus International,CMH,3394
DEPARTUREAIRPORTS,Departure Points,Cincinnati International Airport,CVG,3395
DEPARTUREAIRPORTS,Departure Points,North Dakota Airport,BIS,3396
DEPARTUREAIRPORTS,Departure Points,North Carolina,RDU,3397
DEPARTUREAIRPORTS,Departure Points,North Carolina Airport,CLT,3398
DEPARTUREAIRPORTS,Departure Points,New York Airport,LGA,3399
DEPARTUREAIRPORTS,Departure Points,Boise Airport,BOI,3400
DEPARTUREAIRPORTS,Departure Points,Hawaii Island Airport,ITO,3401
DEPARTUREAIRPORTS,Departure Points,Hawaii Airport,OGG,3403
DEPARTUREAIRPORTS,Departure Points,Kauai Island,LIH,3405
DEPARTUREAIRPORTS,Departure Points,Honolulu International,HNL,3406
DEPARTUREAIRPORTS,Departure Points,Friedrichshafen Airport,FDH,3407
DEPARTUREAIRPORTS,Departure Points,Buenos Aires Airport,EZE,3408
DEPARTUREAIRPORTS,Departure Points,Grand Bahama International,FPO,3409
DEPARTUREAIRPORTS,Departure Points,Krabi Airport,KBV,3410
DEPARTUREAIRPORTS,Departure Points,Hua Hin Apt,HHQ,3411
DEPARTUREAIRPORTS,Departure Points,Phu Quoc Island Airport,PQC,3412
DEPARTUREAIRPORTS,Departure Points,Hanoi Noi Bai Intl,HAN,3413
DEPARTUREAIRPORTS,Departure Points,Wick Airport,WIC,3414
DEPARTUREAIRPORTS,Departure Points,Whalsay Airport,WHS,3415
DEPARTUREAIRPORTS,Departure Points,Westray Airport,WRY,3416
DEPARTUREAIRPORTS,Departure Points,Tiree Airport,TRE,3417
DEPARTUREAIRPORTS,Departure Points,Stronoway Airport,SYY,3418
DEPARTUREAIRPORTS,Departure Points,Stronsay Airport,SOY,3419
DEPARTUREAIRPORTS,Departure Points,Oban North Connel Airport,OBN,3420
DEPARTUREAIRPORTS,Departure Points,Papa Westray Airport,PPW,3421
DEPARTUREAIRPORTS,Departure Points,North Ronaldsay Airport,NRL,3422
DEPARTUREAIRPORTS,Departure Points,Newquay Cornwall Airport,NQY,3423
DEPARTUREAIRPORTS,Departure Points,Sanday Airport,NDY,3424
DEPARTUREAIRPORTS,Departure Points,Manston Kent International Apt,MSE,3425
DEPARTUREAIRPORTS,Departure Points,Lydd London Ashford Airport,LYX,3426
DEPARTUREAIRPORTS,Departure Points,Tingwall Apt,LWK,3427
DEPARTUREAIRPORTS,Departure Points,Sumburgh Apt,LSI,3428
DEPARTUREAIRPORTS,Departure Points,Lands End St Just Airport,LEQ,3429
DEPARTUREAIRPORTS,Departure Points,RAF Marham,KNF,3430
DEPARTUREAIRPORTS,Departure Points,St Marys Apt,ISC,3431
DEPARTUREAIRPORTS,Departure Points,Coventry Airport,COV,3432
DEPARTUREAIRPORTS,Departure Points,Colonsay Airport,CSA,3433
DEPARTUREAIRPORTS,Departure Points,Coll Airport,COL,3434
DEPARTUREAIRPORTS,Departure Points,Kirkwall Airport,KOI,3435
DEPARTUREAIRPORTS,Departure Points,Islay Airport,ILY,3436
DEPARTUREAIRPORTS,Departure Points,Gloucestershire Airport,GLO,3437
DEPARTUREAIRPORTS,Departure Points,Eday Airport,EOI,3438
DEPARTUREAIRPORTS,Departure Points,Dundee Airport,DND,3439
DEPARTUREAIRPORTS,Departure Points,Benbecula Airport,BEB,3440
DEPARTUREAIRPORTS,Departure Points,Cambridge Airport,CBG,3441
DEPARTUREAIRPORTS,Departure Points,Campbeltown Airport,CAL,3442
DEPARTUREAIRPORTS,Departure Points,Barra Airport,BRR,3443
DEPARTUREAIRPORTS,Departure Points,Glasgow Prestwick Airport,PIK,3444
DEPARTUREAIRPORTS,Departure Points,Ronaldsway Airport,IOM,3445
DEPARTUREAIRPORTS,Departure Points,Guernsey Airport,GCI,3446
DEPARTUREAIRPORTS,Departure Points,Blackpool Airport,BLK,3447
DEPARTUREAIRPORTS,Departure Points,City Of Derry Airport,LDY,3448
DEPARTUREAIRPORTS,Departure Points,Doncaster Robin Hood Airport,DSA,3449
DEPARTUREAIRPORTS,Departure Points,Nelson Mandela Airport,RAI,3450
DEPARTUREAIRPORTS,Departure Points,Agostinho Neto Apt,NTO,3451
DEPARTUREAIRPORTS,Departure Points,Sao Pedro Airport,VXE,3452
DEPARTUREAIRPORTS,Departure Points,Sao Filipe Airport,SFL,3453
DEPARTUREAIRPORTS,Departure Points,Aswan Airport,ASW,3454
DEPARTUREAIRPORTS,Departure Points,Oulu Airport,OUL,3455
DEPARTUREAIRPORTS,Departure Points,Enontekio Airport,ENF,3456
DEPARTUREAIRPORTS,Departure Points,Omiros Airport,JKH,3457
DEPARTUREAIRPORTS,Departure Points,Araxos Airport,GPA,3458
DEPARTUREAIRPORTS,Departure Points,Odysseas Elytis Airport,MJT,3459
DEPARTUREAIRPORTS,Departure Points,Fertilia Airport,AHO,3460
DEPARTUREAIRPORTS,Departure Points,Porto Santo Island Airport,PXO,3461
DEPARTUREAIRPORTS,Departure Points,Billund Airport,BLL,3462
DEPARTUREAIRPORTS,Departure Points,Ajaccio N.Bonaparte Apt,AJA,3463
DEPARTUREAIRPORTS,Departure Points,Kerry Airport,KIR,3464
DEPARTUREAIRPORTS,Departure Points,Kallax Airport,LLA,3465
DEPARTUREAIRPORTS,Departure Points,Exmouth Gulf,EXM,3466
DEPARTUREAIRPORTS,Departure Points,Carnarvon,CVQ,3467
DEPARTUREAIRPORTS,Departure Points,Broome,BME,3468
DEPARTUREAIRPORTS,Departure Points,Darwin International,DRW,3469
DEPARTUREAIRPORTS,Departure Points,Alice Springs,ASP,3470
DEPARTUREAIRPORTS,Departure Points,Hobart International,HBA,3471
DEPARTUREAIRPORTS,Departure Points,Canberra International,CBR,3472
DEPARTUREAIRPORTS,Departure Points,Melbourne Airport,MEL,3473
DEPARTUREAIRPORTS,Departure Points,Sydney Airport,SYD,3474
DEPARTUREAIRPORTS,Departure Points,Adelaide International,ADL,3475
DEPARTUREAIRPORTS,Departure Points,Kalgoorlie,KGI,3476
DEPARTUREAIRPORTS,Departure Points,Perth,PER,3477
DEPARTUREAIRPORTS,Departure Points,Cairns,CNS,3478
DEPARTUREAIRPORTS,Departure Points,Brisbane,BNE,3479
DEPARTUREAIRPORTS,Departure Points,Test Airport,XXX,3480
DEPARTUREAIRPORTS,Departure Points,Aalborg,AAL,3481
DEPARTUREAIRPORTS,Departure Points,Bari,BRI,3482
DEPARTUREAIRPORTS,Departure Points,Goeteborg / Landvetter,GOT,3483
DEPARTUREAIRPORTS,Departure Points,Melilla,MLN,3484
DEPARTUREAIRPORTS,Departure Points,Oslo / Moss Rygge,RYG,3485
DEPARTUREAIRPORTS,Departure Points,Stavanger,SVG,3486
DEPARTUREAIRPORTS,Departure Points,Teneriffa Nord,TFN,3487
DEPARTUREAIRPORTS,Departure Points,Tel Aviv / Ben Gurion Intl,TLV,3488
DEPARTUREAIRPORTS,Departure Points,Trondheim,TRD,3489
DEPARTUREAIRPORTS,Departure Points,Oslo / Sandefjord Torp,TRF,3490
DEPARTUREAIRPORTS,Departure Points,Berlin-Tegel,TXL,3491
DEPARTUREAIRPORTS,Departure Points,Moskau Domodedovo,DME,3492
DEPARTUREAIRPORTS,Departure Points,Oviedo Asturias,OVD,3493
DEPARTUREAIRPORTS,Departure Points,Chengdu / Shuangliu Intl Airport,CTU,3494
DEPARTUREAIRPORTS,Departure Points,Shanghai / Pudong Int Airport,PVG,3495
DEPARTUREAIRPORTS,Departure Points,Murcia / San Javier Airport,MJV,3496
DEPARTUREAIRPORTS,Departure Points,Corsica / Bastia Poretta Airport,BIA,3497
DEPARTUREAIRPORTS,Departure Points,Corsica / Figari Sud Corse Airport,FSC,3498
DEPARTUREAIRPORTS,Departure Points,Sion Airport,SIR,3499
DEPARTUREAIRPORTS,Departure Points,Hong Kong International Airport,HKG,3500
DEPARTUREAIRPORTS,Departure Points,Oakland International Airport,OAK,3501
DEPARTUREAIRPORTS,Departure Points,St. Johns International Airport,YYT,3502
DEPARTUREAIRPORTS,Departure Points,King Khalid International Airport,RUH,3503
DEPARTUREAIRPORTS,Departure Points,Chennai International Airport,MAA,3504
DEPARTUREAIRPORTS,Departure Points,Chhatrapati Shivaji International Airport,BOM,3505
DEPARTUREAIRPORTS,Departure Points,Bahrain International Airport,BAH,3506
DEPARTUREAIRPORTS,Departure Points,Ottawa Macdonald–Cartier International Airport,YOW,3507
ACCOMMODATIONTYPE,Holiday type: Accommodation type,Hotel',HOTEL,3508
ACCOMMODATIONTYPE,Holiday type: Accommodation type,Villa',VILLA,3509
HOLIDAYDEPARTUREDATE,Dates & duration: Dates,e.g. '2025-09-19,e.g. '2025-09-19,3510
DURATIONS ,Dates & duration: Durations,e.g. '7,e.g.'7,3511
TRIPRATING,Rating: tripadvisor,1 and over,1,3512
TRIPRATING,Rating: tripadvisor,2 and over,2,3513
TRIPRATING,Rating: tripadvisor,3 and over,3,3514
TRIPRATING,Rating: tripadvisor,4 and over,4,3515
TRIPRATING,Rating: tripadvisor,5 and over,5,3516
